2026-06-20 08:24:18 [background-preinit] INFO  org.hibernate.validator.internal.util.Version - HV000001: Hibernate Validator 8.0.1.Final
2026-06-20 08:24:18 [main] INFO  org.xiaoxu.PermissionApplication - Starting PermissionApplication using Java 17.0.12 with PID 43104 (E:\programs\java_arsenal\permission-system\target\classes started by tingq in E:\programs\java_arsenal)
2026-06-20 08:24:18 [main] INFO  org.xiaoxu.PermissionApplication - The following 1 profile is active: "local"
2026-06-20 08:24:19 [main] INFO  o.s.d.r.config.RepositoryConfigurationDelegate - Multiple Spring Data modules found, entering strict repository configuration mode
2026-06-20 08:24:19 [main] INFO  o.s.d.r.config.RepositoryConfigurationDelegate - Bootstrapping Spring Data Redis repositories in DEFAULT mode.
2026-06-20 08:24:20 [main] INFO  o.s.d.r.config.RepositoryConfigurationDelegate - Finished Spring Data repository scanning in 36 ms. Found 0 Redis repository interfaces.
2026-06-20 08:24:20 [main] WARN  o.s.c.s.PostProcessorRegistrationDelegate$BeanPostProcessorChecker - Bean 'com.alicp.jetcache.anno.config.JetCacheProxyConfiguration' of type [com.alicp.jetcache.anno.config.JetCacheProxyConfiguration$$SpringCGLIB$$0] is not eligible for getting processed by all BeanPostProcessors (for example: not eligible for auto-proxying). Is this bean getting eagerly injected into a currently created BeanPostProcessor [meterRegistryPostProcessor]? Check the corresponding BeanPostProcessor declaration and its dependencies.
2026-06-20 08:24:20 [main] WARN  o.s.c.s.PostProcessorRegistrationDelegate$BeanPostProcessorChecker - Bean 'com.alicp.jetcache.anno.config.CommonConfiguration' of type [com.alicp.jetcache.anno.config.CommonConfiguration$$SpringCGLIB$$0] is not eligible for getting processed by all BeanPostProcessors (for example: not eligible for auto-proxying). Is this bean getting eagerly injected into a currently created BeanPostProcessor [meterRegistryPostProcessor]? Check the corresponding BeanPostProcessor declaration and its dependencies.
2026-06-20 08:24:21 [main] INFO  o.s.boot.web.embedded.tomcat.TomcatWebServer - Tomcat initialized with port 13690 (http)
2026-06-20 08:24:21 [main] INFO  org.apache.coyote.http11.Http11NioProtocol - Initializing ProtocolHandler ["http-nio-13690"]
2026-06-20 08:24:21 [main] INFO  org.apache.catalina.core.StandardService - Starting service [Tomcat]
2026-06-20 08:24:21 [main] INFO  org.apache.catalina.core.StandardEngine - Starting Servlet engine: [Apache Tomcat/10.1.18]
2026-06-20 08:24:21 [main] INFO  o.a.c.core.ContainerBase.[Tomcat].[localhost].[/] - Initializing Spring embedded WebApplicationContext
2026-06-20 08:24:21 [main] INFO  o.s.b.w.s.c.ServletWebServerApplicationContext - Root WebApplicationContext: initialization completed in 2938 ms
2026-06-20 08:24:21 [main] INFO  org.redisson.Version - Redisson 3.24.3
2026-06-20 08:24:22 [redisson-netty-2-5] INFO  o.r.connection.pool.MasterPubSubConnectionPool - 1 connections initialized for 192.168.200.128/192.168.200.128:6379
2026-06-20 08:24:22 [redisson-netty-2-19] INFO  org.redisson.connection.pool.MasterConnectionPool - 24 connections initialized for 192.168.200.128/192.168.200.128:6379
2026-06-20 08:24:23 [main] INFO  org.xiaoxu.service.OssService - OSS 客户端初始化完成, bucket=oss-inshanghai
2026-06-20 08:24:23 [main] INFO  o.xiaoxu.workflow.approval.ApprovalHandlerRegistry - 审批回调注册完成，已注册业务: [fulfillment-approval, leave-request]
2026-06-20 08:24:24 [main] INFO  o.f.spring.boot.cmmn.CmmnEngineAutoConfiguration - No deployment resources were found for autodeployment
2026-06-20 08:24:24 [main] INFO  o.f.spring.boot.dmn.DmnEngineAutoConfiguration - No deployment resources were found for autodeployment
2026-06-20 08:24:24 [main] INFO  o.f.s.b.e.EventRegistryAutoConfiguration - No deployment resources were found for autodeployment
2026-06-20 08:24:24 [main] INFO  o.f.spring.boot.app.AppEngineAutoConfiguration - No deployment resources were found for autodeployment
2026-06-20 08:24:24 [main] INFO  o.flowable.app.spring.SpringAppEngineConfiguration - Found 5 Engine Configurators in total:
2026-06-20 08:24:24 [main] INFO  o.flowable.app.spring.SpringAppEngineConfiguration - class org.flowable.engine.spring.configurator.SpringProcessEngineConfigurator (priority:50000)
2026-06-20 08:24:24 [main] INFO  o.flowable.app.spring.SpringAppEngineConfiguration - class org.flowable.eventregistry.spring.configurator.SpringEventRegistryConfigurator (priority:100000)
2026-06-20 08:24:24 [main] INFO  o.flowable.app.spring.SpringAppEngineConfiguration - class org.flowable.idm.spring.configurator.SpringIdmEngineConfigurator (priority:150000)
2026-06-20 08:24:24 [main] INFO  o.flowable.app.spring.SpringAppEngineConfiguration - class org.flowable.dmn.spring.configurator.SpringDmnEngineConfigurator (priority:200000)
2026-06-20 08:24:24 [main] INFO  o.flowable.app.spring.SpringAppEngineConfiguration - class org.flowable.cmmn.spring.configurator.SpringCmmnEngineConfigurator (priority:500000)
2026-06-20 08:24:24 [main] INFO  o.flowable.app.spring.SpringAppEngineConfiguration - Executing beforeInit() of class org.flowable.engine.spring.configurator.SpringProcessEngineConfigurator (priority:50000)
2026-06-20 08:24:24 [main] INFO  o.flowable.app.spring.SpringAppEngineConfiguration - Executing beforeInit() of class org.flowable.eventregistry.spring.configurator.SpringEventRegistryConfigurator (priority:100000)
2026-06-20 08:24:24 [main] INFO  o.flowable.app.spring.SpringAppEngineConfiguration - Executing beforeInit() of class org.flowable.idm.spring.configurator.SpringIdmEngineConfigurator (priority:150000)
2026-06-20 08:24:24 [main] INFO  o.flowable.app.spring.SpringAppEngineConfiguration - Executing beforeInit() of class org.flowable.dmn.spring.configurator.SpringDmnEngineConfigurator (priority:200000)
2026-06-20 08:24:24 [main] INFO  o.flowable.app.spring.SpringAppEngineConfiguration - Executing beforeInit() of class org.flowable.cmmn.spring.configurator.SpringCmmnEngineConfigurator (priority:500000)
2026-06-20 08:24:24 [main] INFO  com.zaxxer.hikari.HikariDataSource - HikariPool-1 - Starting...
2026-06-20 08:24:24 [main] INFO  com.zaxxer.hikari.pool.HikariPool - HikariPool-1 - Added connection com.mysql.cj.jdbc.ConnectionImpl@4569b6a9
2026-06-20 08:24:24 [main] INFO  com.zaxxer.hikari.HikariDataSource - HikariPool-1 - Start completed.
2026-06-20 08:24:25 [main] INFO  o.flowable.app.spring.SpringAppEngineConfiguration - Executing configure() of class org.flowable.engine.spring.configurator.SpringProcessEngineConfigurator (priority:50000)
2026-06-20 08:24:26 [main] INFO  org.flowable.engine.impl.ProcessEngineImpl - ProcessEngine default created
2026-06-20 08:24:26 [main] INFO  o.flowable.engine.impl.cmd.ValidateV5EntitiesCmd - Total of v5 deployments found: 0
2026-06-20 08:24:26 [main] INFO  o.flowable.app.spring.SpringAppEngineConfiguration - Executing configure() of class org.flowable.eventregistry.spring.configurator.SpringEventRegistryConfigurator (priority:100000)
2026-06-20 08:24:27 [main] INFO  liquibase.changelog - Reading from `2026mysql_ds`.FLW_EV_DATABASECHANGELOG
2026-06-20 08:24:27 [main] INFO  liquibase.changelog - Reading from `2026mysql_ds`.FLW_EV_DATABASECHANGELOG
2026-06-20 08:24:27 [main] INFO  liquibase.util - UPDATE SUMMARY
2026-06-20 08:24:27 [main] INFO  liquibase.util - Run:                          0
2026-06-20 08:24:27 [main] INFO  liquibase.util - Previously run:               3
2026-06-20 08:24:27 [main] INFO  liquibase.util - Filtered out:                 0
2026-06-20 08:24:27 [main] INFO  liquibase.util - -------------------------------
2026-06-20 08:24:27 [main] INFO  liquibase.util - Total change sets:            3
2026-06-20 08:24:27 [main] INFO  liquibase.util - Update summary generated
2026-06-20 08:24:27 [main] INFO  liquibase.lockservice - Successfully released change log lock
2026-06-20 08:24:27 [main] INFO  liquibase.command - Command execution complete
2026-06-20 08:24:27 [main] INFO  o.f.eventregistry.impl.EventRegistryEngineImpl - EventRegistryEngine default created
2026-06-20 08:24:27 [main] INFO  o.flowable.app.spring.SpringAppEngineConfiguration - Executing configure() of class org.flowable.idm.spring.configurator.SpringIdmEngineConfigurator (priority:150000)
2026-06-20 08:24:27 [main] INFO  org.flowable.idm.engine.impl.IdmEngineImpl - IdmEngine default created
2026-06-20 08:24:27 [main] INFO  o.flowable.app.spring.SpringAppEngineConfiguration - Executing configure() of class org.flowable.dmn.spring.configurator.SpringDmnEngineConfigurator (priority:200000)
2026-06-20 08:24:27 [main] INFO  liquibase.changelog - Reading from `2026mysql_ds`.ACT_DMN_DATABASECHANGELOG
2026-06-20 08:24:27 [main] INFO  liquibase.changelog - Reading from `2026mysql_ds`.ACT_DMN_DATABASECHANGELOG
2026-06-20 08:24:27 [main] INFO  liquibase.util - UPDATE SUMMARY
2026-06-20 08:24:27 [main] INFO  liquibase.util - Run:                          0
2026-06-20 08:24:27 [main] INFO  liquibase.util - Previously run:               9
2026-06-20 08:24:27 [main] INFO  liquibase.util - Filtered out:                 0
2026-06-20 08:24:27 [main] INFO  liquibase.util - -------------------------------
2026-06-20 08:24:27 [main] INFO  liquibase.util - Total change sets:            9
2026-06-20 08:24:27 [main] INFO  liquibase.util - Update summary generated
2026-06-20 08:24:27 [main] INFO  liquibase.lockservice - Successfully released change log lock
2026-06-20 08:24:27 [main] INFO  liquibase.command - Command execution complete
2026-06-20 08:24:27 [main] INFO  org.flowable.dmn.engine.impl.DmnEngineImpl - DmnEngine default created
2026-06-20 08:24:27 [main] INFO  o.flowable.app.spring.SpringAppEngineConfiguration - Executing configure() of class org.flowable.cmmn.spring.configurator.SpringCmmnEngineConfigurator (priority:500000)
2026-06-20 08:24:27 [main] INFO  liquibase.changelog - Reading from `2026mysql_ds`.ACT_CMMN_DATABASECHANGELOG
2026-06-20 08:24:27 [main] INFO  liquibase.changelog - Reading from `2026mysql_ds`.ACT_CMMN_DATABASECHANGELOG
2026-06-20 08:24:27 [main] INFO  liquibase.util - UPDATE SUMMARY
2026-06-20 08:24:27 [main] INFO  liquibase.util - Run:                          0
2026-06-20 08:24:27 [main] INFO  liquibase.util - Previously run:              16
2026-06-20 08:24:27 [main] INFO  liquibase.util - Filtered out:                 1
2026-06-20 08:24:27 [main] INFO  liquibase.util - -------------------------------
2026-06-20 08:24:27 [main] INFO  liquibase.util - Total change sets:           17
2026-06-20 08:24:27 [main] INFO  liquibase.util - FILTERED CHANGE SETS SUMMARY
2026-06-20 08:24:27 [main] INFO  liquibase.util - DBMS mismatch:                1
2026-06-20 08:24:27 [main] INFO  liquibase.util - Update summary generated
2026-06-20 08:24:27 [main] INFO  liquibase.lockservice - Successfully released change log lock
2026-06-20 08:24:27 [main] INFO  liquibase.command - Command execution complete
2026-06-20 08:24:27 [main] INFO  org.flowable.cmmn.engine.impl.CmmnEngineImpl - CmmnEngine default created
2026-06-20 08:24:28 [main] INFO  liquibase.changelog - Reading from `2026mysql_ds`.ACT_APP_DATABASECHANGELOG
2026-06-20 08:24:28 [main] INFO  liquibase.changelog - Reading from `2026mysql_ds`.ACT_APP_DATABASECHANGELOG
2026-06-20 08:24:28 [main] INFO  liquibase.util - UPDATE SUMMARY
2026-06-20 08:24:28 [main] INFO  liquibase.util - Run:                          0
2026-06-20 08:24:28 [main] INFO  liquibase.util - Previously run:               3
2026-06-20 08:24:28 [main] INFO  liquibase.util - Filtered out:                 0
2026-06-20 08:24:28 [main] INFO  liquibase.util - -------------------------------
2026-06-20 08:24:28 [main] INFO  liquibase.util - Total change sets:            3
2026-06-20 08:24:28 [main] INFO  liquibase.util - Update summary generated
2026-06-20 08:24:28 [main] INFO  liquibase.lockservice - Successfully released change log lock
2026-06-20 08:24:28 [main] INFO  liquibase.command - Command execution complete
2026-06-20 08:24:28 [main] INFO  org.flowable.app.engine.impl.AppEngineImpl - AppEngine default created
2026-06-20 08:24:28 [main] INFO  o.s.b.actuate.endpoint.web.EndpointLinksResolver - Exposing 1 endpoint(s) beneath base path '/actuator'
2026-06-20 08:24:28 [main] INFO  o.s.security.web.DefaultSecurityFilterChain - Will secure any request with [org.springframework.security.web.session.DisableEncodeUrlFilter@5ec3d4f8, org.springframework.security.web.context.request.async.WebAsyncManagerIntegrationFilter@11c79954, org.springframework.security.web.context.SecurityContextHolderFilter@4f89ca96, org.springframework.security.web.header.HeaderWriterFilter@1bf081c2, org.springframework.web.filter.CorsFilter@bc88295, org.springframework.security.web.authentication.logout.LogoutFilter@425c5389, org.xiaoxu.auth.TokenAuthenticationFilter@656672fb, org.springframework.security.web.savedrequest.RequestCacheAwareFilter@64cadc04, org.springframework.security.web.servletapi.SecurityContextHolderAwareRequestFilter@33496e8d, org.springframework.security.web.authentication.AnonymousAuthenticationFilter@463b51e4, org.springframework.security.web.session.SessionManagementFilter@2239d7a6, org.springframework.security.web.access.ExceptionTranslationFilter@756f13d1, org.springframework.security.web.access.intercept.AuthorizationFilter@7264b9f9]
2026-06-20 08:24:29 [main] INFO  com.xxl.job.core.executor.XxlJobExecutor - >>>>>>>>>>> xxl-job register jobhandler success, name:sendFulfillmentApprovalNotify, jobHandler:com.xxl.job.core.handler.impl.MethodJobHandler@37b155a3[class org.xiaoxu.workflow.job.ApprovalNotifyJobHandler#sendFulfillmentApprovalNotify]
2026-06-20 08:24:29 [main] INFO  com.xxl.job.core.executor.XxlJobExecutor - >>>>>>>>>>> xxl-job register jobhandler success, name:sendLeaveApprovalNotify, jobHandler:com.xxl.job.core.handler.impl.MethodJobHandler@3e849b05[class org.xiaoxu.workflow.job.ApprovalNotifyJobHandler#sendLeaveApprovalNotify]
2026-06-20 08:24:29 [main] INFO  o.f.j.s.impl.asyncexecutor.AbstractAsyncExecutor - Starting up the async job executor [org.flowable.spring.job.service.SpringAsyncExecutor] for engine cmmn
2026-06-20 08:24:29 [Thread-8] INFO  o.f.j.s.i.asyncexecutor.ResetExpiredJobsRunnable - starting to reset expired jobs for engine cmmn
2026-06-20 08:24:29 [main] INFO  o.f.j.s.impl.asyncexecutor.AbstractAsyncExecutor - Starting up the async job executor [org.flowable.spring.job.service.SpringAsyncExecutor] for engine bpmn
2026-06-20 08:24:29 [Thread-7] INFO  o.f.j.s.i.asyncexecutor.AcquireTimerJobsRunnable - starting to acquire async jobs due for engine cmmn
2026-06-20 08:24:29 [Thread-6] INFO  o.f.j.s.i.a.AcquireAsyncJobsDueRunnable - starting to acquire async jobs due for engine cmmn
2026-06-20 08:24:29 [Thread-10] INFO  o.f.j.s.i.asyncexecutor.AcquireTimerJobsRunnable - starting to acquire async jobs due for engine bpmn
2026-06-20 08:24:29 [main] INFO  o.f.s.configurator.DefaultAutoDeploymentStrategy - Deploying resources [file [E:\programs\java_arsenal\permission-system\target\classes\processes\fulfillment-approval.bpmn20.xml], file [E:\programs\java_arsenal\permission-system\target\classes\processes\leave-request.bpmn20.xml]] for engine org.flowable.engine.impl.ProcessEngineImpl@364a139a deployment name hint SpringBootAutoDeployment
2026-06-20 08:24:29 [Thread-11] INFO  o.f.j.s.i.asyncexecutor.ResetExpiredJobsRunnable - starting to reset expired jobs for engine bpmn
2026-06-20 08:24:29 [Thread-9] INFO  o.f.j.s.i.a.AcquireAsyncJobsDueRunnable - starting to acquire async jobs due for engine bpmn
2026-06-20 08:24:29 [main] INFO  org.apache.coyote.http11.Http11NioProtocol - Starting ProtocolHandler ["http-nio-13690"]
2026-06-20 08:24:29 [main] INFO  o.s.boot.web.embedded.tomcat.TomcatWebServer - Tomcat started on port 13690 (http) with context path ''
2026-06-20 08:24:29 [main] INFO  org.xiaoxu.PermissionApplication - Started PermissionApplication in 12.465 seconds (process running for 13.872)
2026-06-20 08:24:29 [Thread-5] INFO  com.xxl.job.core.server.EmbedServer - >>>>>>>>>>> xxl-job remoting server start success, nettype = class com.xxl.job.core.server.EmbedServer, port = 9998
2026-06-20 08:24:30 [RMI TCP Connection(2)-192.168.1.2] INFO  o.a.c.core.ContainerBase.[Tomcat].[localhost].[/] - Initializing Spring DispatcherServlet 'dispatcherServlet'
2026-06-20 08:24:30 [RMI TCP Connection(2)-192.168.1.2] INFO  org.springframework.web.servlet.DispatcherServlet - Initializing Servlet 'dispatcherServlet'
2026-06-20 08:24:30 [RMI TCP Connection(2)-192.168.1.2] INFO  org.springframework.web.servlet.DispatcherServlet - Completed initialization in 1 ms
2026-06-20 08:25:41 [http-nio-13690-exec-3] WARN  org.xiaoxu.auth.TokenAuthenticationFilter - Token 已失效: Redis 中不存在该 token
2026-06-20 08:25:41 [http-nio-13690-exec-4] WARN  org.xiaoxu.auth.TokenAuthenticationFilter - Token 已失效: Redis 中不存在该 token
2026-06-20 08:25:47 [http-nio-13690-exec-4] INFO  org.xiaoxu.service.MenuService - 用户[1]的角色IDs: [1]
2026-06-20 08:25:47 [http-nio-13690-exec-4] INFO  org.xiaoxu.service.MenuService - 用户[1]的菜单IDs: [1, 2, 3, 4, 5, 6, 7, 8, 9, 10, 11, 12, 13, 14, 15, 16, 100, 101, 102, 103, 104, 105, 106, 107, 108, 109, 110]
2026-06-20 08:27:19 [http-nio-13690-exec-10] INFO  org.xiaoxu.service.MenuService - 用户[1]的角色IDs: [1]
2026-06-20 08:27:19 [http-nio-13690-exec-10] INFO  org.xiaoxu.service.MenuService - 用户[1]的菜单IDs: [1, 2, 3, 4, 5, 6, 7, 8, 9, 10, 11, 12, 13, 14, 15, 16, 100, 101, 102, 103, 104, 105, 106, 107, 108, 109, 110]
2026-06-20 08:30:39 [http-nio-13690-exec-8] INFO  org.xiaoxu.service.MenuService - 用户[1]的角色IDs: [1]
2026-06-20 08:30:39 [http-nio-13690-exec-8] INFO  org.xiaoxu.service.MenuService - 用户[1]的菜单IDs: [1, 2, 3, 4, 5, 6, 7, 8, 9, 10, 11, 12, 13, 14, 15, 16, 100, 101, 102, 103, 104, 105, 106, 107, 108, 109, 110]
2026-06-20 08:31:54 [Thread-5] INFO  com.xxl.job.core.server.EmbedServer - >>>>>>>>>>> xxl-job remoting server stop.
2026-06-20 08:31:54 [xxl-job, executor ExecutorRegistryThread] INFO  com.xxl.job.core.thread.ExecutorRegistryThread - >>>>>>>>>>> xxl-job registry-remove success, registryParam:RegistryParam{registryGroup='EXECUTOR', registryKey='permission-job-executor', registryValue='http://192.168.1.2:9998/'}, registryResult:ReturnT [code=200, msg=null, content=null]
2026-06-20 08:31:54 [xxl-job, executor ExecutorRegistryThread] INFO  com.xxl.job.core.thread.ExecutorRegistryThread - >>>>>>>>>>> xxl-job, executor registry thread destroy.
2026-06-20 08:31:54 [SpringApplicationShutdownHook] INFO  com.xxl.job.core.server.EmbedServer - >>>>>>>>>>> xxl-job remoting server destroy success.
2026-06-20 08:31:54 [xxl-job, executor JobLogFileCleanThread] INFO  com.xxl.job.core.thread.JobLogFileCleanThread - >>>>>>>>>>> xxl-job, executor JobLogFileCleanThread thread destroy.
2026-06-20 08:31:54 [xxl-job, executor TriggerCallbackThread] INFO  com.xxl.job.core.thread.TriggerCallbackThread - >>>>>>>>>>> xxl-job, executor callback thread destroy.
2026-06-20 08:31:54 [Thread-4] INFO  com.xxl.job.core.thread.TriggerCallbackThread - >>>>>>>>>>> xxl-job, executor retry callback thread destroy.
2026-06-20 08:31:54 [SpringApplicationShutdownHook] INFO  o.f.j.s.impl.asyncexecutor.AbstractAsyncExecutor - Shutting down the async job executor [org.flowable.spring.job.service.SpringAsyncExecutor] for engine cmmn
2026-06-20 08:31:54 [flowable-cmmn-acquire-async-jobs] INFO  o.f.j.s.i.a.AcquireAsyncJobsDueRunnable - stopped async job due acquisition for engine cmmn
2026-06-20 08:31:54 [flowable-cmmn-acquire-timer-jobs] INFO  o.f.j.s.i.asyncexecutor.AcquireTimerJobsRunnable - stopped async job due acquisition for engine cmmn
2026-06-20 08:31:54 [flowable-cmmn-reset-expired-jobs] INFO  o.f.j.s.i.asyncexecutor.ResetExpiredJobsRunnable - stopped resetting expired jobs for engine cmmn
2026-06-20 08:33:56 [background-preinit] INFO  org.hibernate.validator.internal.util.Version - HV000001: Hibernate Validator 8.0.1.Final
2026-06-20 08:33:56 [main] INFO  org.xiaoxu.PermissionApplication - Starting PermissionApplication using Java 17.0.12 with PID 59712 (E:\programs\java_arsenal\permission-system\target\classes started by tingq in E:\programs\java_arsenal)
2026-06-20 08:33:56 [main] INFO  org.xiaoxu.PermissionApplication - The following 1 profile is active: "local"
2026-06-20 08:33:58 [main] INFO  o.s.d.r.config.RepositoryConfigurationDelegate - Multiple Spring Data modules found, entering strict repository configuration mode
2026-06-20 08:33:58 [main] INFO  o.s.d.r.config.RepositoryConfigurationDelegate - Bootstrapping Spring Data Redis repositories in DEFAULT mode.
2026-06-20 08:33:58 [main] INFO  o.s.d.r.config.RepositoryConfigurationDelegate - Finished Spring Data repository scanning in 51 ms. Found 0 Redis repository interfaces.
2026-06-20 08:33:58 [main] WARN  o.s.c.s.PostProcessorRegistrationDelegate$BeanPostProcessorChecker - Bean 'com.alicp.jetcache.anno.config.JetCacheProxyConfiguration' of type [com.alicp.jetcache.anno.config.JetCacheProxyConfiguration$$SpringCGLIB$$0] is not eligible for getting processed by all BeanPostProcessors (for example: not eligible for auto-proxying). Is this bean getting eagerly injected into a currently created BeanPostProcessor [meterRegistryPostProcessor]? Check the corresponding BeanPostProcessor declaration and its dependencies.
2026-06-20 08:33:58 [main] WARN  o.s.c.s.PostProcessorRegistrationDelegate$BeanPostProcessorChecker - Bean 'com.alicp.jetcache.anno.config.CommonConfiguration' of type [com.alicp.jetcache.anno.config.CommonConfiguration$$SpringCGLIB$$0] is not eligible for getting processed by all BeanPostProcessors (for example: not eligible for auto-proxying). Is this bean getting eagerly injected into a currently created BeanPostProcessor [meterRegistryPostProcessor]? Check the corresponding BeanPostProcessor declaration and its dependencies.
2026-06-20 08:33:59 [main] INFO  o.s.boot.web.embedded.tomcat.TomcatWebServer - Tomcat initialized with port 13690 (http)
2026-06-20 08:33:59 [main] INFO  org.apache.coyote.http11.Http11NioProtocol - Initializing ProtocolHandler ["http-nio-13690"]
2026-06-20 08:33:59 [main] INFO  org.apache.catalina.core.StandardService - Starting service [Tomcat]
2026-06-20 08:33:59 [main] INFO  org.apache.catalina.core.StandardEngine - Starting Servlet engine: [Apache Tomcat/10.1.18]
2026-06-20 08:33:59 [main] INFO  o.a.c.core.ContainerBase.[Tomcat].[localhost].[/] - Initializing Spring embedded WebApplicationContext
2026-06-20 08:33:59 [main] INFO  o.s.b.w.s.c.ServletWebServerApplicationContext - Root WebApplicationContext: initialization completed in 2832 ms
2026-06-20 08:33:59 [main] INFO  org.redisson.Version - Redisson 3.24.3
2026-06-20 08:34:00 [redisson-netty-2-4] INFO  o.r.connection.pool.MasterPubSubConnectionPool - 1 connections initialized for 192.168.200.128/192.168.200.128:6379
2026-06-20 08:34:00 [redisson-netty-2-19] INFO  org.redisson.connection.pool.MasterConnectionPool - 24 connections initialized for 192.168.200.128/192.168.200.128:6379
2026-06-20 08:34:01 [main] INFO  org.xiaoxu.service.OssService - OSS 客户端初始化完成, bucket=oss-inshanghai
2026-06-20 08:34:01 [main] INFO  o.xiaoxu.workflow.approval.ApprovalHandlerRegistry - 审批回调注册完成，已注册业务: [fulfillment-approval, leave-request]
2026-06-20 08:34:02 [main] INFO  o.f.spring.boot.cmmn.CmmnEngineAutoConfiguration - No deployment resources were found for autodeployment
2026-06-20 08:34:02 [main] INFO  o.f.spring.boot.dmn.DmnEngineAutoConfiguration - No deployment resources were found for autodeployment
2026-06-20 08:34:02 [main] INFO  o.f.s.b.e.EventRegistryAutoConfiguration - No deployment resources were found for autodeployment
2026-06-20 08:34:02 [main] INFO  o.f.spring.boot.app.AppEngineAutoConfiguration - No deployment resources were found for autodeployment
2026-06-20 08:34:02 [main] INFO  o.flowable.app.spring.SpringAppEngineConfiguration - Found 5 Engine Configurators in total:
2026-06-20 08:34:02 [main] INFO  o.flowable.app.spring.SpringAppEngineConfiguration - class org.flowable.engine.spring.configurator.SpringProcessEngineConfigurator (priority:50000)
2026-06-20 08:34:02 [main] INFO  o.flowable.app.spring.SpringAppEngineConfiguration - class org.flowable.eventregistry.spring.configurator.SpringEventRegistryConfigurator (priority:100000)
2026-06-20 08:34:02 [main] INFO  o.flowable.app.spring.SpringAppEngineConfiguration - class org.flowable.idm.spring.configurator.SpringIdmEngineConfigurator (priority:150000)
2026-06-20 08:34:02 [main] INFO  o.flowable.app.spring.SpringAppEngineConfiguration - class org.flowable.dmn.spring.configurator.SpringDmnEngineConfigurator (priority:200000)
2026-06-20 08:34:02 [main] INFO  o.flowable.app.spring.SpringAppEngineConfiguration - class org.flowable.cmmn.spring.configurator.SpringCmmnEngineConfigurator (priority:500000)
2026-06-20 08:34:02 [main] INFO  o.flowable.app.spring.SpringAppEngineConfiguration - Executing beforeInit() of class org.flowable.engine.spring.configurator.SpringProcessEngineConfigurator (priority:50000)
2026-06-20 08:34:02 [main] INFO  o.flowable.app.spring.SpringAppEngineConfiguration - Executing beforeInit() of class org.flowable.eventregistry.spring.configurator.SpringEventRegistryConfigurator (priority:100000)
2026-06-20 08:34:02 [main] INFO  o.flowable.app.spring.SpringAppEngineConfiguration - Executing beforeInit() of class org.flowable.idm.spring.configurator.SpringIdmEngineConfigurator (priority:150000)
2026-06-20 08:34:02 [main] INFO  o.flowable.app.spring.SpringAppEngineConfiguration - Executing beforeInit() of class org.flowable.dmn.spring.configurator.SpringDmnEngineConfigurator (priority:200000)
2026-06-20 08:34:02 [main] INFO  o.flowable.app.spring.SpringAppEngineConfiguration - Executing beforeInit() of class org.flowable.cmmn.spring.configurator.SpringCmmnEngineConfigurator (priority:500000)
2026-06-20 08:34:02 [main] INFO  com.zaxxer.hikari.HikariDataSource - HikariPool-1 - Starting...
2026-06-20 08:34:02 [main] INFO  com.zaxxer.hikari.pool.HikariPool - HikariPool-1 - Added connection com.mysql.cj.jdbc.ConnectionImpl@1c8d9ac9
2026-06-20 08:34:02 [main] INFO  com.zaxxer.hikari.HikariDataSource - HikariPool-1 - Start completed.
2026-06-20 08:34:03 [main] INFO  o.flowable.app.spring.SpringAppEngineConfiguration - Executing configure() of class org.flowable.engine.spring.configurator.SpringProcessEngineConfigurator (priority:50000)
2026-06-20 08:34:04 [main] INFO  org.flowable.engine.impl.ProcessEngineImpl - ProcessEngine default created
2026-06-20 08:34:04 [main] INFO  o.flowable.engine.impl.cmd.ValidateV5EntitiesCmd - Total of v5 deployments found: 0
2026-06-20 08:34:04 [main] INFO  o.flowable.app.spring.SpringAppEngineConfiguration - Executing configure() of class org.flowable.eventregistry.spring.configurator.SpringEventRegistryConfigurator (priority:100000)
2026-06-20 08:34:05 [main] INFO  liquibase.changelog - Reading from `2026mysql_ds`.FLW_EV_DATABASECHANGELOG
2026-06-20 08:34:05 [main] INFO  liquibase.changelog - Reading from `2026mysql_ds`.FLW_EV_DATABASECHANGELOG
2026-06-20 08:34:05 [main] INFO  liquibase.util - UPDATE SUMMARY
2026-06-20 08:34:05 [main] INFO  liquibase.util - Run:                          0
2026-06-20 08:34:05 [main] INFO  liquibase.util - Previously run:               3
2026-06-20 08:34:05 [main] INFO  liquibase.util - Filtered out:                 0
2026-06-20 08:34:05 [main] INFO  liquibase.util - -------------------------------
2026-06-20 08:34:05 [main] INFO  liquibase.util - Total change sets:            3
2026-06-20 08:34:05 [main] INFO  liquibase.util - Update summary generated
2026-06-20 08:34:05 [main] INFO  liquibase.lockservice - Successfully released change log lock
2026-06-20 08:34:05 [main] INFO  liquibase.command - Command execution complete
2026-06-20 08:34:05 [main] INFO  o.f.eventregistry.impl.EventRegistryEngineImpl - EventRegistryEngine default created
2026-06-20 08:34:05 [main] INFO  o.flowable.app.spring.SpringAppEngineConfiguration - Executing configure() of class org.flowable.idm.spring.configurator.SpringIdmEngineConfigurator (priority:150000)
2026-06-20 08:34:05 [main] INFO  org.flowable.idm.engine.impl.IdmEngineImpl - IdmEngine default created
2026-06-20 08:34:05 [main] INFO  o.flowable.app.spring.SpringAppEngineConfiguration - Executing configure() of class org.flowable.dmn.spring.configurator.SpringDmnEngineConfigurator (priority:200000)
2026-06-20 08:34:05 [main] INFO  liquibase.changelog - Reading from `2026mysql_ds`.ACT_DMN_DATABASECHANGELOG
2026-06-20 08:34:05 [main] INFO  liquibase.changelog - Reading from `2026mysql_ds`.ACT_DMN_DATABASECHANGELOG
2026-06-20 08:34:05 [main] INFO  liquibase.util - UPDATE SUMMARY
2026-06-20 08:34:05 [main] INFO  liquibase.util - Run:                          0
2026-06-20 08:34:05 [main] INFO  liquibase.util - Previously run:               9
2026-06-20 08:34:05 [main] INFO  liquibase.util - Filtered out:                 0
2026-06-20 08:34:05 [main] INFO  liquibase.util - -------------------------------
2026-06-20 08:34:05 [main] INFO  liquibase.util - Total change sets:            9
2026-06-20 08:34:05 [main] INFO  liquibase.util - Update summary generated
2026-06-20 08:34:05 [main] INFO  liquibase.lockservice - Successfully released change log lock
2026-06-20 08:34:05 [main] INFO  liquibase.command - Command execution complete
2026-06-20 08:34:05 [main] INFO  org.flowable.dmn.engine.impl.DmnEngineImpl - DmnEngine default created
2026-06-20 08:34:05 [main] INFO  o.flowable.app.spring.SpringAppEngineConfiguration - Executing configure() of class org.flowable.cmmn.spring.configurator.SpringCmmnEngineConfigurator (priority:500000)
2026-06-20 08:34:06 [main] INFO  liquibase.changelog - Reading from `2026mysql_ds`.ACT_CMMN_DATABASECHANGELOG
2026-06-20 08:34:06 [main] INFO  liquibase.changelog - Reading from `2026mysql_ds`.ACT_CMMN_DATABASECHANGELOG
2026-06-20 08:34:06 [main] INFO  liquibase.util - UPDATE SUMMARY
2026-06-20 08:34:06 [main] INFO  liquibase.util - Run:                          0
2026-06-20 08:34:06 [main] INFO  liquibase.util - Previously run:              16
2026-06-20 08:34:06 [main] INFO  liquibase.util - Filtered out:                 1
2026-06-20 08:34:06 [main] INFO  liquibase.util - -------------------------------
2026-06-20 08:34:06 [main] INFO  liquibase.util - Total change sets:           17
2026-06-20 08:34:06 [main] INFO  liquibase.util - FILTERED CHANGE SETS SUMMARY
2026-06-20 08:34:06 [main] INFO  liquibase.util - DBMS mismatch:                1
2026-06-20 08:34:06 [main] INFO  liquibase.util - Update summary generated
2026-06-20 08:34:06 [main] INFO  liquibase.lockservice - Successfully released change log lock
2026-06-20 08:34:06 [main] INFO  liquibase.command - Command execution complete
2026-06-20 08:34:06 [main] INFO  org.flowable.cmmn.engine.impl.CmmnEngineImpl - CmmnEngine default created
2026-06-20 08:34:06 [main] INFO  liquibase.changelog - Reading from `2026mysql_ds`.ACT_APP_DATABASECHANGELOG
2026-06-20 08:34:06 [main] INFO  liquibase.changelog - Reading from `2026mysql_ds`.ACT_APP_DATABASECHANGELOG
2026-06-20 08:34:06 [main] INFO  liquibase.util - UPDATE SUMMARY
2026-06-20 08:34:06 [main] INFO  liquibase.util - Run:                          0
2026-06-20 08:34:06 [main] INFO  liquibase.util - Previously run:               3
2026-06-20 08:34:06 [main] INFO  liquibase.util - Filtered out:                 0
2026-06-20 08:34:06 [main] INFO  liquibase.util - -------------------------------
2026-06-20 08:34:06 [main] INFO  liquibase.util - Total change sets:            3
2026-06-20 08:34:06 [main] INFO  liquibase.util - Update summary generated
2026-06-20 08:34:06 [main] INFO  liquibase.lockservice - Successfully released change log lock
2026-06-20 08:34:06 [main] INFO  liquibase.command - Command execution complete
2026-06-20 08:34:06 [main] INFO  org.flowable.app.engine.impl.AppEngineImpl - AppEngine default created
2026-06-20 08:34:07 [main] INFO  o.s.b.actuate.endpoint.web.EndpointLinksResolver - Exposing 1 endpoint(s) beneath base path '/actuator'
2026-06-20 08:34:07 [main] INFO  o.s.security.web.DefaultSecurityFilterChain - Will secure any request with [org.springframework.security.web.session.DisableEncodeUrlFilter@4360ecc1, org.springframework.security.web.context.request.async.WebAsyncManagerIntegrationFilter@783c18b4, org.springframework.security.web.context.SecurityContextHolderFilter@56beea77, org.springframework.security.web.header.HeaderWriterFilter@3e30dc0f, org.springframework.web.filter.CorsFilter@1d4531fa, org.springframework.security.web.authentication.logout.LogoutFilter@3094e328, org.xiaoxu.auth.TokenAuthenticationFilter@e08d871, org.springframework.security.web.savedrequest.RequestCacheAwareFilter@425c5389, org.springframework.security.web.servletapi.SecurityContextHolderAwareRequestFilter@3f348a38, org.springframework.security.web.authentication.AnonymousAuthenticationFilter@2676880e, org.springframework.security.web.session.SessionManagementFilter@4d3fc22d, org.springframework.security.web.access.ExceptionTranslationFilter@4a77ba9b, org.springframework.security.web.access.intercept.AuthorizationFilter@37cd3b36]
2026-06-20 08:34:07 [main] INFO  com.xxl.job.core.executor.XxlJobExecutor - >>>>>>>>>>> xxl-job register jobhandler success, name:sendFulfillmentApprovalNotify, jobHandler:com.xxl.job.core.handler.impl.MethodJobHandler@a946954[class org.xiaoxu.workflow.job.ApprovalNotifyJobHandler#sendFulfillmentApprovalNotify]
2026-06-20 08:34:07 [main] INFO  com.xxl.job.core.executor.XxlJobExecutor - >>>>>>>>>>> xxl-job register jobhandler success, name:sendLeaveApprovalNotify, jobHandler:com.xxl.job.core.handler.impl.MethodJobHandler@fb17f1b[class org.xiaoxu.workflow.job.ApprovalNotifyJobHandler#sendLeaveApprovalNotify]
2026-06-20 08:34:07 [main] INFO  o.f.j.s.impl.asyncexecutor.AbstractAsyncExecutor - Starting up the async job executor [org.flowable.spring.job.service.SpringAsyncExecutor] for engine cmmn
2026-06-20 08:34:07 [Thread-8] INFO  o.f.j.s.i.asyncexecutor.ResetExpiredJobsRunnable - starting to reset expired jobs for engine cmmn
2026-06-20 08:34:07 [main] INFO  o.f.j.s.impl.asyncexecutor.AbstractAsyncExecutor - Starting up the async job executor [org.flowable.spring.job.service.SpringAsyncExecutor] for engine bpmn
2026-06-20 08:34:07 [Thread-6] INFO  o.f.j.s.i.a.AcquireAsyncJobsDueRunnable - starting to acquire async jobs due for engine cmmn
2026-06-20 08:34:07 [Thread-7] INFO  o.f.j.s.i.asyncexecutor.AcquireTimerJobsRunnable - starting to acquire async jobs due for engine cmmn
2026-06-20 08:34:07 [main] INFO  o.f.s.configurator.DefaultAutoDeploymentStrategy - Deploying resources [file [E:\programs\java_arsenal\permission-system\target\classes\processes\fulfillment-approval.bpmn20.xml], file [E:\programs\java_arsenal\permission-system\target\classes\processes\leave-request.bpmn20.xml]] for engine org.flowable.engine.impl.ProcessEngineImpl@5d25dc78 deployment name hint SpringBootAutoDeployment
2026-06-20 08:34:07 [Thread-11] INFO  o.f.j.s.i.asyncexecutor.ResetExpiredJobsRunnable - starting to reset expired jobs for engine bpmn
2026-06-20 08:34:07 [Thread-10] INFO  o.f.j.s.i.asyncexecutor.AcquireTimerJobsRunnable - starting to acquire async jobs due for engine bpmn
2026-06-20 08:34:07 [Thread-9] INFO  o.f.j.s.i.a.AcquireAsyncJobsDueRunnable - starting to acquire async jobs due for engine bpmn
2026-06-20 08:34:08 [main] INFO  org.apache.coyote.http11.Http11NioProtocol - Starting ProtocolHandler ["http-nio-13690"]
2026-06-20 08:34:08 [main] INFO  o.s.boot.web.embedded.tomcat.TomcatWebServer - Tomcat started on port 13690 (http) with context path ''
2026-06-20 08:34:08 [main] INFO  org.xiaoxu.PermissionApplication - Started PermissionApplication in 12.3 seconds (process running for 13.582)
2026-06-20 08:34:08 [Thread-5] INFO  com.xxl.job.core.server.EmbedServer - >>>>>>>>>>> xxl-job remoting server start success, nettype = class com.xxl.job.core.server.EmbedServer, port = 9998
2026-06-20 08:34:08 [RMI TCP Connection(5)-192.168.1.2] INFO  o.a.c.core.ContainerBase.[Tomcat].[localhost].[/] - Initializing Spring DispatcherServlet 'dispatcherServlet'
2026-06-20 08:34:08 [RMI TCP Connection(5)-192.168.1.2] INFO  org.springframework.web.servlet.DispatcherServlet - Initializing Servlet 'dispatcherServlet'
2026-06-20 08:34:08 [RMI TCP Connection(5)-192.168.1.2] INFO  org.springframework.web.servlet.DispatcherServlet - Completed initialization in 2 ms
2026-06-20 08:34:28 [http-nio-13690-exec-2] INFO  org.xiaoxu.service.EmailService - 邮件发送成功, to=2726986361@qq.com, subject=【BPMN系统】登录验证码
2026-06-20 08:34:28 [http-nio-13690-exec-2] INFO  org.xiaoxu.controller.AuthController - 验证码已发送, email=2726986361@qq.com, code=061399
2026-06-20 08:35:17 [http-nio-13690-exec-4] INFO  org.xiaoxu.controller.AuthController - 邮箱登录自动注册, email=2726986361@qq.com, userId=10
2026-06-20 08:35:17 [http-nio-13690-exec-2] INFO  org.xiaoxu.service.MenuService - 用户[10]的角色IDs: [2]
2026-06-20 08:35:18 [http-nio-13690-exec-2] INFO  org.xiaoxu.service.MenuService - 用户[10]的菜单IDs: [100, 102, 103, 106, 107, 108, 109]
2026-06-20 08:38:31 [Thread-5] INFO  com.xxl.job.core.server.EmbedServer - >>>>>>>>>>> xxl-job remoting server stop.
2026-06-20 08:38:31 [xxl-job, executor ExecutorRegistryThread] INFO  com.xxl.job.core.thread.ExecutorRegistryThread - >>>>>>>>>>> xxl-job registry-remove success, registryParam:RegistryParam{registryGroup='EXECUTOR', registryKey='permission-job-executor', registryValue='http://192.168.1.2:9998/'}, registryResult:ReturnT [code=200, msg=null, content=null]
2026-06-20 08:38:31 [xxl-job, executor ExecutorRegistryThread] INFO  com.xxl.job.core.thread.ExecutorRegistryThread - >>>>>>>>>>> xxl-job, executor registry thread destroy.
2026-06-20 08:38:31 [SpringApplicationShutdownHook] INFO  com.xxl.job.core.server.EmbedServer - >>>>>>>>>>> xxl-job remoting server destroy success.
2026-06-20 08:38:31 [xxl-job, executor JobLogFileCleanThread] INFO  com.xxl.job.core.thread.JobLogFileCleanThread - >>>>>>>>>>> xxl-job, executor JobLogFileCleanThread thread destroy.
2026-06-20 08:38:31 [xxl-job, executor TriggerCallbackThread] INFO  com.xxl.job.core.thread.TriggerCallbackThread - >>>>>>>>>>> xxl-job, executor callback thread destroy.
2026-06-20 08:38:31 [Thread-4] INFO  com.xxl.job.core.thread.TriggerCallbackThread - >>>>>>>>>>> xxl-job, executor retry callback thread destroy.
2026-06-20 08:38:31 [SpringApplicationShutdownHook] INFO  o.f.j.s.impl.asyncexecutor.AbstractAsyncExecutor - Shutting down the async job executor [org.flowable.spring.job.service.SpringAsyncExecutor] for engine cmmn
2026-06-20 08:38:31 [flowable-cmmn-acquire-async-jobs] INFO  o.f.j.s.i.a.AcquireAsyncJobsDueRunnable - stopped async job due acquisition for engine cmmn
2026-06-20 08:38:31 [flowable-cmmn-reset-expired-jobs] INFO  o.f.j.s.i.asyncexecutor.ResetExpiredJobsRunnable - stopped resetting expired jobs for engine cmmn
2026-06-20 08:38:31 [flowable-cmmn-acquire-timer-jobs] INFO  o.f.j.s.i.asyncexecutor.AcquireTimerJobsRunnable - stopped async job due acquisition for engine cmmn
2026-06-20 08:38:31 [SpringApplicationShutdownHook] INFO  o.f.j.s.impl.asyncexecutor.AbstractAsyncExecutor - Shutting down the async job executor [org.flowable.spring.job.service.SpringAsyncExecutor] for engine bpmn
2026-06-20 08:38:31 [flowable-bpmn-acquire-async-jobs] INFO  o.f.j.s.i.a.AcquireAsyncJobsDueRunnable - stopped async job due acquisition for engine bpmn
2026-06-20 08:38:31 [flowable-bpmn-acquire-timer-jobs] INFO  o.f.j.s.i.asyncexecutor.AcquireTimerJobsRunnable - stopped async job due acquisition for engine bpmn
2026-06-20 08:38:31 [flowable-bpmn-reset-expired-jobs] INFO  o.f.j.s.i.asyncexecutor.ResetExpiredJobsRunnable - stopped resetting expired jobs for engine bpmn
2026-06-20 08:38:31 [SpringApplicationShutdownHook] INFO  com.zaxxer.hikari.HikariDataSource - HikariPool-1 - Shutdown initiated...
2026-06-20 08:38:31 [SpringApplicationShutdownHook] INFO  com.zaxxer.hikari.HikariDataSource - HikariPool-1 - Shutdown completed.
2026-06-20 08:38:38 [background-preinit] INFO  org.hibernate.validator.internal.util.Version - HV000001: Hibernate Validator 8.0.1.Final
2026-06-20 08:38:38 [main] INFO  org.xiaoxu.PermissionApplication - Starting PermissionApplication using Java 17.0.12 with PID 64856 (E:\programs\java_arsenal\permission-system\target\classes started by tingq in E:\programs\java_arsenal)
2026-06-20 08:38:38 [main] INFO  org.xiaoxu.PermissionApplication - The following 1 profile is active: "local"
2026-06-20 08:38:39 [main] INFO  o.s.d.r.config.RepositoryConfigurationDelegate - Multiple Spring Data modules found, entering strict repository configuration mode
2026-06-20 08:38:39 [main] INFO  o.s.d.r.config.RepositoryConfigurationDelegate - Bootstrapping Spring Data Redis repositories in DEFAULT mode.
2026-06-20 08:38:39 [main] INFO  o.s.d.r.config.RepositoryConfigurationDelegate - Finished Spring Data repository scanning in 44 ms. Found 0 Redis repository interfaces.
2026-06-20 08:38:40 [main] WARN  o.s.c.s.PostProcessorRegistrationDelegate$BeanPostProcessorChecker - Bean 'com.alicp.jetcache.anno.config.JetCacheProxyConfiguration' of type [com.alicp.jetcache.anno.config.JetCacheProxyConfiguration$$SpringCGLIB$$0] is not eligible for getting processed by all BeanPostProcessors (for example: not eligible for auto-proxying). Is this bean getting eagerly injected into a currently created BeanPostProcessor [meterRegistryPostProcessor]? Check the corresponding BeanPostProcessor declaration and its dependencies.
2026-06-20 08:38:40 [main] WARN  o.s.c.s.PostProcessorRegistrationDelegate$BeanPostProcessorChecker - Bean 'com.alicp.jetcache.anno.config.CommonConfiguration' of type [com.alicp.jetcache.anno.config.CommonConfiguration$$SpringCGLIB$$0] is not eligible for getting processed by all BeanPostProcessors (for example: not eligible for auto-proxying). Is this bean getting eagerly injected into a currently created BeanPostProcessor [meterRegistryPostProcessor]? Check the corresponding BeanPostProcessor declaration and its dependencies.
2026-06-20 08:38:40 [main] INFO  o.s.boot.web.embedded.tomcat.TomcatWebServer - Tomcat initialized with port 13690 (http)
2026-06-20 08:38:40 [main] INFO  org.apache.coyote.http11.Http11NioProtocol - Initializing ProtocolHandler ["http-nio-13690"]
2026-06-20 08:38:40 [main] INFO  org.apache.catalina.core.StandardService - Starting service [Tomcat]
2026-06-20 08:38:40 [main] INFO  org.apache.catalina.core.StandardEngine - Starting Servlet engine: [Apache Tomcat/10.1.18]
2026-06-20 08:38:41 [main] INFO  o.a.c.core.ContainerBase.[Tomcat].[localhost].[/] - Initializing Spring embedded WebApplicationContext
2026-06-20 08:38:41 [main] INFO  o.s.b.w.s.c.ServletWebServerApplicationContext - Root WebApplicationContext: initialization completed in 2499 ms
2026-06-20 08:38:41 [main] INFO  org.redisson.Version - Redisson 3.24.3
2026-06-20 08:38:41 [redisson-netty-2-5] INFO  o.r.connection.pool.MasterPubSubConnectionPool - 1 connections initialized for 192.168.200.128/192.168.200.128:6379
2026-06-20 08:38:41 [redisson-netty-2-19] INFO  org.redisson.connection.pool.MasterConnectionPool - 24 connections initialized for 192.168.200.128/192.168.200.128:6379
2026-06-20 08:38:42 [main] INFO  org.xiaoxu.service.OssService - OSS 客户端初始化完成, bucket=oss-inshanghai
2026-06-20 08:38:42 [main] INFO  o.xiaoxu.workflow.approval.ApprovalHandlerRegistry - 审批回调注册完成，已注册业务: [fulfillment-approval, leave-request]
2026-06-20 08:38:43 [main] INFO  o.f.spring.boot.cmmn.CmmnEngineAutoConfiguration - No deployment resources were found for autodeployment
2026-06-20 08:38:43 [main] INFO  o.f.spring.boot.dmn.DmnEngineAutoConfiguration - No deployment resources were found for autodeployment
2026-06-20 08:38:43 [main] INFO  o.f.s.b.e.EventRegistryAutoConfiguration - No deployment resources were found for autodeployment
2026-06-20 08:38:43 [main] INFO  o.f.spring.boot.app.AppEngineAutoConfiguration - No deployment resources were found for autodeployment
2026-06-20 08:38:43 [main] INFO  o.flowable.app.spring.SpringAppEngineConfiguration - Found 5 Engine Configurators in total:
2026-06-20 08:38:43 [main] INFO  o.flowable.app.spring.SpringAppEngineConfiguration - class org.flowable.engine.spring.configurator.SpringProcessEngineConfigurator (priority:50000)
2026-06-20 08:38:43 [main] INFO  o.flowable.app.spring.SpringAppEngineConfiguration - class org.flowable.eventregistry.spring.configurator.SpringEventRegistryConfigurator (priority:100000)
2026-06-20 08:38:43 [main] INFO  o.flowable.app.spring.SpringAppEngineConfiguration - class org.flowable.idm.spring.configurator.SpringIdmEngineConfigurator (priority:150000)
2026-06-20 08:38:43 [main] INFO  o.flowable.app.spring.SpringAppEngineConfiguration - class org.flowable.dmn.spring.configurator.SpringDmnEngineConfigurator (priority:200000)
2026-06-20 08:38:43 [main] INFO  o.flowable.app.spring.SpringAppEngineConfiguration - class org.flowable.cmmn.spring.configurator.SpringCmmnEngineConfigurator (priority:500000)
2026-06-20 08:38:43 [main] INFO  o.flowable.app.spring.SpringAppEngineConfiguration - Executing beforeInit() of class org.flowable.engine.spring.configurator.SpringProcessEngineConfigurator (priority:50000)
2026-06-20 08:38:43 [main] INFO  o.flowable.app.spring.SpringAppEngineConfiguration - Executing beforeInit() of class org.flowable.eventregistry.spring.configurator.SpringEventRegistryConfigurator (priority:100000)
2026-06-20 08:38:43 [main] INFO  o.flowable.app.spring.SpringAppEngineConfiguration - Executing beforeInit() of class org.flowable.idm.spring.configurator.SpringIdmEngineConfigurator (priority:150000)
2026-06-20 08:38:43 [main] INFO  o.flowable.app.spring.SpringAppEngineConfiguration - Executing beforeInit() of class org.flowable.dmn.spring.configurator.SpringDmnEngineConfigurator (priority:200000)
2026-06-20 08:38:43 [main] INFO  o.flowable.app.spring.SpringAppEngineConfiguration - Executing beforeInit() of class org.flowable.cmmn.spring.configurator.SpringCmmnEngineConfigurator (priority:500000)
2026-06-20 08:38:43 [main] INFO  com.zaxxer.hikari.HikariDataSource - HikariPool-1 - Starting...
2026-06-20 08:38:43 [main] INFO  com.zaxxer.hikari.pool.HikariPool - HikariPool-1 - Added connection com.mysql.cj.jdbc.ConnectionImpl@6b02909d
2026-06-20 08:38:43 [main] INFO  com.zaxxer.hikari.HikariDataSource - HikariPool-1 - Start completed.
2026-06-20 08:38:44 [main] INFO  o.flowable.app.spring.SpringAppEngineConfiguration - Executing configure() of class org.flowable.engine.spring.configurator.SpringProcessEngineConfigurator (priority:50000)
2026-06-20 08:38:45 [main] INFO  org.flowable.engine.impl.ProcessEngineImpl - ProcessEngine default created
2026-06-20 08:38:45 [main] INFO  o.flowable.engine.impl.cmd.ValidateV5EntitiesCmd - Total of v5 deployments found: 0
2026-06-20 08:38:45 [main] INFO  o.flowable.app.spring.SpringAppEngineConfiguration - Executing configure() of class org.flowable.eventregistry.spring.configurator.SpringEventRegistryConfigurator (priority:100000)
2026-06-20 08:38:46 [main] INFO  liquibase.changelog - Reading from `2026mysql_ds`.FLW_EV_DATABASECHANGELOG
2026-06-20 08:38:46 [main] INFO  liquibase.changelog - Reading from `2026mysql_ds`.FLW_EV_DATABASECHANGELOG
2026-06-20 08:38:46 [main] INFO  liquibase.util - UPDATE SUMMARY
2026-06-20 08:38:46 [main] INFO  liquibase.util - Run:                          0
2026-06-20 08:38:46 [main] INFO  liquibase.util - Previously run:               3
2026-06-20 08:38:46 [main] INFO  liquibase.util - Filtered out:                 0
2026-06-20 08:38:46 [main] INFO  liquibase.util - -------------------------------
2026-06-20 08:38:46 [main] INFO  liquibase.util - Total change sets:            3
2026-06-20 08:38:46 [main] INFO  liquibase.util - Update summary generated
2026-06-20 08:38:46 [main] INFO  liquibase.lockservice - Successfully released change log lock
2026-06-20 08:38:46 [main] INFO  liquibase.command - Command execution complete
2026-06-20 08:38:46 [main] INFO  o.f.eventregistry.impl.EventRegistryEngineImpl - EventRegistryEngine default created
2026-06-20 08:38:46 [main] INFO  o.flowable.app.spring.SpringAppEngineConfiguration - Executing configure() of class org.flowable.idm.spring.configurator.SpringIdmEngineConfigurator (priority:150000)
2026-06-20 08:38:46 [main] INFO  org.flowable.idm.engine.impl.IdmEngineImpl - IdmEngine default created
2026-06-20 08:38:46 [main] INFO  o.flowable.app.spring.SpringAppEngineConfiguration - Executing configure() of class org.flowable.dmn.spring.configurator.SpringDmnEngineConfigurator (priority:200000)
2026-06-20 08:38:46 [main] INFO  liquibase.changelog - Reading from `2026mysql_ds`.ACT_DMN_DATABASECHANGELOG
2026-06-20 08:38:46 [main] INFO  liquibase.changelog - Reading from `2026mysql_ds`.ACT_DMN_DATABASECHANGELOG
2026-06-20 08:38:46 [main] INFO  liquibase.util - UPDATE SUMMARY
2026-06-20 08:38:46 [main] INFO  liquibase.util - Run:                          0
2026-06-20 08:38:46 [main] INFO  liquibase.util - Previously run:               9
2026-06-20 08:38:46 [main] INFO  liquibase.util - Filtered out:                 0
2026-06-20 08:38:46 [main] INFO  liquibase.util - -------------------------------
2026-06-20 08:38:46 [main] INFO  liquibase.util - Total change sets:            9
2026-06-20 08:38:46 [main] INFO  liquibase.util - Update summary generated
2026-06-20 08:38:46 [main] INFO  liquibase.lockservice - Successfully released change log lock
2026-06-20 08:38:46 [main] INFO  liquibase.command - Command execution complete
2026-06-20 08:38:46 [main] INFO  org.flowable.dmn.engine.impl.DmnEngineImpl - DmnEngine default created
2026-06-20 08:38:46 [main] INFO  o.flowable.app.spring.SpringAppEngineConfiguration - Executing configure() of class org.flowable.cmmn.spring.configurator.SpringCmmnEngineConfigurator (priority:500000)
2026-06-20 08:38:47 [main] INFO  liquibase.changelog - Reading from `2026mysql_ds`.ACT_CMMN_DATABASECHANGELOG
2026-06-20 08:38:47 [main] INFO  liquibase.changelog - Reading from `2026mysql_ds`.ACT_CMMN_DATABASECHANGELOG
2026-06-20 08:38:47 [main] INFO  liquibase.util - UPDATE SUMMARY
2026-06-20 08:38:47 [main] INFO  liquibase.util - Run:                          0
2026-06-20 08:38:47 [main] INFO  liquibase.util - Previously run:              16
2026-06-20 08:38:47 [main] INFO  liquibase.util - Filtered out:                 1
2026-06-20 08:38:47 [main] INFO  liquibase.util - -------------------------------
2026-06-20 08:38:47 [main] INFO  liquibase.util - Total change sets:           17
2026-06-20 08:38:47 [main] INFO  liquibase.util - FILTERED CHANGE SETS SUMMARY
2026-06-20 08:38:47 [main] INFO  liquibase.util - DBMS mismatch:                1
2026-06-20 08:38:47 [main] INFO  liquibase.util - Update summary generated
2026-06-20 08:38:47 [main] INFO  liquibase.lockservice - Successfully released change log lock
2026-06-20 08:38:47 [main] INFO  liquibase.command - Command execution complete
2026-06-20 08:38:47 [main] INFO  org.flowable.cmmn.engine.impl.CmmnEngineImpl - CmmnEngine default created
2026-06-20 08:38:47 [main] INFO  liquibase.changelog - Reading from `2026mysql_ds`.ACT_APP_DATABASECHANGELOG
2026-06-20 08:38:47 [main] INFO  liquibase.changelog - Reading from `2026mysql_ds`.ACT_APP_DATABASECHANGELOG
2026-06-20 08:38:47 [main] INFO  liquibase.util - UPDATE SUMMARY
2026-06-20 08:38:47 [main] INFO  liquibase.util - Run:                          0
2026-06-20 08:38:47 [main] INFO  liquibase.util - Previously run:               3
2026-06-20 08:38:47 [main] INFO  liquibase.util - Filtered out:                 0
2026-06-20 08:38:47 [main] INFO  liquibase.util - -------------------------------
2026-06-20 08:38:47 [main] INFO  liquibase.util - Total change sets:            3
2026-06-20 08:38:47 [main] INFO  liquibase.util - Update summary generated
2026-06-20 08:38:47 [main] INFO  liquibase.lockservice - Successfully released change log lock
2026-06-20 08:38:47 [main] INFO  liquibase.command - Command execution complete
2026-06-20 08:38:47 [main] INFO  org.flowable.app.engine.impl.AppEngineImpl - AppEngine default created
2026-06-20 08:38:47 [main] INFO  o.s.b.actuate.endpoint.web.EndpointLinksResolver - Exposing 1 endpoint(s) beneath base path '/actuator'
2026-06-20 08:38:48 [main] INFO  o.s.security.web.DefaultSecurityFilterChain - Will secure any request with [org.springframework.security.web.session.DisableEncodeUrlFilter@7959a2df, org.springframework.security.web.context.request.async.WebAsyncManagerIntegrationFilter@2c1ea663, org.springframework.security.web.context.SecurityContextHolderFilter@4a77ba9b, org.springframework.security.web.header.HeaderWriterFilter@42097610, org.springframework.web.filter.CorsFilter@aade5a2, org.springframework.security.web.authentication.logout.LogoutFilter@22d092f3, org.xiaoxu.auth.TokenAuthenticationFilter@15aaf7b1, org.springframework.security.web.savedrequest.RequestCacheAwareFilter@3e30dc0f, org.springframework.security.web.servletapi.SecurityContextHolderAwareRequestFilter@5e4079a7, org.springframework.security.web.authentication.AnonymousAuthenticationFilter@23810f1c, org.springframework.security.web.session.SessionManagementFilter@1c5b39ec, org.springframework.security.web.access.ExceptionTranslationFilter@56a11b02, org.springframework.security.web.access.intercept.AuthorizationFilter@1af2bc40]
2026-06-20 08:38:48 [main] INFO  com.xxl.job.core.executor.XxlJobExecutor - >>>>>>>>>>> xxl-job register jobhandler success, name:sendFulfillmentApprovalNotify, jobHandler:com.xxl.job.core.handler.impl.MethodJobHandler@1aca3cd[class org.xiaoxu.workflow.job.ApprovalNotifyJobHandler#sendFulfillmentApprovalNotify]
2026-06-20 08:38:48 [main] INFO  com.xxl.job.core.executor.XxlJobExecutor - >>>>>>>>>>> xxl-job register jobhandler success, name:sendLeaveApprovalNotify, jobHandler:com.xxl.job.core.handler.impl.MethodJobHandler@2797b3f9[class org.xiaoxu.workflow.job.ApprovalNotifyJobHandler#sendLeaveApprovalNotify]
2026-06-20 08:38:48 [main] INFO  o.f.j.s.impl.asyncexecutor.AbstractAsyncExecutor - Starting up the async job executor [org.flowable.spring.job.service.SpringAsyncExecutor] for engine cmmn
2026-06-20 08:38:48 [Thread-8] INFO  o.f.j.s.i.asyncexecutor.ResetExpiredJobsRunnable - starting to reset expired jobs for engine cmmn
2026-06-20 08:38:48 [main] INFO  o.f.j.s.impl.asyncexecutor.AbstractAsyncExecutor - Starting up the async job executor [org.flowable.spring.job.service.SpringAsyncExecutor] for engine bpmn
2026-06-20 08:38:48 [Thread-6] INFO  o.f.j.s.i.a.AcquireAsyncJobsDueRunnable - starting to acquire async jobs due for engine cmmn
2026-06-20 08:38:48 [Thread-7] INFO  o.f.j.s.i.asyncexecutor.AcquireTimerJobsRunnable - starting to acquire async jobs due for engine cmmn
2026-06-20 08:38:48 [main] INFO  o.f.s.configurator.DefaultAutoDeploymentStrategy - Deploying resources [file [E:\programs\java_arsenal\permission-system\target\classes\processes\fulfillment-approval.bpmn20.xml], file [E:\programs\java_arsenal\permission-system\target\classes\processes\leave-request.bpmn20.xml]] for engine org.flowable.engine.impl.ProcessEngineImpl@3bf9fd4 deployment name hint SpringBootAutoDeployment
2026-06-20 08:38:48 [Thread-10] INFO  o.f.j.s.i.asyncexecutor.AcquireTimerJobsRunnable - starting to acquire async jobs due for engine bpmn
2026-06-20 08:38:48 [Thread-11] INFO  o.f.j.s.i.asyncexecutor.ResetExpiredJobsRunnable - starting to reset expired jobs for engine bpmn
2026-06-20 08:38:48 [Thread-9] INFO  o.f.j.s.i.a.AcquireAsyncJobsDueRunnable - starting to acquire async jobs due for engine bpmn
2026-06-20 08:38:48 [main] INFO  org.apache.coyote.http11.Http11NioProtocol - Starting ProtocolHandler ["http-nio-13690"]
2026-06-20 08:38:48 [main] INFO  o.s.boot.web.embedded.tomcat.TomcatWebServer - Tomcat started on port 13690 (http) with context path ''
2026-06-20 08:38:49 [main] INFO  org.xiaoxu.PermissionApplication - Started PermissionApplication in 11.341 seconds (process running for 12.538)
2026-06-20 08:38:49 [Thread-5] INFO  com.xxl.job.core.server.EmbedServer - >>>>>>>>>>> xxl-job remoting server start success, nettype = class com.xxl.job.core.server.EmbedServer, port = 9998
2026-06-20 08:38:49 [RMI TCP Connection(3)-192.168.1.2] INFO  o.a.c.core.ContainerBase.[Tomcat].[localhost].[/] - Initializing Spring DispatcherServlet 'dispatcherServlet'
2026-06-20 08:38:49 [RMI TCP Connection(3)-192.168.1.2] INFO  org.springframework.web.servlet.DispatcherServlet - Initializing Servlet 'dispatcherServlet'
2026-06-20 08:38:49 [RMI TCP Connection(3)-192.168.1.2] INFO  org.springframework.web.servlet.DispatcherServlet - Completed initialization in 1 ms
2026-06-20 08:40:18 [Thread-5] INFO  com.xxl.job.core.server.EmbedServer - >>>>>>>>>>> xxl-job remoting server stop.
2026-06-20 08:40:18 [xxl-job, executor ExecutorRegistryThread] INFO  com.xxl.job.core.thread.ExecutorRegistryThread - >>>>>>>>>>> xxl-job registry-remove success, registryParam:RegistryParam{registryGroup='EXECUTOR', registryKey='permission-job-executor', registryValue='http://192.168.1.2:9998/'}, registryResult:ReturnT [code=200, msg=null, content=null]
2026-06-20 08:40:18 [xxl-job, executor ExecutorRegistryThread] INFO  com.xxl.job.core.thread.ExecutorRegistryThread - >>>>>>>>>>> xxl-job, executor registry thread destroy.
2026-06-20 08:40:18 [SpringApplicationShutdownHook] INFO  com.xxl.job.core.server.EmbedServer - >>>>>>>>>>> xxl-job remoting server destroy success.
2026-06-20 08:40:18 [xxl-job, executor JobLogFileCleanThread] INFO  com.xxl.job.core.thread.JobLogFileCleanThread - >>>>>>>>>>> xxl-job, executor JobLogFileCleanThread thread destroy.
2026-06-20 08:40:18 [xxl-job, executor TriggerCallbackThread] INFO  com.xxl.job.core.thread.TriggerCallbackThread - >>>>>>>>>>> xxl-job, executor callback thread destroy.
2026-06-20 08:40:18 [Thread-4] INFO  com.xxl.job.core.thread.TriggerCallbackThread - >>>>>>>>>>> xxl-job, executor retry callback thread destroy.
2026-06-20 08:40:18 [SpringApplicationShutdownHook] INFO  o.f.j.s.impl.asyncexecutor.AbstractAsyncExecutor - Shutting down the async job executor [org.flowable.spring.job.service.SpringAsyncExecutor] for engine cmmn
2026-06-20 08:40:18 [flowable-cmmn-reset-expired-jobs] INFO  o.f.j.s.i.asyncexecutor.ResetExpiredJobsRunnable - stopped resetting expired jobs for engine cmmn
2026-06-20 08:40:18 [flowable-cmmn-acquire-async-jobs] INFO  o.f.j.s.i.a.AcquireAsyncJobsDueRunnable - stopped async job due acquisition for engine cmmn
2026-06-20 08:40:18 [flowable-cmmn-acquire-timer-jobs] INFO  o.f.j.s.i.asyncexecutor.AcquireTimerJobsRunnable - stopped async job due acquisition for engine cmmn
2026-06-20 08:40:18 [SpringApplicationShutdownHook] INFO  o.f.j.s.impl.asyncexecutor.AbstractAsyncExecutor - Shutting down the async job executor [org.flowable.spring.job.service.SpringAsyncExecutor] for engine bpmn
2026-06-20 08:40:18 [flowable-bpmn-acquire-timer-jobs] INFO  o.f.j.s.i.asyncexecutor.AcquireTimerJobsRunnable - stopped async job due acquisition for engine bpmn
2026-06-20 08:40:18 [flowable-bpmn-acquire-async-jobs] INFO  o.f.j.s.i.a.AcquireAsyncJobsDueRunnable - stopped async job due acquisition for engine bpmn
2026-06-20 08:40:18 [flowable-bpmn-reset-expired-jobs] INFO  o.f.j.s.i.asyncexecutor.ResetExpiredJobsRunnable - stopped resetting expired jobs for engine bpmn
2026-06-20 08:40:18 [SpringApplicationShutdownHook] INFO  com.zaxxer.hikari.HikariDataSource - HikariPool-1 - Shutdown initiated...
2026-06-20 08:40:18 [SpringApplicationShutdownHook] INFO  com.zaxxer.hikari.HikariDataSource - HikariPool-1 - Shutdown completed.
2026-06-20 08:40:25 [background-preinit] INFO  org.hibernate.validator.internal.util.Version - HV000001: Hibernate Validator 8.0.1.Final
2026-06-20 08:40:25 [main] INFO  org.xiaoxu.PermissionApplication - Starting PermissionApplication using Java 17.0.12 with PID 67220 (E:\programs\java_arsenal\permission-system\target\classes started by tingq in E:\programs\java_arsenal)
2026-06-20 08:40:25 [main] INFO  org.xiaoxu.PermissionApplication - The following 1 profile is active: "local"
2026-06-20 08:40:28 [main] INFO  o.s.d.r.config.RepositoryConfigurationDelegate - Multiple Spring Data modules found, entering strict repository configuration mode
2026-06-20 08:40:28 [main] INFO  o.s.d.r.config.RepositoryConfigurationDelegate - Bootstrapping Spring Data Redis repositories in DEFAULT mode.
2026-06-20 08:40:28 [main] INFO  o.s.d.r.config.RepositoryConfigurationDelegate - Finished Spring Data repository scanning in 67 ms. Found 0 Redis repository interfaces.
2026-06-20 08:40:28 [main] WARN  o.s.c.s.PostProcessorRegistrationDelegate$BeanPostProcessorChecker - Bean 'com.alicp.jetcache.anno.config.JetCacheProxyConfiguration' of type [com.alicp.jetcache.anno.config.JetCacheProxyConfiguration$$SpringCGLIB$$0] is not eligible for getting processed by all BeanPostProcessors (for example: not eligible for auto-proxying). Is this bean getting eagerly injected into a currently created BeanPostProcessor [meterRegistryPostProcessor]? Check the corresponding BeanPostProcessor declaration and its dependencies.
2026-06-20 08:40:28 [main] WARN  o.s.c.s.PostProcessorRegistrationDelegate$BeanPostProcessorChecker - Bean 'com.alicp.jetcache.anno.config.CommonConfiguration' of type [com.alicp.jetcache.anno.config.CommonConfiguration$$SpringCGLIB$$0] is not eligible for getting processed by all BeanPostProcessors (for example: not eligible for auto-proxying). Is this bean getting eagerly injected into a currently created BeanPostProcessor [meterRegistryPostProcessor]? Check the corresponding BeanPostProcessor declaration and its dependencies.
2026-06-20 08:40:29 [main] INFO  o.s.boot.web.embedded.tomcat.TomcatWebServer - Tomcat initialized with port 13690 (http)
2026-06-20 08:40:29 [main] INFO  org.apache.coyote.http11.Http11NioProtocol - Initializing ProtocolHandler ["http-nio-13690"]
2026-06-20 08:40:29 [main] INFO  org.apache.catalina.core.StandardService - Starting service [Tomcat]
2026-06-20 08:40:29 [main] INFO  org.apache.catalina.core.StandardEngine - Starting Servlet engine: [Apache Tomcat/10.1.18]
2026-06-20 08:40:29 [main] INFO  o.a.c.core.ContainerBase.[Tomcat].[localhost].[/] - Initializing Spring embedded WebApplicationContext
2026-06-20 08:40:29 [main] INFO  o.s.b.w.s.c.ServletWebServerApplicationContext - Root WebApplicationContext: initialization completed in 3416 ms
2026-06-20 08:40:29 [main] INFO  org.redisson.Version - Redisson 3.24.3
2026-06-20 08:40:30 [redisson-netty-2-5] INFO  o.r.connection.pool.MasterPubSubConnectionPool - 1 connections initialized for 192.168.200.128/192.168.200.128:6379
2026-06-20 08:40:30 [redisson-netty-2-19] INFO  org.redisson.connection.pool.MasterConnectionPool - 24 connections initialized for 192.168.200.128/192.168.200.128:6379
2026-06-20 08:40:31 [main] INFO  org.xiaoxu.service.OssService - OSS 客户端初始化完成, bucket=oss-inshanghai
2026-06-20 08:40:31 [main] INFO  o.xiaoxu.workflow.approval.ApprovalHandlerRegistry - 审批回调注册完成，已注册业务: [fulfillment-approval, leave-request]
2026-06-20 08:40:32 [main] INFO  o.f.spring.boot.cmmn.CmmnEngineAutoConfiguration - No deployment resources were found for autodeployment
2026-06-20 08:40:32 [main] INFO  o.f.spring.boot.dmn.DmnEngineAutoConfiguration - No deployment resources were found for autodeployment
2026-06-20 08:40:32 [main] INFO  o.f.s.b.e.EventRegistryAutoConfiguration - No deployment resources were found for autodeployment
2026-06-20 08:40:32 [main] INFO  o.f.spring.boot.app.AppEngineAutoConfiguration - No deployment resources were found for autodeployment
2026-06-20 08:40:32 [main] INFO  o.flowable.app.spring.SpringAppEngineConfiguration - Found 5 Engine Configurators in total:
2026-06-20 08:40:32 [main] INFO  o.flowable.app.spring.SpringAppEngineConfiguration - class org.flowable.engine.spring.configurator.SpringProcessEngineConfigurator (priority:50000)
2026-06-20 08:40:32 [main] INFO  o.flowable.app.spring.SpringAppEngineConfiguration - class org.flowable.eventregistry.spring.configurator.SpringEventRegistryConfigurator (priority:100000)
2026-06-20 08:40:32 [main] INFO  o.flowable.app.spring.SpringAppEngineConfiguration - class org.flowable.idm.spring.configurator.SpringIdmEngineConfigurator (priority:150000)
2026-06-20 08:40:32 [main] INFO  o.flowable.app.spring.SpringAppEngineConfiguration - class org.flowable.dmn.spring.configurator.SpringDmnEngineConfigurator (priority:200000)
2026-06-20 08:40:32 [main] INFO  o.flowable.app.spring.SpringAppEngineConfiguration - class org.flowable.cmmn.spring.configurator.SpringCmmnEngineConfigurator (priority:500000)
2026-06-20 08:40:32 [main] INFO  o.flowable.app.spring.SpringAppEngineConfiguration - Executing beforeInit() of class org.flowable.engine.spring.configurator.SpringProcessEngineConfigurator (priority:50000)
2026-06-20 08:40:32 [main] INFO  o.flowable.app.spring.SpringAppEngineConfiguration - Executing beforeInit() of class org.flowable.eventregistry.spring.configurator.SpringEventRegistryConfigurator (priority:100000)
2026-06-20 08:40:32 [main] INFO  o.flowable.app.spring.SpringAppEngineConfiguration - Executing beforeInit() of class org.flowable.idm.spring.configurator.SpringIdmEngineConfigurator (priority:150000)
2026-06-20 08:40:32 [main] INFO  o.flowable.app.spring.SpringAppEngineConfiguration - Executing beforeInit() of class org.flowable.dmn.spring.configurator.SpringDmnEngineConfigurator (priority:200000)
2026-06-20 08:40:32 [main] INFO  o.flowable.app.spring.SpringAppEngineConfiguration - Executing beforeInit() of class org.flowable.cmmn.spring.configurator.SpringCmmnEngineConfigurator (priority:500000)
2026-06-20 08:40:32 [main] INFO  com.zaxxer.hikari.HikariDataSource - HikariPool-1 - Starting...
2026-06-20 08:40:32 [main] INFO  com.zaxxer.hikari.pool.HikariPool - HikariPool-1 - Added connection com.mysql.cj.jdbc.ConnectionImpl@7641d70
2026-06-20 08:40:32 [main] INFO  com.zaxxer.hikari.HikariDataSource - HikariPool-1 - Start completed.
2026-06-20 08:40:33 [main] INFO  o.flowable.app.spring.SpringAppEngineConfiguration - Executing configure() of class org.flowable.engine.spring.configurator.SpringProcessEngineConfigurator (priority:50000)
2026-06-20 08:40:34 [main] INFO  org.flowable.engine.impl.ProcessEngineImpl - ProcessEngine default created
2026-06-20 08:40:34 [main] INFO  o.flowable.engine.impl.cmd.ValidateV5EntitiesCmd - Total of v5 deployments found: 0
2026-06-20 08:40:34 [main] INFO  o.flowable.app.spring.SpringAppEngineConfiguration - Executing configure() of class org.flowable.eventregistry.spring.configurator.SpringEventRegistryConfigurator (priority:100000)
2026-06-20 08:40:35 [main] INFO  liquibase.changelog - Reading from `2026mysql_ds`.FLW_EV_DATABASECHANGELOG
2026-06-20 08:40:35 [main] INFO  liquibase.changelog - Reading from `2026mysql_ds`.FLW_EV_DATABASECHANGELOG
2026-06-20 08:40:35 [main] INFO  liquibase.util - UPDATE SUMMARY
2026-06-20 08:40:35 [main] INFO  liquibase.util - Run:                          0
2026-06-20 08:40:35 [main] INFO  liquibase.util - Previously run:               3
2026-06-20 08:40:35 [main] INFO  liquibase.util - Filtered out:                 0
2026-06-20 08:40:35 [main] INFO  liquibase.util - -------------------------------
2026-06-20 08:40:35 [main] INFO  liquibase.util - Total change sets:            3
2026-06-20 08:40:35 [main] INFO  liquibase.util - Update summary generated
2026-06-20 08:40:35 [main] INFO  liquibase.lockservice - Successfully released change log lock
2026-06-20 08:40:35 [main] INFO  liquibase.command - Command execution complete
2026-06-20 08:40:35 [main] INFO  o.f.eventregistry.impl.EventRegistryEngineImpl - EventRegistryEngine default created
2026-06-20 08:40:35 [main] INFO  o.flowable.app.spring.SpringAppEngineConfiguration - Executing configure() of class org.flowable.idm.spring.configurator.SpringIdmEngineConfigurator (priority:150000)
2026-06-20 08:40:35 [main] INFO  org.flowable.idm.engine.impl.IdmEngineImpl - IdmEngine default created
2026-06-20 08:40:35 [main] INFO  o.flowable.app.spring.SpringAppEngineConfiguration - Executing configure() of class org.flowable.dmn.spring.configurator.SpringDmnEngineConfigurator (priority:200000)
2026-06-20 08:40:35 [main] INFO  liquibase.changelog - Reading from `2026mysql_ds`.ACT_DMN_DATABASECHANGELOG
2026-06-20 08:40:35 [main] INFO  liquibase.changelog - Reading from `2026mysql_ds`.ACT_DMN_DATABASECHANGELOG
2026-06-20 08:40:35 [main] INFO  liquibase.util - UPDATE SUMMARY
2026-06-20 08:40:35 [main] INFO  liquibase.util - Run:                          0
2026-06-20 08:40:35 [main] INFO  liquibase.util - Previously run:               9
2026-06-20 08:40:35 [main] INFO  liquibase.util - Filtered out:                 0
2026-06-20 08:40:35 [main] INFO  liquibase.util - -------------------------------
2026-06-20 08:40:35 [main] INFO  liquibase.util - Total change sets:            9
2026-06-20 08:40:35 [main] INFO  liquibase.util - Update summary generated
2026-06-20 08:40:35 [main] INFO  liquibase.lockservice - Successfully released change log lock
2026-06-20 08:40:35 [main] INFO  liquibase.command - Command execution complete
2026-06-20 08:40:35 [main] INFO  org.flowable.dmn.engine.impl.DmnEngineImpl - DmnEngine default created
2026-06-20 08:40:35 [main] INFO  o.flowable.app.spring.SpringAppEngineConfiguration - Executing configure() of class org.flowable.cmmn.spring.configurator.SpringCmmnEngineConfigurator (priority:500000)
2026-06-20 08:40:35 [main] INFO  liquibase.changelog - Reading from `2026mysql_ds`.ACT_CMMN_DATABASECHANGELOG
2026-06-20 08:40:36 [main] INFO  liquibase.changelog - Reading from `2026mysql_ds`.ACT_CMMN_DATABASECHANGELOG
2026-06-20 08:40:36 [main] INFO  liquibase.util - UPDATE SUMMARY
2026-06-20 08:40:36 [main] INFO  liquibase.util - Run:                          0
2026-06-20 08:40:36 [main] INFO  liquibase.util - Previously run:              16
2026-06-20 08:40:36 [main] INFO  liquibase.util - Filtered out:                 1
2026-06-20 08:40:36 [main] INFO  liquibase.util - -------------------------------
2026-06-20 08:40:36 [main] INFO  liquibase.util - Total change sets:           17
2026-06-20 08:40:36 [main] INFO  liquibase.util - FILTERED CHANGE SETS SUMMARY
2026-06-20 08:40:36 [main] INFO  liquibase.util - DBMS mismatch:                1
2026-06-20 08:40:36 [main] INFO  liquibase.util - Update summary generated
2026-06-20 08:40:36 [main] INFO  liquibase.lockservice - Successfully released change log lock
2026-06-20 08:40:36 [main] INFO  liquibase.command - Command execution complete
2026-06-20 08:40:36 [main] INFO  org.flowable.cmmn.engine.impl.CmmnEngineImpl - CmmnEngine default created
2026-06-20 08:40:36 [main] INFO  liquibase.changelog - Reading from `2026mysql_ds`.ACT_APP_DATABASECHANGELOG
2026-06-20 08:40:36 [main] INFO  liquibase.changelog - Reading from `2026mysql_ds`.ACT_APP_DATABASECHANGELOG
2026-06-20 08:40:36 [main] INFO  liquibase.util - UPDATE SUMMARY
2026-06-20 08:40:36 [main] INFO  liquibase.util - Run:                          0
2026-06-20 08:40:36 [main] INFO  liquibase.util - Previously run:               3
2026-06-20 08:40:36 [main] INFO  liquibase.util - Filtered out:                 0
2026-06-20 08:40:36 [main] INFO  liquibase.util - -------------------------------
2026-06-20 08:40:36 [main] INFO  liquibase.util - Total change sets:            3
2026-06-20 08:40:36 [main] INFO  liquibase.util - Update summary generated
2026-06-20 08:40:36 [main] INFO  liquibase.lockservice - Successfully released change log lock
2026-06-20 08:40:36 [main] INFO  liquibase.command - Command execution complete
2026-06-20 08:40:36 [main] INFO  org.flowable.app.engine.impl.AppEngineImpl - AppEngine default created
2026-06-20 08:40:36 [main] INFO  o.s.b.actuate.endpoint.web.EndpointLinksResolver - Exposing 1 endpoint(s) beneath base path '/actuator'
2026-06-20 08:40:36 [main] INFO  o.s.security.web.DefaultSecurityFilterChain - Will secure any request with [org.springframework.security.web.session.DisableEncodeUrlFilter@3094e328, org.springframework.security.web.context.request.async.WebAsyncManagerIntegrationFilter@dd3d998, org.springframework.security.web.context.SecurityContextHolderFilter@2d15ebbe, org.springframework.security.web.header.HeaderWriterFilter@4bdf8378, org.springframework.web.filter.CorsFilter@1bd6638, org.springframework.security.web.authentication.logout.LogoutFilter@7264b9f9, org.xiaoxu.auth.TokenAuthenticationFilter@6130a6f5, org.springframework.security.web.savedrequest.RequestCacheAwareFilter@7cc1a777, org.springframework.security.web.servletapi.SecurityContextHolderAwareRequestFilter@528e598, org.springframework.security.web.authentication.AnonymousAuthenticationFilter@5c59bea7, org.springframework.security.web.session.SessionManagementFilter@5e4079a7, org.springframework.security.web.access.ExceptionTranslationFilter@2e16f2e3, org.springframework.security.web.access.intercept.AuthorizationFilter@42327d38]
2026-06-20 08:40:37 [main] INFO  com.xxl.job.core.executor.XxlJobExecutor - >>>>>>>>>>> xxl-job register jobhandler success, name:sendLeaveApprovalNotify, jobHandler:com.xxl.job.core.handler.impl.MethodJobHandler@6fe1a04e[class org.xiaoxu.workflow.job.ApprovalNotifyJobHandler#sendLeaveApprovalNotify]
2026-06-20 08:40:37 [main] INFO  com.xxl.job.core.executor.XxlJobExecutor - >>>>>>>>>>> xxl-job register jobhandler success, name:sendFulfillmentApprovalNotify, jobHandler:com.xxl.job.core.handler.impl.MethodJobHandler@28c8ec96[class org.xiaoxu.workflow.job.ApprovalNotifyJobHandler#sendFulfillmentApprovalNotify]
2026-06-20 08:40:37 [main] INFO  o.f.j.s.impl.asyncexecutor.AbstractAsyncExecutor - Starting up the async job executor [org.flowable.spring.job.service.SpringAsyncExecutor] for engine cmmn
2026-06-20 08:40:37 [Thread-8] INFO  o.f.j.s.i.asyncexecutor.ResetExpiredJobsRunnable - starting to reset expired jobs for engine cmmn
2026-06-20 08:40:37 [main] INFO  o.f.j.s.impl.asyncexecutor.AbstractAsyncExecutor - Starting up the async job executor [org.flowable.spring.job.service.SpringAsyncExecutor] for engine bpmn
2026-06-20 08:40:37 [Thread-7] INFO  o.f.j.s.i.asyncexecutor.AcquireTimerJobsRunnable - starting to acquire async jobs due for engine cmmn
2026-06-20 08:40:37 [Thread-6] INFO  o.f.j.s.i.a.AcquireAsyncJobsDueRunnable - starting to acquire async jobs due for engine cmmn
2026-06-20 08:40:37 [Thread-9] INFO  o.f.j.s.i.a.AcquireAsyncJobsDueRunnable - starting to acquire async jobs due for engine bpmn
2026-06-20 08:40:37 [main] INFO  o.f.s.configurator.DefaultAutoDeploymentStrategy - Deploying resources [file [E:\programs\java_arsenal\permission-system\target\classes\processes\fulfillment-approval.bpmn20.xml], file [E:\programs\java_arsenal\permission-system\target\classes\processes\leave-request.bpmn20.xml]] for engine org.flowable.engine.impl.ProcessEngineImpl@5099b274 deployment name hint SpringBootAutoDeployment
2026-06-20 08:40:37 [Thread-10] INFO  o.f.j.s.i.asyncexecutor.AcquireTimerJobsRunnable - starting to acquire async jobs due for engine bpmn
2026-06-20 08:40:37 [Thread-11] INFO  o.f.j.s.i.asyncexecutor.ResetExpiredJobsRunnable - starting to reset expired jobs for engine bpmn
2026-06-20 08:40:37 [main] INFO  org.apache.coyote.http11.Http11NioProtocol - Starting ProtocolHandler ["http-nio-13690"]
2026-06-20 08:40:37 [main] INFO  o.s.boot.web.embedded.tomcat.TomcatWebServer - Tomcat started on port 13690 (http) with context path ''
2026-06-20 08:40:37 [main] INFO  org.xiaoxu.PermissionApplication - Started PermissionApplication in 12.542 seconds (process running for 13.942)
2026-06-20 08:40:37 [Thread-5] INFO  com.xxl.job.core.server.EmbedServer - >>>>>>>>>>> xxl-job remoting server start success, nettype = class com.xxl.job.core.server.EmbedServer, port = 9998
2026-06-20 08:40:38 [RMI TCP Connection(4)-192.168.1.2] INFO  o.a.c.core.ContainerBase.[Tomcat].[localhost].[/] - Initializing Spring DispatcherServlet 'dispatcherServlet'
2026-06-20 08:40:38 [RMI TCP Connection(4)-192.168.1.2] INFO  org.springframework.web.servlet.DispatcherServlet - Initializing Servlet 'dispatcherServlet'
2026-06-20 08:40:38 [RMI TCP Connection(4)-192.168.1.2] INFO  org.springframework.web.servlet.DispatcherServlet - Completed initialization in 0 ms
2026-06-20 08:40:42 [http-nio-13690-exec-3] INFO  org.xiaoxu.service.MenuService - 用户[10]的角色IDs: [2]
2026-06-20 08:40:42 [http-nio-13690-exec-3] INFO  org.xiaoxu.service.MenuService - 用户[10]的菜单IDs: [100, 102, 103, 106, 107, 108, 109]
2026-06-20 08:43:06 [http-nio-13690-exec-3] INFO  org.xiaoxu.service.MenuService - 用户[1]的角色IDs: [1]
2026-06-20 08:43:06 [http-nio-13690-exec-3] INFO  org.xiaoxu.service.MenuService - 用户[1]的菜单IDs: [1, 2, 3, 4, 5, 6, 7, 8, 9, 10, 11, 12, 13, 14, 15, 16, 100, 101, 102, 103, 104, 105, 106, 107, 108, 109, 110]
2026-06-20 08:44:41 [http-nio-13690-exec-5] INFO  org.xiaoxu.service.EmailService - 邮件发送成功, to=tingqq7@gmail.com, subject=【BPMN系统】登录验证码
2026-06-20 08:44:41 [http-nio-13690-exec-5] INFO  org.xiaoxu.controller.AuthController - 验证码已发送, email=tingqq7@gmail.com, code=198123
2026-06-20 08:45:06 [http-nio-13690-exec-5] INFO  org.xiaoxu.service.MenuService - 用户[1]的角色IDs: [1]
2026-06-20 08:45:06 [http-nio-13690-exec-5] INFO  org.xiaoxu.service.MenuService - 用户[1]的菜单IDs: [1, 2, 3, 4, 5, 6, 7, 8, 9, 10, 11, 12, 13, 14, 15, 16, 100, 101, 102, 103, 104, 105, 106, 107, 108, 109, 110]
2026-06-20 08:45:42 [http-nio-13690-exec-3] INFO  org.xiaoxu.service.EmailService - 邮件发送成功, to=2726986361@qq, subject=【BPMN系统】登录验证码
2026-06-20 08:45:42 [http-nio-13690-exec-3] INFO  org.xiaoxu.controller.AuthController - 验证码已发送, email=2726986361@qq, code=114583
2026-06-20 08:46:10 [http-nio-13690-exec-4] INFO  org.xiaoxu.service.EmailService - 邮件发送成功, to=2726986361@qq.com, subject=【BPMN系统】登录验证码
2026-06-20 08:46:10 [http-nio-13690-exec-4] INFO  org.xiaoxu.controller.AuthController - 验证码已发送, email=2726986361@qq.com, code=640784
2026-06-20 08:46:25 [http-nio-13690-exec-4] INFO  org.xiaoxu.service.MenuService - 用户[10]的角色IDs: [2]
2026-06-20 08:46:25 [http-nio-13690-exec-4] INFO  org.xiaoxu.service.MenuService - 用户[10]的菜单IDs: [100, 102, 103, 106, 107, 108, 109]
2026-06-20 08:49:53 [http-nio-13690-exec-3] INFO  org.xiaoxu.service.MenuService - 用户[10]的角色IDs: [2]
2026-06-20 08:49:53 [http-nio-13690-exec-3] INFO  org.xiaoxu.service.MenuService - 用户[10]的菜单IDs: [100, 102, 103, 106, 107, 108, 109]
2026-06-20 08:51:35 [Thread-5] INFO  com.xxl.job.core.server.EmbedServer - >>>>>>>>>>> xxl-job remoting server stop.
2026-06-20 08:51:35 [xxl-job, executor ExecutorRegistryThread] INFO  com.xxl.job.core.thread.ExecutorRegistryThread - >>>>>>>>>>> xxl-job registry-remove success, registryParam:RegistryParam{registryGroup='EXECUTOR', registryKey='permission-job-executor', registryValue='http://192.168.1.2:9998/'}, registryResult:ReturnT [code=200, msg=null, content=null]
2026-06-20 08:51:35 [xxl-job, executor ExecutorRegistryThread] INFO  com.xxl.job.core.thread.ExecutorRegistryThread - >>>>>>>>>>> xxl-job, executor registry thread destroy.
2026-06-20 08:51:35 [SpringApplicationShutdownHook] INFO  com.xxl.job.core.server.EmbedServer - >>>>>>>>>>> xxl-job remoting server destroy success.
2026-06-20 08:51:35 [xxl-job, executor JobLogFileCleanThread] INFO  com.xxl.job.core.thread.JobLogFileCleanThread - >>>>>>>>>>> xxl-job, executor JobLogFileCleanThread thread destroy.
2026-06-20 08:51:35 [xxl-job, executor TriggerCallbackThread] INFO  com.xxl.job.core.thread.TriggerCallbackThread - >>>>>>>>>>> xxl-job, executor callback thread destroy.
2026-06-20 08:51:35 [Thread-4] INFO  com.xxl.job.core.thread.TriggerCallbackThread - >>>>>>>>>>> xxl-job, executor retry callback thread destroy.
2026-06-20 08:51:35 [SpringApplicationShutdownHook] INFO  o.f.j.s.impl.asyncexecutor.AbstractAsyncExecutor - Shutting down the async job executor [org.flowable.spring.job.service.SpringAsyncExecutor] for engine cmmn
2026-06-20 08:51:35 [flowable-cmmn-acquire-async-jobs] INFO  o.f.j.s.i.a.AcquireAsyncJobsDueRunnable - stopped async job due acquisition for engine cmmn
2026-06-20 08:51:35 [flowable-cmmn-acquire-timer-jobs] INFO  o.f.j.s.i.asyncexecutor.AcquireTimerJobsRunnable - stopped async job due acquisition for engine cmmn
2026-06-20 08:51:35 [flowable-cmmn-reset-expired-jobs] INFO  o.f.j.s.i.asyncexecutor.ResetExpiredJobsRunnable - stopped resetting expired jobs for engine cmmn
2026-06-20 08:51:35 [SpringApplicationShutdownHook] INFO  o.f.j.s.impl.asyncexecutor.AbstractAsyncExecutor - Shutting down the async job executor [org.flowable.spring.job.service.SpringAsyncExecutor] for engine bpmn
2026-06-20 08:51:35 [flowable-bpmn-acquire-async-jobs] INFO  o.f.j.s.i.a.AcquireAsyncJobsDueRunnable - stopped async job due acquisition for engine bpmn
2026-06-20 08:51:35 [flowable-bpmn-reset-expired-jobs] INFO  o.f.j.s.i.asyncexecutor.ResetExpiredJobsRunnable - stopped resetting expired jobs for engine bpmn
2026-06-20 08:51:35 [flowable-bpmn-acquire-timer-jobs] INFO  o.f.j.s.i.asyncexecutor.AcquireTimerJobsRunnable - stopped async job due acquisition for engine bpmn
2026-06-20 08:51:35 [SpringApplicationShutdownHook] INFO  com.zaxxer.hikari.HikariDataSource - HikariPool-1 - Shutdown initiated...
2026-06-20 08:51:35 [SpringApplicationShutdownHook] INFO  com.zaxxer.hikari.HikariDataSource - HikariPool-1 - Shutdown completed.
2026-06-20 08:51:42 [background-preinit] INFO  org.hibernate.validator.internal.util.Version - HV000001: Hibernate Validator 8.0.1.Final
2026-06-20 08:51:42 [main] INFO  org.xiaoxu.PermissionApplication - Starting PermissionApplication using Java 17.0.12 with PID 20728 (E:\programs\java_arsenal\permission-system\target\classes started by tingq in E:\programs\java_arsenal)
2026-06-20 08:51:42 [main] INFO  org.xiaoxu.PermissionApplication - The following 1 profile is active: "local"
2026-06-20 08:51:43 [main] INFO  o.s.d.r.config.RepositoryConfigurationDelegate - Multiple Spring Data modules found, entering strict repository configuration mode
2026-06-20 08:51:43 [main] INFO  o.s.d.r.config.RepositoryConfigurationDelegate - Bootstrapping Spring Data Redis repositories in DEFAULT mode.
2026-06-20 08:51:43 [main] INFO  o.s.d.r.config.RepositoryConfigurationDelegate - Finished Spring Data repository scanning in 35 ms. Found 0 Redis repository interfaces.
2026-06-20 08:51:44 [main] WARN  o.s.c.s.PostProcessorRegistrationDelegate$BeanPostProcessorChecker - Bean 'com.alicp.jetcache.anno.config.JetCacheProxyConfiguration' of type [com.alicp.jetcache.anno.config.JetCacheProxyConfiguration$$SpringCGLIB$$0] is not eligible for getting processed by all BeanPostProcessors (for example: not eligible for auto-proxying). Is this bean getting eagerly injected into a currently created BeanPostProcessor [meterRegistryPostProcessor]? Check the corresponding BeanPostProcessor declaration and its dependencies.
2026-06-20 08:51:44 [main] WARN  o.s.c.s.PostProcessorRegistrationDelegate$BeanPostProcessorChecker - Bean 'com.alicp.jetcache.anno.config.CommonConfiguration' of type [com.alicp.jetcache.anno.config.CommonConfiguration$$SpringCGLIB$$0] is not eligible for getting processed by all BeanPostProcessors (for example: not eligible for auto-proxying). Is this bean getting eagerly injected into a currently created BeanPostProcessor [meterRegistryPostProcessor]? Check the corresponding BeanPostProcessor declaration and its dependencies.
2026-06-20 08:51:44 [main] INFO  o.s.boot.web.embedded.tomcat.TomcatWebServer - Tomcat initialized with port 13690 (http)
2026-06-20 08:51:44 [main] INFO  org.apache.coyote.http11.Http11NioProtocol - Initializing ProtocolHandler ["http-nio-13690"]
2026-06-20 08:51:44 [main] INFO  org.apache.catalina.core.StandardService - Starting service [Tomcat]
2026-06-20 08:51:44 [main] INFO  org.apache.catalina.core.StandardEngine - Starting Servlet engine: [Apache Tomcat/10.1.18]
2026-06-20 08:51:44 [main] INFO  o.a.c.core.ContainerBase.[Tomcat].[localhost].[/] - Initializing Spring embedded WebApplicationContext
2026-06-20 08:51:44 [main] INFO  o.s.b.w.s.c.ServletWebServerApplicationContext - Root WebApplicationContext: initialization completed in 2414 ms
2026-06-20 08:51:45 [main] INFO  org.redisson.Version - Redisson 3.24.3
2026-06-20 08:51:45 [redisson-netty-2-5] INFO  o.r.connection.pool.MasterPubSubConnectionPool - 1 connections initialized for 192.168.200.128/192.168.200.128:6379
2026-06-20 08:51:45 [redisson-netty-2-19] INFO  org.redisson.connection.pool.MasterConnectionPool - 24 connections initialized for 192.168.200.128/192.168.200.128:6379
2026-06-20 08:51:46 [main] INFO  org.xiaoxu.service.OssService - OSS 客户端初始化完成, bucket=oss-inshanghai
2026-06-20 08:51:46 [main] INFO  o.xiaoxu.workflow.approval.ApprovalHandlerRegistry - 审批回调注册完成，已注册业务: [fulfillment-approval, leave-request]
2026-06-20 08:51:47 [main] INFO  o.f.spring.boot.cmmn.CmmnEngineAutoConfiguration - No deployment resources were found for autodeployment
2026-06-20 08:51:47 [main] INFO  o.f.spring.boot.dmn.DmnEngineAutoConfiguration - No deployment resources were found for autodeployment
2026-06-20 08:51:47 [main] INFO  o.f.s.b.e.EventRegistryAutoConfiguration - No deployment resources were found for autodeployment
2026-06-20 08:51:47 [main] INFO  o.f.spring.boot.app.AppEngineAutoConfiguration - No deployment resources were found for autodeployment
2026-06-20 08:51:47 [main] INFO  o.flowable.app.spring.SpringAppEngineConfiguration - Found 5 Engine Configurators in total:
2026-06-20 08:51:47 [main] INFO  o.flowable.app.spring.SpringAppEngineConfiguration - class org.flowable.engine.spring.configurator.SpringProcessEngineConfigurator (priority:50000)
2026-06-20 08:51:47 [main] INFO  o.flowable.app.spring.SpringAppEngineConfiguration - class org.flowable.eventregistry.spring.configurator.SpringEventRegistryConfigurator (priority:100000)
2026-06-20 08:51:47 [main] INFO  o.flowable.app.spring.SpringAppEngineConfiguration - class org.flowable.idm.spring.configurator.SpringIdmEngineConfigurator (priority:150000)
2026-06-20 08:51:47 [main] INFO  o.flowable.app.spring.SpringAppEngineConfiguration - class org.flowable.dmn.spring.configurator.SpringDmnEngineConfigurator (priority:200000)
2026-06-20 08:51:47 [main] INFO  o.flowable.app.spring.SpringAppEngineConfiguration - class org.flowable.cmmn.spring.configurator.SpringCmmnEngineConfigurator (priority:500000)
2026-06-20 08:51:47 [main] INFO  o.flowable.app.spring.SpringAppEngineConfiguration - Executing beforeInit() of class org.flowable.engine.spring.configurator.SpringProcessEngineConfigurator (priority:50000)
2026-06-20 08:51:47 [main] INFO  o.flowable.app.spring.SpringAppEngineConfiguration - Executing beforeInit() of class org.flowable.eventregistry.spring.configurator.SpringEventRegistryConfigurator (priority:100000)
2026-06-20 08:51:47 [main] INFO  o.flowable.app.spring.SpringAppEngineConfiguration - Executing beforeInit() of class org.flowable.idm.spring.configurator.SpringIdmEngineConfigurator (priority:150000)
2026-06-20 08:51:47 [main] INFO  o.flowable.app.spring.SpringAppEngineConfiguration - Executing beforeInit() of class org.flowable.dmn.spring.configurator.SpringDmnEngineConfigurator (priority:200000)
2026-06-20 08:51:47 [main] INFO  o.flowable.app.spring.SpringAppEngineConfiguration - Executing beforeInit() of class org.flowable.cmmn.spring.configurator.SpringCmmnEngineConfigurator (priority:500000)
2026-06-20 08:51:47 [main] INFO  com.zaxxer.hikari.HikariDataSource - HikariPool-1 - Starting...
2026-06-20 08:51:47 [main] INFO  com.zaxxer.hikari.pool.HikariPool - HikariPool-1 - Added connection com.mysql.cj.jdbc.ConnectionImpl@3726fc3b
2026-06-20 08:51:47 [main] INFO  com.zaxxer.hikari.HikariDataSource - HikariPool-1 - Start completed.
2026-06-20 08:51:48 [main] INFO  o.flowable.app.spring.SpringAppEngineConfiguration - Executing configure() of class org.flowable.engine.spring.configurator.SpringProcessEngineConfigurator (priority:50000)
2026-06-20 08:51:49 [main] INFO  org.flowable.engine.impl.ProcessEngineImpl - ProcessEngine default created
2026-06-20 08:51:49 [main] INFO  o.flowable.engine.impl.cmd.ValidateV5EntitiesCmd - Total of v5 deployments found: 0
2026-06-20 08:51:49 [main] INFO  o.flowable.app.spring.SpringAppEngineConfiguration - Executing configure() of class org.flowable.eventregistry.spring.configurator.SpringEventRegistryConfigurator (priority:100000)
2026-06-20 08:51:50 [main] INFO  liquibase.changelog - Reading from `2026mysql_ds`.FLW_EV_DATABASECHANGELOG
2026-06-20 08:51:50 [main] INFO  liquibase.changelog - Reading from `2026mysql_ds`.FLW_EV_DATABASECHANGELOG
2026-06-20 08:51:50 [main] INFO  liquibase.util - UPDATE SUMMARY
2026-06-20 08:51:50 [main] INFO  liquibase.util - Run:                          0
2026-06-20 08:51:50 [main] INFO  liquibase.util - Previously run:               3
2026-06-20 08:51:50 [main] INFO  liquibase.util - Filtered out:                 0
2026-06-20 08:51:50 [main] INFO  liquibase.util - -------------------------------
2026-06-20 08:51:50 [main] INFO  liquibase.util - Total change sets:            3
2026-06-20 08:51:50 [main] INFO  liquibase.util - Update summary generated
2026-06-20 08:51:50 [main] INFO  liquibase.lockservice - Successfully released change log lock
2026-06-20 08:51:50 [main] INFO  liquibase.command - Command execution complete
2026-06-20 08:51:50 [main] INFO  o.f.eventregistry.impl.EventRegistryEngineImpl - EventRegistryEngine default created
2026-06-20 08:51:50 [main] INFO  o.flowable.app.spring.SpringAppEngineConfiguration - Executing configure() of class org.flowable.idm.spring.configurator.SpringIdmEngineConfigurator (priority:150000)
2026-06-20 08:51:50 [main] INFO  org.flowable.idm.engine.impl.IdmEngineImpl - IdmEngine default created
2026-06-20 08:51:50 [main] INFO  o.flowable.app.spring.SpringAppEngineConfiguration - Executing configure() of class org.flowable.dmn.spring.configurator.SpringDmnEngineConfigurator (priority:200000)
2026-06-20 08:51:50 [main] INFO  liquibase.changelog - Reading from `2026mysql_ds`.ACT_DMN_DATABASECHANGELOG
2026-06-20 08:51:50 [main] INFO  liquibase.changelog - Reading from `2026mysql_ds`.ACT_DMN_DATABASECHANGELOG
2026-06-20 08:51:50 [main] INFO  liquibase.util - UPDATE SUMMARY
2026-06-20 08:51:50 [main] INFO  liquibase.util - Run:                          0
2026-06-20 08:51:50 [main] INFO  liquibase.util - Previously run:               9
2026-06-20 08:51:50 [main] INFO  liquibase.util - Filtered out:                 0
2026-06-20 08:51:50 [main] INFO  liquibase.util - -------------------------------
2026-06-20 08:51:50 [main] INFO  liquibase.util - Total change sets:            9
2026-06-20 08:51:50 [main] INFO  liquibase.util - Update summary generated
2026-06-20 08:51:50 [main] INFO  liquibase.lockservice - Successfully released change log lock
2026-06-20 08:51:50 [main] INFO  liquibase.command - Command execution complete
2026-06-20 08:51:50 [main] INFO  org.flowable.dmn.engine.impl.DmnEngineImpl - DmnEngine default created
2026-06-20 08:51:50 [main] INFO  o.flowable.app.spring.SpringAppEngineConfiguration - Executing configure() of class org.flowable.cmmn.spring.configurator.SpringCmmnEngineConfigurator (priority:500000)
2026-06-20 08:51:50 [main] INFO  liquibase.changelog - Reading from `2026mysql_ds`.ACT_CMMN_DATABASECHANGELOG
2026-06-20 08:51:50 [main] INFO  liquibase.changelog - Reading from `2026mysql_ds`.ACT_CMMN_DATABASECHANGELOG
2026-06-20 08:51:50 [main] INFO  liquibase.util - UPDATE SUMMARY
2026-06-20 08:51:50 [main] INFO  liquibase.util - Run:                          0
2026-06-20 08:51:50 [main] INFO  liquibase.util - Previously run:              16
2026-06-20 08:51:50 [main] INFO  liquibase.util - Filtered out:                 1
2026-06-20 08:51:50 [main] INFO  liquibase.util - -------------------------------
2026-06-20 08:51:50 [main] INFO  liquibase.util - Total change sets:           17
2026-06-20 08:51:50 [main] INFO  liquibase.util - FILTERED CHANGE SETS SUMMARY
2026-06-20 08:51:50 [main] INFO  liquibase.util - DBMS mismatch:                1
2026-06-20 08:51:50 [main] INFO  liquibase.util - Update summary generated
2026-06-20 08:51:50 [main] INFO  liquibase.lockservice - Successfully released change log lock
2026-06-20 08:51:50 [main] INFO  liquibase.command - Command execution complete
2026-06-20 08:51:51 [main] INFO  org.flowable.cmmn.engine.impl.CmmnEngineImpl - CmmnEngine default created
2026-06-20 08:51:51 [main] INFO  liquibase.changelog - Reading from `2026mysql_ds`.ACT_APP_DATABASECHANGELOG
2026-06-20 08:51:51 [main] INFO  liquibase.changelog - Reading from `2026mysql_ds`.ACT_APP_DATABASECHANGELOG
2026-06-20 08:51:51 [main] INFO  liquibase.util - UPDATE SUMMARY
2026-06-20 08:51:51 [main] INFO  liquibase.util - Run:                          0
2026-06-20 08:51:51 [main] INFO  liquibase.util - Previously run:               3
2026-06-20 08:51:51 [main] INFO  liquibase.util - Filtered out:                 0
2026-06-20 08:51:51 [main] INFO  liquibase.util - -------------------------------
2026-06-20 08:51:51 [main] INFO  liquibase.util - Total change sets:            3
2026-06-20 08:51:51 [main] INFO  liquibase.util - Update summary generated
2026-06-20 08:51:51 [main] INFO  liquibase.lockservice - Successfully released change log lock
2026-06-20 08:51:51 [main] INFO  liquibase.command - Command execution complete
2026-06-20 08:51:51 [main] INFO  org.flowable.app.engine.impl.AppEngineImpl - AppEngine default created
2026-06-20 08:51:51 [main] INFO  o.s.b.actuate.endpoint.web.EndpointLinksResolver - Exposing 1 endpoint(s) beneath base path '/actuator'
2026-06-20 08:51:51 [main] INFO  o.s.security.web.DefaultSecurityFilterChain - Will secure any request with [org.springframework.security.web.session.DisableEncodeUrlFilter@5c59bea7, org.springframework.security.web.context.request.async.WebAsyncManagerIntegrationFilter@70062861, org.springframework.security.web.context.SecurityContextHolderFilter@7cc1a777, org.springframework.security.web.header.HeaderWriterFilter@403c326e, org.springframework.web.filter.CorsFilter@4fd00e10, org.springframework.security.web.authentication.logout.LogoutFilter@5ec3d4f8, org.xiaoxu.auth.TokenAuthenticationFilter@8ad6d29, org.springframework.security.web.savedrequest.RequestCacheAwareFilter@762b698, org.springframework.security.web.servletapi.SecurityContextHolderAwareRequestFilter@5ee9866c, org.springframework.security.web.authentication.AnonymousAuthenticationFilter@679c08ea, org.springframework.security.web.session.SessionManagementFilter@15fd8daa, org.springframework.security.web.access.ExceptionTranslationFilter@4bdf8378, org.springframework.security.web.access.intercept.AuthorizationFilter@3094e328]
2026-06-20 08:51:52 [main] INFO  com.xxl.job.core.executor.XxlJobExecutor - >>>>>>>>>>> xxl-job register jobhandler success, name:sendFulfillmentApprovalNotify, jobHandler:com.xxl.job.core.handler.impl.MethodJobHandler@387865b4[class org.xiaoxu.workflow.job.ApprovalNotifyJobHandler#sendFulfillmentApprovalNotify]
2026-06-20 08:51:52 [main] INFO  com.xxl.job.core.executor.XxlJobExecutor - >>>>>>>>>>> xxl-job register jobhandler success, name:sendLeaveApprovalNotify, jobHandler:com.xxl.job.core.handler.impl.MethodJobHandler@217b31f7[class org.xiaoxu.workflow.job.ApprovalNotifyJobHandler#sendLeaveApprovalNotify]
2026-06-20 08:51:52 [main] INFO  o.f.j.s.impl.asyncexecutor.AbstractAsyncExecutor - Starting up the async job executor [org.flowable.spring.job.service.SpringAsyncExecutor] for engine cmmn
2026-06-20 08:51:52 [Thread-8] INFO  o.f.j.s.i.asyncexecutor.ResetExpiredJobsRunnable - starting to reset expired jobs for engine cmmn
2026-06-20 08:51:52 [main] INFO  o.f.j.s.impl.asyncexecutor.AbstractAsyncExecutor - Starting up the async job executor [org.flowable.spring.job.service.SpringAsyncExecutor] for engine bpmn
2026-06-20 08:51:52 [Thread-7] INFO  o.f.j.s.i.asyncexecutor.AcquireTimerJobsRunnable - starting to acquire async jobs due for engine cmmn
2026-06-20 08:51:52 [Thread-6] INFO  o.f.j.s.i.a.AcquireAsyncJobsDueRunnable - starting to acquire async jobs due for engine cmmn
2026-06-20 08:51:52 [main] INFO  o.f.s.configurator.DefaultAutoDeploymentStrategy - Deploying resources [file [E:\programs\java_arsenal\permission-system\target\classes\processes\fulfillment-approval.bpmn20.xml], file [E:\programs\java_arsenal\permission-system\target\classes\processes\leave-request.bpmn20.xml]] for engine org.flowable.engine.impl.ProcessEngineImpl@5cf83d35 deployment name hint SpringBootAutoDeployment
2026-06-20 08:51:52 [Thread-9] INFO  o.f.j.s.i.a.AcquireAsyncJobsDueRunnable - starting to acquire async jobs due for engine bpmn
2026-06-20 08:51:52 [Thread-10] INFO  o.f.j.s.i.asyncexecutor.AcquireTimerJobsRunnable - starting to acquire async jobs due for engine bpmn
2026-06-20 08:51:52 [Thread-11] INFO  o.f.j.s.i.asyncexecutor.ResetExpiredJobsRunnable - starting to reset expired jobs for engine bpmn
2026-06-20 08:51:52 [main] INFO  org.apache.coyote.http11.Http11NioProtocol - Starting ProtocolHandler ["http-nio-13690"]
2026-06-20 08:51:52 [main] INFO  o.s.boot.web.embedded.tomcat.TomcatWebServer - Tomcat started on port 13690 (http) with context path ''
2026-06-20 08:51:52 [main] INFO  org.xiaoxu.PermissionApplication - Started PermissionApplication in 10.947 seconds (process running for 12.243)
2026-06-20 08:51:52 [Thread-5] INFO  com.xxl.job.core.server.EmbedServer - >>>>>>>>>>> xxl-job remoting server start success, nettype = class com.xxl.job.core.server.EmbedServer, port = 9998
2026-06-20 08:51:53 [RMI TCP Connection(2)-192.168.1.2] INFO  o.a.c.core.ContainerBase.[Tomcat].[localhost].[/] - Initializing Spring DispatcherServlet 'dispatcherServlet'
2026-06-20 08:51:53 [RMI TCP Connection(2)-192.168.1.2] INFO  org.springframework.web.servlet.DispatcherServlet - Initializing Servlet 'dispatcherServlet'
2026-06-20 08:51:53 [RMI TCP Connection(2)-192.168.1.2] INFO  org.springframework.web.servlet.DispatcherServlet - Completed initialization in 2 ms
2026-06-20 08:52:01 [http-nio-13690-exec-5] INFO  org.xiaoxu.service.MenuService - 用户[10]的角色IDs: [2]
2026-06-20 08:52:01 [http-nio-13690-exec-5] INFO  org.xiaoxu.service.MenuService - 用户[10]的菜单IDs: [100, 102, 103, 106, 107, 108, 109]
2026-06-20 08:58:56 [Thread-5] INFO  com.xxl.job.core.server.EmbedServer - >>>>>>>>>>> xxl-job remoting server stop.
2026-06-20 08:58:56 [xxl-job, executor ExecutorRegistryThread] INFO  com.xxl.job.core.thread.ExecutorRegistryThread - >>>>>>>>>>> xxl-job registry-remove success, registryParam:RegistryParam{registryGroup='EXECUTOR', registryKey='permission-job-executor', registryValue='http://192.168.1.2:9998/'}, registryResult:ReturnT [code=200, msg=null, content=null]
2026-06-20 08:58:56 [xxl-job, executor ExecutorRegistryThread] INFO  com.xxl.job.core.thread.ExecutorRegistryThread - >>>>>>>>>>> xxl-job, executor registry thread destroy.
2026-06-20 08:58:56 [SpringApplicationShutdownHook] INFO  com.xxl.job.core.server.EmbedServer - >>>>>>>>>>> xxl-job remoting server destroy success.
2026-06-20 08:58:56 [xxl-job, executor JobLogFileCleanThread] INFO  com.xxl.job.core.thread.JobLogFileCleanThread - >>>>>>>>>>> xxl-job, executor JobLogFileCleanThread thread destroy.
2026-06-20 08:58:56 [xxl-job, executor TriggerCallbackThread] INFO  com.xxl.job.core.thread.TriggerCallbackThread - >>>>>>>>>>> xxl-job, executor callback thread destroy.
2026-06-20 08:58:56 [Thread-4] INFO  com.xxl.job.core.thread.TriggerCallbackThread - >>>>>>>>>>> xxl-job, executor retry callback thread destroy.
2026-06-20 08:58:56 [SpringApplicationShutdownHook] INFO  o.f.j.s.impl.asyncexecutor.AbstractAsyncExecutor - Shutting down the async job executor [org.flowable.spring.job.service.SpringAsyncExecutor] for engine cmmn
2026-06-20 08:58:56 [flowable-cmmn-acquire-timer-jobs] INFO  o.f.j.s.i.asyncexecutor.AcquireTimerJobsRunnable - stopped async job due acquisition for engine cmmn
2026-06-20 08:58:56 [flowable-cmmn-reset-expired-jobs] INFO  o.f.j.s.i.asyncexecutor.ResetExpiredJobsRunnable - stopped resetting expired jobs for engine cmmn
2026-06-20 08:58:56 [flowable-cmmn-acquire-async-jobs] INFO  o.f.j.s.i.a.AcquireAsyncJobsDueRunnable - stopped async job due acquisition for engine cmmn
2026-06-20 08:58:56 [SpringApplicationShutdownHook] INFO  o.f.j.s.impl.asyncexecutor.AbstractAsyncExecutor - Shutting down the async job executor [org.flowable.spring.job.service.SpringAsyncExecutor] for engine bpmn
2026-06-20 08:58:56 [flowable-bpmn-acquire-async-jobs] INFO  o.f.j.s.i.a.AcquireAsyncJobsDueRunnable - stopped async job due acquisition for engine bpmn
2026-06-20 08:58:56 [flowable-bpmn-reset-expired-jobs] INFO  o.f.j.s.i.asyncexecutor.ResetExpiredJobsRunnable - stopped resetting expired jobs for engine bpmn
2026-06-20 08:58:56 [flowable-bpmn-acquire-timer-jobs] INFO  o.f.j.s.i.asyncexecutor.AcquireTimerJobsRunnable - stopped async job due acquisition for engine bpmn
2026-06-20 08:58:56 [SpringApplicationShutdownHook] INFO  com.zaxxer.hikari.HikariDataSource - HikariPool-1 - Shutdown initiated...
2026-06-20 08:58:56 [SpringApplicationShutdownHook] INFO  com.zaxxer.hikari.HikariDataSource - HikariPool-1 - Shutdown completed.
2026-06-20 08:59:04 [background-preinit] INFO  org.hibernate.validator.internal.util.Version - HV000001: Hibernate Validator 8.0.1.Final
2026-06-20 08:59:04 [main] INFO  org.xiaoxu.PermissionApplication - Starting PermissionApplication using Java 17.0.12 with PID 56952 (E:\programs\java_arsenal\permission-system\target\classes started by tingq in E:\programs\java_arsenal)
2026-06-20 08:59:04 [main] INFO  org.xiaoxu.PermissionApplication - The following 1 profile is active: "local"
2026-06-20 08:59:07 [main] INFO  o.s.d.r.config.RepositoryConfigurationDelegate - Multiple Spring Data modules found, entering strict repository configuration mode
2026-06-20 08:59:07 [main] INFO  o.s.d.r.config.RepositoryConfigurationDelegate - Bootstrapping Spring Data Redis repositories in DEFAULT mode.
2026-06-20 08:59:07 [main] INFO  o.s.d.r.config.RepositoryConfigurationDelegate - Finished Spring Data repository scanning in 44 ms. Found 0 Redis repository interfaces.
2026-06-20 08:59:07 [main] WARN  o.s.c.s.PostProcessorRegistrationDelegate$BeanPostProcessorChecker - Bean 'com.alicp.jetcache.anno.config.JetCacheProxyConfiguration' of type [com.alicp.jetcache.anno.config.JetCacheProxyConfiguration$$SpringCGLIB$$0] is not eligible for getting processed by all BeanPostProcessors (for example: not eligible for auto-proxying). Is this bean getting eagerly injected into a currently created BeanPostProcessor [meterRegistryPostProcessor]? Check the corresponding BeanPostProcessor declaration and its dependencies.
2026-06-20 08:59:07 [main] WARN  o.s.c.s.PostProcessorRegistrationDelegate$BeanPostProcessorChecker - Bean 'com.alicp.jetcache.anno.config.CommonConfiguration' of type [com.alicp.jetcache.anno.config.CommonConfiguration$$SpringCGLIB$$0] is not eligible for getting processed by all BeanPostProcessors (for example: not eligible for auto-proxying). Is this bean getting eagerly injected into a currently created BeanPostProcessor [meterRegistryPostProcessor]? Check the corresponding BeanPostProcessor declaration and its dependencies.
2026-06-20 08:59:08 [main] INFO  o.s.boot.web.embedded.tomcat.TomcatWebServer - Tomcat initialized with port 13690 (http)
2026-06-20 08:59:08 [main] INFO  org.apache.coyote.http11.Http11NioProtocol - Initializing ProtocolHandler ["http-nio-13690"]
2026-06-20 08:59:08 [main] INFO  org.apache.catalina.core.StandardService - Starting service [Tomcat]
2026-06-20 08:59:08 [main] INFO  org.apache.catalina.core.StandardEngine - Starting Servlet engine: [Apache Tomcat/10.1.18]
2026-06-20 08:59:08 [main] INFO  o.a.c.core.ContainerBase.[Tomcat].[localhost].[/] - Initializing Spring embedded WebApplicationContext
2026-06-20 08:59:08 [main] INFO  o.s.b.w.s.c.ServletWebServerApplicationContext - Root WebApplicationContext: initialization completed in 3180 ms
2026-06-20 08:59:08 [main] INFO  org.redisson.Version - Redisson 3.24.3
2026-06-20 08:59:09 [redisson-netty-2-5] INFO  o.r.connection.pool.MasterPubSubConnectionPool - 1 connections initialized for 192.168.200.128/192.168.200.128:6379
2026-06-20 08:59:09 [redisson-netty-2-19] INFO  org.redisson.connection.pool.MasterConnectionPool - 24 connections initialized for 192.168.200.128/192.168.200.128:6379
2026-06-20 08:59:11 [main] INFO  org.xiaoxu.service.OssService - OSS 客户端初始化完成, bucket=oss-inshanghai
2026-06-20 08:59:11 [main] INFO  o.xiaoxu.workflow.approval.ApprovalHandlerRegistry - 审批回调注册完成，已注册业务: [fulfillment-approval, leave-request]
2026-06-20 08:59:11 [main] INFO  o.f.spring.boot.cmmn.CmmnEngineAutoConfiguration - No deployment resources were found for autodeployment
2026-06-20 08:59:11 [main] INFO  o.f.spring.boot.dmn.DmnEngineAutoConfiguration - No deployment resources were found for autodeployment
2026-06-20 08:59:11 [main] INFO  o.f.s.b.e.EventRegistryAutoConfiguration - No deployment resources were found for autodeployment
2026-06-20 08:59:11 [main] INFO  o.f.spring.boot.app.AppEngineAutoConfiguration - No deployment resources were found for autodeployment
2026-06-20 08:59:11 [main] INFO  o.flowable.app.spring.SpringAppEngineConfiguration - Found 5 Engine Configurators in total:
2026-06-20 08:59:11 [main] INFO  o.flowable.app.spring.SpringAppEngineConfiguration - class org.flowable.engine.spring.configurator.SpringProcessEngineConfigurator (priority:50000)
2026-06-20 08:59:11 [main] INFO  o.flowable.app.spring.SpringAppEngineConfiguration - class org.flowable.eventregistry.spring.configurator.SpringEventRegistryConfigurator (priority:100000)
2026-06-20 08:59:11 [main] INFO  o.flowable.app.spring.SpringAppEngineConfiguration - class org.flowable.idm.spring.configurator.SpringIdmEngineConfigurator (priority:150000)
2026-06-20 08:59:11 [main] INFO  o.flowable.app.spring.SpringAppEngineConfiguration - class org.flowable.dmn.spring.configurator.SpringDmnEngineConfigurator (priority:200000)
2026-06-20 08:59:11 [main] INFO  o.flowable.app.spring.SpringAppEngineConfiguration - class org.flowable.cmmn.spring.configurator.SpringCmmnEngineConfigurator (priority:500000)
2026-06-20 08:59:11 [main] INFO  o.flowable.app.spring.SpringAppEngineConfiguration - Executing beforeInit() of class org.flowable.engine.spring.configurator.SpringProcessEngineConfigurator (priority:50000)
2026-06-20 08:59:11 [main] INFO  o.flowable.app.spring.SpringAppEngineConfiguration - Executing beforeInit() of class org.flowable.eventregistry.spring.configurator.SpringEventRegistryConfigurator (priority:100000)
2026-06-20 08:59:11 [main] INFO  o.flowable.app.spring.SpringAppEngineConfiguration - Executing beforeInit() of class org.flowable.idm.spring.configurator.SpringIdmEngineConfigurator (priority:150000)
2026-06-20 08:59:11 [main] INFO  o.flowable.app.spring.SpringAppEngineConfiguration - Executing beforeInit() of class org.flowable.dmn.spring.configurator.SpringDmnEngineConfigurator (priority:200000)
2026-06-20 08:59:11 [main] INFO  o.flowable.app.spring.SpringAppEngineConfiguration - Executing beforeInit() of class org.flowable.cmmn.spring.configurator.SpringCmmnEngineConfigurator (priority:500000)
2026-06-20 08:59:12 [main] INFO  com.zaxxer.hikari.HikariDataSource - HikariPool-1 - Starting...
2026-06-20 08:59:12 [main] INFO  com.zaxxer.hikari.pool.HikariPool - HikariPool-1 - Added connection com.mysql.cj.jdbc.ConnectionImpl@4005e63a
2026-06-20 08:59:12 [main] INFO  com.zaxxer.hikari.HikariDataSource - HikariPool-1 - Start completed.
2026-06-20 08:59:13 [main] INFO  o.flowable.app.spring.SpringAppEngineConfiguration - Executing configure() of class org.flowable.engine.spring.configurator.SpringProcessEngineConfigurator (priority:50000)
2026-06-20 08:59:13 [main] INFO  org.flowable.engine.impl.ProcessEngineImpl - ProcessEngine default created
2026-06-20 08:59:13 [main] INFO  o.flowable.engine.impl.cmd.ValidateV5EntitiesCmd - Total of v5 deployments found: 0
2026-06-20 08:59:13 [main] INFO  o.flowable.app.spring.SpringAppEngineConfiguration - Executing configure() of class org.flowable.eventregistry.spring.configurator.SpringEventRegistryConfigurator (priority:100000)
2026-06-20 08:59:14 [main] INFO  liquibase.changelog - Reading from `2026mysql_ds`.FLW_EV_DATABASECHANGELOG
2026-06-20 08:59:15 [main] INFO  liquibase.changelog - Reading from `2026mysql_ds`.FLW_EV_DATABASECHANGELOG
2026-06-20 08:59:15 [main] INFO  liquibase.util - UPDATE SUMMARY
2026-06-20 08:59:15 [main] INFO  liquibase.util - Run:                          0
2026-06-20 08:59:15 [main] INFO  liquibase.util - Previously run:               3
2026-06-20 08:59:15 [main] INFO  liquibase.util - Filtered out:                 0
2026-06-20 08:59:15 [main] INFO  liquibase.util - -------------------------------
2026-06-20 08:59:15 [main] INFO  liquibase.util - Total change sets:            3
2026-06-20 08:59:15 [main] INFO  liquibase.util - Update summary generated
2026-06-20 08:59:15 [main] INFO  liquibase.lockservice - Successfully released change log lock
2026-06-20 08:59:15 [main] INFO  liquibase.command - Command execution complete
2026-06-20 08:59:15 [main] INFO  o.f.eventregistry.impl.EventRegistryEngineImpl - EventRegistryEngine default created
2026-06-20 08:59:15 [main] INFO  o.flowable.app.spring.SpringAppEngineConfiguration - Executing configure() of class org.flowable.idm.spring.configurator.SpringIdmEngineConfigurator (priority:150000)
2026-06-20 08:59:15 [main] INFO  org.flowable.idm.engine.impl.IdmEngineImpl - IdmEngine default created
2026-06-20 08:59:15 [main] INFO  o.flowable.app.spring.SpringAppEngineConfiguration - Executing configure() of class org.flowable.dmn.spring.configurator.SpringDmnEngineConfigurator (priority:200000)
2026-06-20 08:59:15 [main] INFO  liquibase.changelog - Reading from `2026mysql_ds`.ACT_DMN_DATABASECHANGELOG
2026-06-20 08:59:15 [main] INFO  liquibase.changelog - Reading from `2026mysql_ds`.ACT_DMN_DATABASECHANGELOG
2026-06-20 08:59:15 [main] INFO  liquibase.util - UPDATE SUMMARY
2026-06-20 08:59:15 [main] INFO  liquibase.util - Run:                          0
2026-06-20 08:59:15 [main] INFO  liquibase.util - Previously run:               9
2026-06-20 08:59:15 [main] INFO  liquibase.util - Filtered out:                 0
2026-06-20 08:59:15 [main] INFO  liquibase.util - -------------------------------
2026-06-20 08:59:15 [main] INFO  liquibase.util - Total change sets:            9
2026-06-20 08:59:15 [main] INFO  liquibase.util - Update summary generated
2026-06-20 08:59:15 [main] INFO  liquibase.lockservice - Successfully released change log lock
2026-06-20 08:59:15 [main] INFO  liquibase.command - Command execution complete
2026-06-20 08:59:15 [main] INFO  org.flowable.dmn.engine.impl.DmnEngineImpl - DmnEngine default created
2026-06-20 08:59:15 [main] INFO  o.flowable.app.spring.SpringAppEngineConfiguration - Executing configure() of class org.flowable.cmmn.spring.configurator.SpringCmmnEngineConfigurator (priority:500000)
2026-06-20 08:59:16 [main] INFO  liquibase.changelog - Reading from `2026mysql_ds`.ACT_CMMN_DATABASECHANGELOG
2026-06-20 08:59:16 [main] INFO  liquibase.changelog - Reading from `2026mysql_ds`.ACT_CMMN_DATABASECHANGELOG
2026-06-20 08:59:16 [main] INFO  liquibase.util - UPDATE SUMMARY
2026-06-20 08:59:16 [main] INFO  liquibase.util - Run:                          0
2026-06-20 08:59:16 [main] INFO  liquibase.util - Previously run:              16
2026-06-20 08:59:16 [main] INFO  liquibase.util - Filtered out:                 1
2026-06-20 08:59:16 [main] INFO  liquibase.util - -------------------------------
2026-06-20 08:59:16 [main] INFO  liquibase.util - Total change sets:           17
2026-06-20 08:59:16 [main] INFO  liquibase.util - FILTERED CHANGE SETS SUMMARY
2026-06-20 08:59:16 [main] INFO  liquibase.util - DBMS mismatch:                1
2026-06-20 08:59:16 [main] INFO  liquibase.util - Update summary generated
2026-06-20 08:59:16 [main] INFO  liquibase.lockservice - Successfully released change log lock
2026-06-20 08:59:16 [main] INFO  liquibase.command - Command execution complete
2026-06-20 08:59:16 [main] INFO  org.flowable.cmmn.engine.impl.CmmnEngineImpl - CmmnEngine default created
2026-06-20 08:59:16 [main] INFO  liquibase.changelog - Reading from `2026mysql_ds`.ACT_APP_DATABASECHANGELOG
2026-06-20 08:59:16 [main] INFO  liquibase.changelog - Reading from `2026mysql_ds`.ACT_APP_DATABASECHANGELOG
2026-06-20 08:59:16 [main] INFO  liquibase.util - UPDATE SUMMARY
2026-06-20 08:59:16 [main] INFO  liquibase.util - Run:                          0
2026-06-20 08:59:16 [main] INFO  liquibase.util - Previously run:               3
2026-06-20 08:59:16 [main] INFO  liquibase.util - Filtered out:                 0
2026-06-20 08:59:16 [main] INFO  liquibase.util - -------------------------------
2026-06-20 08:59:16 [main] INFO  liquibase.util - Total change sets:            3
2026-06-20 08:59:16 [main] INFO  liquibase.util - Update summary generated
2026-06-20 08:59:16 [main] INFO  liquibase.lockservice - Successfully released change log lock
2026-06-20 08:59:16 [main] INFO  liquibase.command - Command execution complete
2026-06-20 08:59:16 [main] INFO  org.flowable.app.engine.impl.AppEngineImpl - AppEngine default created
2026-06-20 08:59:16 [main] INFO  o.s.b.actuate.endpoint.web.EndpointLinksResolver - Exposing 1 endpoint(s) beneath base path '/actuator'
2026-06-20 08:59:16 [main] INFO  o.s.security.web.DefaultSecurityFilterChain - Will secure any request with [org.springframework.security.web.session.DisableEncodeUrlFilter@1e4c295a, org.springframework.security.web.context.request.async.WebAsyncManagerIntegrationFilter@5a8ec8b6, org.springframework.security.web.context.SecurityContextHolderFilter@3f348a38, org.springframework.security.web.header.HeaderWriterFilter@15fd8daa, org.springframework.web.filter.CorsFilter@74f92d14, org.springframework.security.web.authentication.logout.LogoutFilter@70062861, org.xiaoxu.auth.TokenAuthenticationFilter@7e615c6a, org.springframework.security.web.savedrequest.RequestCacheAwareFilter@60847f4f, org.springframework.security.web.servletapi.SecurityContextHolderAwareRequestFilter@40e4b8cd, org.springframework.security.web.authentication.AnonymousAuthenticationFilter@42ef92eb, org.springframework.security.web.session.SessionManagementFilter@56beea77, org.springframework.security.web.access.ExceptionTranslationFilter@5e4079a7, org.springframework.security.web.access.intercept.AuthorizationFilter@783c18b4]
2026-06-20 08:59:17 [main] INFO  com.xxl.job.core.executor.XxlJobExecutor - >>>>>>>>>>> xxl-job register jobhandler success, name:sendFulfillmentApprovalNotify, jobHandler:com.xxl.job.core.handler.impl.MethodJobHandler@53460794[class org.xiaoxu.workflow.job.ApprovalNotifyJobHandler#sendFulfillmentApprovalNotify]
2026-06-20 08:59:17 [main] INFO  com.xxl.job.core.executor.XxlJobExecutor - >>>>>>>>>>> xxl-job register jobhandler success, name:sendLeaveApprovalNotify, jobHandler:com.xxl.job.core.handler.impl.MethodJobHandler@7a311a61[class org.xiaoxu.workflow.job.ApprovalNotifyJobHandler#sendLeaveApprovalNotify]
2026-06-20 08:59:17 [main] INFO  o.f.j.s.impl.asyncexecutor.AbstractAsyncExecutor - Starting up the async job executor [org.flowable.spring.job.service.SpringAsyncExecutor] for engine cmmn
2026-06-20 08:59:18 [Thread-8] INFO  o.f.j.s.i.asyncexecutor.ResetExpiredJobsRunnable - starting to reset expired jobs for engine cmmn
2026-06-20 08:59:18 [main] INFO  o.f.j.s.impl.asyncexecutor.AbstractAsyncExecutor - Starting up the async job executor [org.flowable.spring.job.service.SpringAsyncExecutor] for engine bpmn
2026-06-20 08:59:18 [Thread-6] INFO  o.f.j.s.i.a.AcquireAsyncJobsDueRunnable - starting to acquire async jobs due for engine cmmn
2026-06-20 08:59:18 [Thread-7] INFO  o.f.j.s.i.asyncexecutor.AcquireTimerJobsRunnable - starting to acquire async jobs due for engine cmmn
2026-06-20 08:59:18 [main] INFO  o.f.s.configurator.DefaultAutoDeploymentStrategy - Deploying resources [file [E:\programs\java_arsenal\permission-system\target\classes\processes\fulfillment-approval.bpmn20.xml], file [E:\programs\java_arsenal\permission-system\target\classes\processes\leave-request.bpmn20.xml]] for engine org.flowable.engine.impl.ProcessEngineImpl@31698978 deployment name hint SpringBootAutoDeployment
2026-06-20 08:59:18 [Thread-10] INFO  o.f.j.s.i.asyncexecutor.AcquireTimerJobsRunnable - starting to acquire async jobs due for engine bpmn
2026-06-20 08:59:18 [Thread-9] INFO  o.f.j.s.i.a.AcquireAsyncJobsDueRunnable - starting to acquire async jobs due for engine bpmn
2026-06-20 08:59:18 [Thread-11] INFO  o.f.j.s.i.asyncexecutor.ResetExpiredJobsRunnable - starting to reset expired jobs for engine bpmn
2026-06-20 08:59:18 [main] INFO  org.apache.coyote.http11.Http11NioProtocol - Starting ProtocolHandler ["http-nio-13690"]
2026-06-20 08:59:18 [main] INFO  o.s.boot.web.embedded.tomcat.TomcatWebServer - Tomcat started on port 13690 (http) with context path ''
2026-06-20 08:59:18 [main] INFO  org.xiaoxu.PermissionApplication - Started PermissionApplication in 13.866 seconds (process running for 15.086)
2026-06-20 08:59:18 [Thread-5] INFO  com.xxl.job.core.server.EmbedServer - >>>>>>>>>>> xxl-job remoting server start success, nettype = class com.xxl.job.core.server.EmbedServer, port = 9998
2026-06-20 08:59:18 [RMI TCP Connection(5)-192.168.1.2] INFO  o.a.c.core.ContainerBase.[Tomcat].[localhost].[/] - Initializing Spring DispatcherServlet 'dispatcherServlet'
2026-06-20 08:59:18 [RMI TCP Connection(5)-192.168.1.2] INFO  org.springframework.web.servlet.DispatcherServlet - Initializing Servlet 'dispatcherServlet'
2026-06-20 08:59:18 [RMI TCP Connection(5)-192.168.1.2] INFO  org.springframework.web.servlet.DispatcherServlet - Completed initialization in 3 ms
2026-06-20 09:03:16 [http-nio-13690-exec-2] INFO  org.xiaoxu.service.EmailService - 邮件发送成功, to=2726986361@qq.com, subject=【BPMN系统】登录验证码
2026-06-20 09:03:16 [http-nio-13690-exec-2] INFO  org.xiaoxu.controller.AuthController - 验证码已发送, email=2726986361@qq.com, code=646631
2026-06-20 09:03:32 [http-nio-13690-exec-4] INFO  org.xiaoxu.service.MenuService - 用户[10]的角色IDs: [2]
2026-06-20 09:03:32 [http-nio-13690-exec-4] INFO  org.xiaoxu.service.MenuService - 用户[10]的菜单IDs: [100, 102, 103, 106, 107, 108, 109]
2026-06-20 09:03:46 [http-nio-13690-exec-7] INFO  org.xiaoxu.service.MenuService - 用户[10]的角色IDs: [2]
2026-06-20 09:03:46 [http-nio-13690-exec-7] INFO  org.xiaoxu.service.MenuService - 用户[10]的菜单IDs: [100, 102, 103, 106, 107, 108, 109]
2026-06-20 09:09:47 [Thread-5] INFO  com.xxl.job.core.server.EmbedServer - >>>>>>>>>>> xxl-job remoting server stop.
2026-06-20 09:09:47 [xxl-job, executor ExecutorRegistryThread] INFO  com.xxl.job.core.thread.ExecutorRegistryThread - >>>>>>>>>>> xxl-job registry-remove success, registryParam:RegistryParam{registryGroup='EXECUTOR', registryKey='permission-job-executor', registryValue='http://192.168.1.2:9998/'}, registryResult:ReturnT [code=200, msg=null, content=null]
2026-06-20 09:09:47 [xxl-job, executor ExecutorRegistryThread] INFO  com.xxl.job.core.thread.ExecutorRegistryThread - >>>>>>>>>>> xxl-job, executor registry thread destroy.
2026-06-20 09:09:47 [SpringApplicationShutdownHook] INFO  com.xxl.job.core.server.EmbedServer - >>>>>>>>>>> xxl-job remoting server destroy success.
2026-06-20 09:09:47 [xxl-job, executor JobLogFileCleanThread] INFO  com.xxl.job.core.thread.JobLogFileCleanThread - >>>>>>>>>>> xxl-job, executor JobLogFileCleanThread thread destroy.
2026-06-20 09:09:47 [xxl-job, executor TriggerCallbackThread] INFO  com.xxl.job.core.thread.TriggerCallbackThread - >>>>>>>>>>> xxl-job, executor callback thread destroy.
2026-06-20 09:09:47 [Thread-4] INFO  com.xxl.job.core.thread.TriggerCallbackThread - >>>>>>>>>>> xxl-job, executor retry callback thread destroy.
2026-06-20 09:09:47 [SpringApplicationShutdownHook] INFO  o.f.j.s.impl.asyncexecutor.AbstractAsyncExecutor - Shutting down the async job executor [org.flowable.spring.job.service.SpringAsyncExecutor] for engine cmmn
2026-06-20 09:09:47 [flowable-cmmn-acquire-async-jobs] INFO  o.f.j.s.i.a.AcquireAsyncJobsDueRunnable - stopped async job due acquisition for engine cmmn
2026-06-20 09:09:47 [flowable-cmmn-reset-expired-jobs] INFO  o.f.j.s.i.asyncexecutor.ResetExpiredJobsRunnable - stopped resetting expired jobs for engine cmmn
2026-06-20 09:09:47 [flowable-cmmn-acquire-timer-jobs] INFO  o.f.j.s.i.asyncexecutor.AcquireTimerJobsRunnable - stopped async job due acquisition for engine cmmn
2026-06-20 09:09:47 [SpringApplicationShutdownHook] INFO  o.f.j.s.impl.asyncexecutor.AbstractAsyncExecutor - Shutting down the async job executor [org.flowable.spring.job.service.SpringAsyncExecutor] for engine bpmn
2026-06-20 09:09:47 [flowable-bpmn-acquire-async-jobs] INFO  o.f.j.s.i.a.AcquireAsyncJobsDueRunnable - stopped async job due acquisition for engine bpmn
2026-06-20 09:09:47 [flowable-bpmn-reset-expired-jobs] INFO  o.f.j.s.i.asyncexecutor.ResetExpiredJobsRunnable - stopped resetting expired jobs for engine bpmn
2026-06-20 09:09:47 [flowable-bpmn-acquire-timer-jobs] INFO  o.f.j.s.i.asyncexecutor.AcquireTimerJobsRunnable - stopped async job due acquisition for engine bpmn
2026-06-20 09:09:47 [SpringApplicationShutdownHook] INFO  com.zaxxer.hikari.HikariDataSource - HikariPool-1 - Shutdown initiated...
2026-06-20 09:09:47 [SpringApplicationShutdownHook] INFO  com.zaxxer.hikari.HikariDataSource - HikariPool-1 - Shutdown completed.
2026-06-20 09:09:56 [background-preinit] INFO  org.hibernate.validator.internal.util.Version - HV000001: Hibernate Validator 8.0.1.Final
2026-06-20 09:09:56 [main] INFO  org.xiaoxu.PermissionApplication - Starting PermissionApplication using Java 17.0.12 with PID 13568 (E:\programs\java_arsenal\permission-system\target\classes started by tingq in E:\programs\java_arsenal)
2026-06-20 09:09:56 [main] INFO  org.xiaoxu.PermissionApplication - The following 1 profile is active: "local"
2026-06-20 09:09:59 [main] INFO  o.s.d.r.config.RepositoryConfigurationDelegate - Multiple Spring Data modules found, entering strict repository configuration mode
2026-06-20 09:09:59 [main] INFO  o.s.d.r.config.RepositoryConfigurationDelegate - Bootstrapping Spring Data Redis repositories in DEFAULT mode.
2026-06-20 09:09:59 [main] INFO  o.s.d.r.config.RepositoryConfigurationDelegate - Finished Spring Data repository scanning in 39 ms. Found 0 Redis repository interfaces.
2026-06-20 09:09:59 [main] WARN  o.s.c.s.PostProcessorRegistrationDelegate$BeanPostProcessorChecker - Bean 'com.alicp.jetcache.anno.config.JetCacheProxyConfiguration' of type [com.alicp.jetcache.anno.config.JetCacheProxyConfiguration$$SpringCGLIB$$0] is not eligible for getting processed by all BeanPostProcessors (for example: not eligible for auto-proxying). Is this bean getting eagerly injected into a currently created BeanPostProcessor [meterRegistryPostProcessor]? Check the corresponding BeanPostProcessor declaration and its dependencies.
2026-06-20 09:09:59 [main] WARN  o.s.c.s.PostProcessorRegistrationDelegate$BeanPostProcessorChecker - Bean 'com.alicp.jetcache.anno.config.CommonConfiguration' of type [com.alicp.jetcache.anno.config.CommonConfiguration$$SpringCGLIB$$0] is not eligible for getting processed by all BeanPostProcessors (for example: not eligible for auto-proxying). Is this bean getting eagerly injected into a currently created BeanPostProcessor [meterRegistryPostProcessor]? Check the corresponding BeanPostProcessor declaration and its dependencies.
2026-06-20 09:10:00 [main] INFO  o.s.boot.web.embedded.tomcat.TomcatWebServer - Tomcat initialized with port 13690 (http)
2026-06-20 09:10:00 [main] INFO  org.apache.coyote.http11.Http11NioProtocol - Initializing ProtocolHandler ["http-nio-13690"]
2026-06-20 09:10:00 [main] INFO  org.apache.catalina.core.StandardService - Starting service [Tomcat]
2026-06-20 09:10:00 [main] INFO  org.apache.catalina.core.StandardEngine - Starting Servlet engine: [Apache Tomcat/10.1.18]
2026-06-20 09:10:00 [main] INFO  o.a.c.core.ContainerBase.[Tomcat].[localhost].[/] - Initializing Spring embedded WebApplicationContext
2026-06-20 09:10:00 [main] INFO  o.s.b.w.s.c.ServletWebServerApplicationContext - Root WebApplicationContext: initialization completed in 3879 ms
2026-06-20 09:10:00 [main] INFO  org.redisson.Version - Redisson 3.24.3
2026-06-20 09:10:01 [redisson-netty-2-5] INFO  o.r.connection.pool.MasterPubSubConnectionPool - 1 connections initialized for 192.168.200.128/192.168.200.128:6379
2026-06-20 09:10:01 [redisson-netty-2-19] INFO  org.redisson.connection.pool.MasterConnectionPool - 24 connections initialized for 192.168.200.128/192.168.200.128:6379
2026-06-20 09:10:05 [main] INFO  org.xiaoxu.service.OssService - OSS 客户端初始化完成, bucket=oss-inshanghai
2026-06-20 09:10:05 [main] INFO  o.xiaoxu.workflow.approval.ApprovalHandlerRegistry - 审批回调注册完成，已注册业务: [fulfillment-approval, leave-request]
2026-06-20 09:10:05 [main] INFO  o.f.spring.boot.cmmn.CmmnEngineAutoConfiguration - No deployment resources were found for autodeployment
2026-06-20 09:10:05 [main] INFO  o.f.spring.boot.dmn.DmnEngineAutoConfiguration - No deployment resources were found for autodeployment
2026-06-20 09:10:06 [main] INFO  o.f.s.b.e.EventRegistryAutoConfiguration - No deployment resources were found for autodeployment
2026-06-20 09:10:06 [main] INFO  o.f.spring.boot.app.AppEngineAutoConfiguration - No deployment resources were found for autodeployment
2026-06-20 09:10:06 [main] INFO  o.flowable.app.spring.SpringAppEngineConfiguration - Found 5 Engine Configurators in total:
2026-06-20 09:10:06 [main] INFO  o.flowable.app.spring.SpringAppEngineConfiguration - class org.flowable.engine.spring.configurator.SpringProcessEngineConfigurator (priority:50000)
2026-06-20 09:10:06 [main] INFO  o.flowable.app.spring.SpringAppEngineConfiguration - class org.flowable.eventregistry.spring.configurator.SpringEventRegistryConfigurator (priority:100000)
2026-06-20 09:10:06 [main] INFO  o.flowable.app.spring.SpringAppEngineConfiguration - class org.flowable.idm.spring.configurator.SpringIdmEngineConfigurator (priority:150000)
2026-06-20 09:10:06 [main] INFO  o.flowable.app.spring.SpringAppEngineConfiguration - class org.flowable.dmn.spring.configurator.SpringDmnEngineConfigurator (priority:200000)
2026-06-20 09:10:06 [main] INFO  o.flowable.app.spring.SpringAppEngineConfiguration - class org.flowable.cmmn.spring.configurator.SpringCmmnEngineConfigurator (priority:500000)
2026-06-20 09:10:06 [main] INFO  o.flowable.app.spring.SpringAppEngineConfiguration - Executing beforeInit() of class org.flowable.engine.spring.configurator.SpringProcessEngineConfigurator (priority:50000)
2026-06-20 09:10:06 [main] INFO  o.flowable.app.spring.SpringAppEngineConfiguration - Executing beforeInit() of class org.flowable.eventregistry.spring.configurator.SpringEventRegistryConfigurator (priority:100000)
2026-06-20 09:10:06 [main] INFO  o.flowable.app.spring.SpringAppEngineConfiguration - Executing beforeInit() of class org.flowable.idm.spring.configurator.SpringIdmEngineConfigurator (priority:150000)
2026-06-20 09:10:06 [main] INFO  o.flowable.app.spring.SpringAppEngineConfiguration - Executing beforeInit() of class org.flowable.dmn.spring.configurator.SpringDmnEngineConfigurator (priority:200000)
2026-06-20 09:10:06 [main] INFO  o.flowable.app.spring.SpringAppEngineConfiguration - Executing beforeInit() of class org.flowable.cmmn.spring.configurator.SpringCmmnEngineConfigurator (priority:500000)
2026-06-20 09:10:06 [main] INFO  com.zaxxer.hikari.HikariDataSource - HikariPool-1 - Starting...
2026-06-20 09:10:06 [main] INFO  com.zaxxer.hikari.pool.HikariPool - HikariPool-1 - Added connection com.mysql.cj.jdbc.ConnectionImpl@3726fc3b
2026-06-20 09:10:06 [main] INFO  com.zaxxer.hikari.HikariDataSource - HikariPool-1 - Start completed.
2026-06-20 09:10:07 [main] INFO  o.flowable.app.spring.SpringAppEngineConfiguration - Executing configure() of class org.flowable.engine.spring.configurator.SpringProcessEngineConfigurator (priority:50000)
2026-06-20 09:10:08 [main] INFO  org.flowable.engine.impl.ProcessEngineImpl - ProcessEngine default created
2026-06-20 09:10:08 [main] INFO  o.flowable.engine.impl.cmd.ValidateV5EntitiesCmd - Total of v5 deployments found: 0
2026-06-20 09:10:08 [main] INFO  o.flowable.app.spring.SpringAppEngineConfiguration - Executing configure() of class org.flowable.eventregistry.spring.configurator.SpringEventRegistryConfigurator (priority:100000)
2026-06-20 09:10:09 [main] INFO  liquibase.changelog - Reading from `2026mysql_ds`.FLW_EV_DATABASECHANGELOG
2026-06-20 09:10:09 [main] INFO  liquibase.changelog - Reading from `2026mysql_ds`.FLW_EV_DATABASECHANGELOG
2026-06-20 09:10:09 [main] INFO  liquibase.util - UPDATE SUMMARY
2026-06-20 09:10:09 [main] INFO  liquibase.util - Run:                          0
2026-06-20 09:10:09 [main] INFO  liquibase.util - Previously run:               3
2026-06-20 09:10:09 [main] INFO  liquibase.util - Filtered out:                 0
2026-06-20 09:10:09 [main] INFO  liquibase.util - -------------------------------
2026-06-20 09:10:09 [main] INFO  liquibase.util - Total change sets:            3
2026-06-20 09:10:09 [main] INFO  liquibase.util - Update summary generated
2026-06-20 09:10:09 [main] INFO  liquibase.lockservice - Successfully released change log lock
2026-06-20 09:10:09 [main] INFO  liquibase.command - Command execution complete
2026-06-20 09:10:09 [main] INFO  o.f.eventregistry.impl.EventRegistryEngineImpl - EventRegistryEngine default created
2026-06-20 09:10:09 [main] INFO  o.flowable.app.spring.SpringAppEngineConfiguration - Executing configure() of class org.flowable.idm.spring.configurator.SpringIdmEngineConfigurator (priority:150000)
2026-06-20 09:10:09 [main] INFO  org.flowable.idm.engine.impl.IdmEngineImpl - IdmEngine default created
2026-06-20 09:10:09 [main] INFO  o.flowable.app.spring.SpringAppEngineConfiguration - Executing configure() of class org.flowable.dmn.spring.configurator.SpringDmnEngineConfigurator (priority:200000)
2026-06-20 09:10:09 [main] INFO  liquibase.changelog - Reading from `2026mysql_ds`.ACT_DMN_DATABASECHANGELOG
2026-06-20 09:10:09 [main] INFO  liquibase.changelog - Reading from `2026mysql_ds`.ACT_DMN_DATABASECHANGELOG
2026-06-20 09:10:09 [main] INFO  liquibase.util - UPDATE SUMMARY
2026-06-20 09:10:09 [main] INFO  liquibase.util - Run:                          0
2026-06-20 09:10:09 [main] INFO  liquibase.util - Previously run:               9
2026-06-20 09:10:09 [main] INFO  liquibase.util - Filtered out:                 0
2026-06-20 09:10:09 [main] INFO  liquibase.util - -------------------------------
2026-06-20 09:10:09 [main] INFO  liquibase.util - Total change sets:            9
2026-06-20 09:10:09 [main] INFO  liquibase.util - Update summary generated
2026-06-20 09:10:09 [main] INFO  liquibase.lockservice - Successfully released change log lock
2026-06-20 09:10:09 [main] INFO  liquibase.command - Command execution complete
2026-06-20 09:10:09 [main] INFO  org.flowable.dmn.engine.impl.DmnEngineImpl - DmnEngine default created
2026-06-20 09:10:09 [main] INFO  o.flowable.app.spring.SpringAppEngineConfiguration - Executing configure() of class org.flowable.cmmn.spring.configurator.SpringCmmnEngineConfigurator (priority:500000)
2026-06-20 09:10:10 [main] INFO  liquibase.changelog - Reading from `2026mysql_ds`.ACT_CMMN_DATABASECHANGELOG
2026-06-20 09:10:10 [main] INFO  liquibase.changelog - Reading from `2026mysql_ds`.ACT_CMMN_DATABASECHANGELOG
2026-06-20 09:10:10 [main] INFO  liquibase.util - UPDATE SUMMARY
2026-06-20 09:10:10 [main] INFO  liquibase.util - Run:                          0
2026-06-20 09:10:10 [main] INFO  liquibase.util - Previously run:              16
2026-06-20 09:10:10 [main] INFO  liquibase.util - Filtered out:                 1
2026-06-20 09:10:10 [main] INFO  liquibase.util - -------------------------------
2026-06-20 09:10:10 [main] INFO  liquibase.util - Total change sets:           17
2026-06-20 09:10:10 [main] INFO  liquibase.util - FILTERED CHANGE SETS SUMMARY
2026-06-20 09:10:10 [main] INFO  liquibase.util - DBMS mismatch:                1
2026-06-20 09:10:10 [main] INFO  liquibase.util - Update summary generated
2026-06-20 09:10:10 [main] INFO  liquibase.lockservice - Successfully released change log lock
2026-06-20 09:10:10 [main] INFO  liquibase.command - Command execution complete
2026-06-20 09:10:10 [main] INFO  org.flowable.cmmn.engine.impl.CmmnEngineImpl - CmmnEngine default created
2026-06-20 09:10:10 [main] INFO  liquibase.changelog - Reading from `2026mysql_ds`.ACT_APP_DATABASECHANGELOG
2026-06-20 09:10:10 [main] INFO  liquibase.changelog - Reading from `2026mysql_ds`.ACT_APP_DATABASECHANGELOG
2026-06-20 09:10:10 [main] INFO  liquibase.util - UPDATE SUMMARY
2026-06-20 09:10:10 [main] INFO  liquibase.util - Run:                          0
2026-06-20 09:10:10 [main] INFO  liquibase.util - Previously run:               3
2026-06-20 09:10:10 [main] INFO  liquibase.util - Filtered out:                 0
2026-06-20 09:10:10 [main] INFO  liquibase.util - -------------------------------
2026-06-20 09:10:10 [main] INFO  liquibase.util - Total change sets:            3
2026-06-20 09:10:10 [main] INFO  liquibase.util - Update summary generated
2026-06-20 09:10:10 [main] INFO  liquibase.lockservice - Successfully released change log lock
2026-06-20 09:10:10 [main] INFO  liquibase.command - Command execution complete
2026-06-20 09:10:10 [main] INFO  org.flowable.app.engine.impl.AppEngineImpl - AppEngine default created
2026-06-20 09:10:11 [main] INFO  o.s.b.actuate.endpoint.web.EndpointLinksResolver - Exposing 1 endpoint(s) beneath base path '/actuator'
2026-06-20 09:10:11 [main] INFO  o.s.security.web.DefaultSecurityFilterChain - Will secure any request with [org.springframework.security.web.session.DisableEncodeUrlFilter@5c59bea7, org.springframework.security.web.context.request.async.WebAsyncManagerIntegrationFilter@70062861, org.springframework.security.web.context.SecurityContextHolderFilter@7cc1a777, org.springframework.security.web.header.HeaderWriterFilter@403c326e, org.springframework.web.filter.CorsFilter@5c552f08, org.springframework.security.web.authentication.logout.LogoutFilter@5ec3d4f8, org.xiaoxu.auth.TokenAuthenticationFilter@3fb0d9de, org.springframework.security.web.savedrequest.RequestCacheAwareFilter@762b698, org.springframework.security.web.servletapi.SecurityContextHolderAwareRequestFilter@5ee9866c, org.springframework.security.web.authentication.AnonymousAuthenticationFilter@679c08ea, org.springframework.security.web.session.SessionManagementFilter@15fd8daa, org.springframework.security.web.access.ExceptionTranslationFilter@4bdf8378, org.springframework.security.web.access.intercept.AuthorizationFilter@3094e328]
2026-06-20 09:10:12 [main] INFO  com.xxl.job.core.executor.XxlJobExecutor - >>>>>>>>>>> xxl-job register jobhandler success, name:sendLeaveApprovalNotify, jobHandler:com.xxl.job.core.handler.impl.MethodJobHandler@387865b4[class org.xiaoxu.workflow.job.ApprovalNotifyJobHandler#sendLeaveApprovalNotify]
2026-06-20 09:10:12 [main] INFO  com.xxl.job.core.executor.XxlJobExecutor - >>>>>>>>>>> xxl-job register jobhandler success, name:sendFulfillmentApprovalNotify, jobHandler:com.xxl.job.core.handler.impl.MethodJobHandler@217b31f7[class org.xiaoxu.workflow.job.ApprovalNotifyJobHandler#sendFulfillmentApprovalNotify]
2026-06-20 09:10:12 [main] INFO  o.f.j.s.impl.asyncexecutor.AbstractAsyncExecutor - Starting up the async job executor [org.flowable.spring.job.service.SpringAsyncExecutor] for engine cmmn
2026-06-20 09:10:12 [Thread-8] INFO  o.f.j.s.i.asyncexecutor.ResetExpiredJobsRunnable - starting to reset expired jobs for engine cmmn
2026-06-20 09:10:12 [main] INFO  o.f.j.s.impl.asyncexecutor.AbstractAsyncExecutor - Starting up the async job executor [org.flowable.spring.job.service.SpringAsyncExecutor] for engine bpmn
2026-06-20 09:10:12 [Thread-7] INFO  o.f.j.s.i.asyncexecutor.AcquireTimerJobsRunnable - starting to acquire async jobs due for engine cmmn
2026-06-20 09:10:12 [Thread-6] INFO  o.f.j.s.i.a.AcquireAsyncJobsDueRunnable - starting to acquire async jobs due for engine cmmn
2026-06-20 09:10:12 [main] INFO  o.f.s.configurator.DefaultAutoDeploymentStrategy - Deploying resources [file [E:\programs\java_arsenal\permission-system\target\classes\processes\fulfillment-approval.bpmn20.xml], file [E:\programs\java_arsenal\permission-system\target\classes\processes\leave-request.bpmn20.xml]] for engine org.flowable.engine.impl.ProcessEngineImpl@5cf83d35 deployment name hint SpringBootAutoDeployment
2026-06-20 09:10:12 [Thread-9] INFO  o.f.j.s.i.a.AcquireAsyncJobsDueRunnable - starting to acquire async jobs due for engine bpmn
2026-06-20 09:10:12 [Thread-11] INFO  o.f.j.s.i.asyncexecutor.ResetExpiredJobsRunnable - starting to reset expired jobs for engine bpmn
2026-06-20 09:10:12 [Thread-10] INFO  o.f.j.s.i.asyncexecutor.AcquireTimerJobsRunnable - starting to acquire async jobs due for engine bpmn
2026-06-20 09:10:12 [main] INFO  org.apache.coyote.http11.Http11NioProtocol - Starting ProtocolHandler ["http-nio-13690"]
2026-06-20 09:10:12 [main] INFO  o.s.boot.web.embedded.tomcat.TomcatWebServer - Tomcat started on port 13690 (http) with context path ''
2026-06-20 09:10:12 [main] INFO  org.xiaoxu.PermissionApplication - Started PermissionApplication in 17.113 seconds (process running for 18.539)
2026-06-20 09:10:12 [Thread-5] INFO  com.xxl.job.core.server.EmbedServer - >>>>>>>>>>> xxl-job remoting server start success, nettype = class com.xxl.job.core.server.EmbedServer, port = 9998
2026-06-20 09:10:13 [RMI TCP Connection(13)-192.168.1.2] INFO  o.a.c.core.ContainerBase.[Tomcat].[localhost].[/] - Initializing Spring DispatcherServlet 'dispatcherServlet'
2026-06-20 09:10:13 [RMI TCP Connection(13)-192.168.1.2] INFO  org.springframework.web.servlet.DispatcherServlet - Initializing Servlet 'dispatcherServlet'
2026-06-20 09:10:13 [RMI TCP Connection(13)-192.168.1.2] INFO  org.springframework.web.servlet.DispatcherServlet - Completed initialization in 2 ms
2026-06-20 09:20:14 [Thread-5] INFO  com.xxl.job.core.server.EmbedServer - >>>>>>>>>>> xxl-job remoting server stop.
2026-06-20 09:20:14 [xxl-job, executor ExecutorRegistryThread] INFO  com.xxl.job.core.thread.ExecutorRegistryThread - >>>>>>>>>>> xxl-job registry-remove success, registryParam:RegistryParam{registryGroup='EXECUTOR', registryKey='permission-job-executor', registryValue='http://192.168.1.2:9998/'}, registryResult:ReturnT [code=200, msg=null, content=null]
2026-06-20 09:20:14 [xxl-job, executor ExecutorRegistryThread] INFO  com.xxl.job.core.thread.ExecutorRegistryThread - >>>>>>>>>>> xxl-job, executor registry thread destroy.
2026-06-20 09:20:14 [SpringApplicationShutdownHook] INFO  com.xxl.job.core.server.EmbedServer - >>>>>>>>>>> xxl-job remoting server destroy success.
2026-06-20 09:20:14 [xxl-job, executor JobLogFileCleanThread] INFO  com.xxl.job.core.thread.JobLogFileCleanThread - >>>>>>>>>>> xxl-job, executor JobLogFileCleanThread thread destroy.
2026-06-20 09:20:14 [xxl-job, executor TriggerCallbackThread] INFO  com.xxl.job.core.thread.TriggerCallbackThread - >>>>>>>>>>> xxl-job, executor callback thread destroy.
2026-06-20 09:20:14 [Thread-4] INFO  com.xxl.job.core.thread.TriggerCallbackThread - >>>>>>>>>>> xxl-job, executor retry callback thread destroy.
2026-06-20 09:20:14 [SpringApplicationShutdownHook] INFO  o.f.j.s.impl.asyncexecutor.AbstractAsyncExecutor - Shutting down the async job executor [org.flowable.spring.job.service.SpringAsyncExecutor] for engine cmmn
2026-06-20 09:20:14 [flowable-cmmn-acquire-timer-jobs] INFO  o.f.j.s.i.asyncexecutor.AcquireTimerJobsRunnable - stopped async job due acquisition for engine cmmn
2026-06-20 09:20:14 [flowable-cmmn-acquire-async-jobs] INFO  o.f.j.s.i.a.AcquireAsyncJobsDueRunnable - stopped async job due acquisition for engine cmmn
2026-06-20 09:20:14 [flowable-cmmn-reset-expired-jobs] INFO  o.f.j.s.i.asyncexecutor.ResetExpiredJobsRunnable - stopped resetting expired jobs for engine cmmn
2026-06-20 09:20:15 [SpringApplicationShutdownHook] INFO  o.f.j.s.impl.asyncexecutor.AbstractAsyncExecutor - Shutting down the async job executor [org.flowable.spring.job.service.SpringAsyncExecutor] for engine bpmn
2026-06-20 09:20:15 [flowable-bpmn-acquire-async-jobs] INFO  o.f.j.s.i.a.AcquireAsyncJobsDueRunnable - stopped async job due acquisition for engine bpmn
2026-06-20 09:20:15 [flowable-bpmn-reset-expired-jobs] INFO  o.f.j.s.i.asyncexecutor.ResetExpiredJobsRunnable - stopped resetting expired jobs for engine bpmn
2026-06-20 09:20:15 [flowable-bpmn-acquire-timer-jobs] INFO  o.f.j.s.i.asyncexecutor.AcquireTimerJobsRunnable - stopped async job due acquisition for engine bpmn
2026-06-20 09:20:15 [SpringApplicationShutdownHook] INFO  com.zaxxer.hikari.HikariDataSource - HikariPool-1 - Shutdown initiated...
2026-06-20 09:20:15 [SpringApplicationShutdownHook] INFO  com.zaxxer.hikari.HikariDataSource - HikariPool-1 - Shutdown completed.
2026-06-20 09:22:54 [background-preinit] INFO  org.hibernate.validator.internal.util.Version - HV000001: Hibernate Validator 8.0.1.Final
2026-06-20 09:22:54 [main] INFO  org.xiaoxu.PermissionApplication - Starting PermissionApplication using Java 17.0.12 with PID 60472 (E:\programs\java_arsenal\permission-system\target\classes started by tingq in E:\programs\java_arsenal)
2026-06-20 09:22:54 [main] INFO  org.xiaoxu.PermissionApplication - The following 1 profile is active: "local"
2026-06-20 09:22:56 [main] INFO  o.s.d.r.config.RepositoryConfigurationDelegate - Multiple Spring Data modules found, entering strict repository configuration mode
2026-06-20 09:22:56 [main] INFO  o.s.d.r.config.RepositoryConfigurationDelegate - Bootstrapping Spring Data Redis repositories in DEFAULT mode.
2026-06-20 09:22:56 [main] INFO  o.s.d.r.config.RepositoryConfigurationDelegate - Finished Spring Data repository scanning in 38 ms. Found 0 Redis repository interfaces.
2026-06-20 09:22:56 [main] WARN  o.s.c.s.PostProcessorRegistrationDelegate$BeanPostProcessorChecker - Bean 'com.alicp.jetcache.anno.config.JetCacheProxyConfiguration' of type [com.alicp.jetcache.anno.config.JetCacheProxyConfiguration$$SpringCGLIB$$0] is not eligible for getting processed by all BeanPostProcessors (for example: not eligible for auto-proxying). Is this bean getting eagerly injected into a currently created BeanPostProcessor [meterRegistryPostProcessor]? Check the corresponding BeanPostProcessor declaration and its dependencies.
2026-06-20 09:22:56 [main] WARN  o.s.c.s.PostProcessorRegistrationDelegate$BeanPostProcessorChecker - Bean 'com.alicp.jetcache.anno.config.CommonConfiguration' of type [com.alicp.jetcache.anno.config.CommonConfiguration$$SpringCGLIB$$0] is not eligible for getting processed by all BeanPostProcessors (for example: not eligible for auto-proxying). Is this bean getting eagerly injected into a currently created BeanPostProcessor [meterRegistryPostProcessor]? Check the corresponding BeanPostProcessor declaration and its dependencies.
2026-06-20 09:22:57 [main] INFO  o.s.boot.web.embedded.tomcat.TomcatWebServer - Tomcat initialized with port 13690 (http)
2026-06-20 09:22:57 [main] INFO  org.apache.coyote.http11.Http11NioProtocol - Initializing ProtocolHandler ["http-nio-13690"]
2026-06-20 09:22:57 [main] INFO  org.apache.catalina.core.StandardService - Starting service [Tomcat]
2026-06-20 09:22:57 [main] INFO  org.apache.catalina.core.StandardEngine - Starting Servlet engine: [Apache Tomcat/10.1.18]
2026-06-20 09:22:57 [main] INFO  o.a.c.core.ContainerBase.[Tomcat].[localhost].[/] - Initializing Spring embedded WebApplicationContext
2026-06-20 09:22:57 [main] INFO  o.s.b.w.s.c.ServletWebServerApplicationContext - Root WebApplicationContext: initialization completed in 2573 ms
2026-06-20 09:22:58 [main] INFO  org.redisson.Version - Redisson 3.24.3
2026-06-20 09:22:58 [redisson-netty-2-5] INFO  o.r.connection.pool.MasterPubSubConnectionPool - 1 connections initialized for 192.168.200.128/192.168.200.128:6379
2026-06-20 09:22:58 [redisson-netty-2-19] INFO  org.redisson.connection.pool.MasterConnectionPool - 24 connections initialized for 192.168.200.128/192.168.200.128:6379
2026-06-20 09:22:59 [main] WARN  o.s.b.w.s.c.AnnotationConfigServletWebServerApplicationContext - Exception encountered during context initialization - cancelling refresh attempt: org.springframework.beans.factory.UnsatisfiedDependencyException: Error creating bean with name 'securityConfig': Unsatisfied dependency expressed through field 'sysUserService': Error creating bean with name 'sysUserService': Unsatisfied dependency expressed through field 'passwordEncoder': Error creating bean with name 'securityConfig': Requested bean is currently in creation: Is there an unresolvable circular reference?
2026-06-20 09:22:59 [main] INFO  org.apache.catalina.core.StandardService - Stopping service [Tomcat]
2026-06-20 09:22:59 [main] WARN  org.apache.catalina.loader.WebappClassLoaderBase - The web application [ROOT] appears to have started a thread named [Thread-1] but has failed to stop it. This is very likely to create a memory leak. Stack trace of thread:
 java.base@17.0.12/sun.net.dns.ResolverConfigurationImpl.notifyAddrChange0(Native Method)
 java.base@17.0.12/sun.net.dns.ResolverConfigurationImpl$AddressChangeListener.run(ResolverConfigurationImpl.java:176)
2026-06-20 09:22:59 [main] INFO  o.s.b.a.logging.ConditionEvaluationReportLogger - 

Error starting ApplicationContext. To display the condition evaluation report re-run your application with 'debug' enabled.
2026-06-20 09:22:59 [main] ERROR o.s.b.diagnostics.LoggingFailureAnalysisReporter - 

***************************
APPLICATION FAILED TO START
***************************

Description:

The dependencies of some of the beans in the application context form a cycle:

┌─────┐
|  securityConfig (field private org.xiaoxu.service.SysUserService org.xiaoxu.config.SecurityConfig.sysUserService)
↑     ↓
|  sysUserService (field private org.springframework.security.crypto.password.PasswordEncoder org.xiaoxu.service.SysUserService.passwordEncoder)
└─────┘


Action:

Relying upon circular references is discouraged and they are prohibited by default. Update your application to remove the dependency cycle between beans. As a last resort, it may be possible to break the cycle automatically by setting spring.main.allow-circular-references to true.

2026-06-20 09:26:50 [background-preinit] INFO  org.hibernate.validator.internal.util.Version - HV000001: Hibernate Validator 8.0.1.Final
2026-06-20 09:26:50 [main] INFO  org.xiaoxu.PermissionApplication - Starting PermissionApplication using Java 17.0.12 with PID 4448 (E:\programs\java_arsenal\permission-system\target\classes started by tingq in E:\programs\java_arsenal)
2026-06-20 09:26:50 [main] INFO  org.xiaoxu.PermissionApplication - The following 1 profile is active: "local"
2026-06-20 09:26:51 [main] INFO  o.s.d.r.config.RepositoryConfigurationDelegate - Multiple Spring Data modules found, entering strict repository configuration mode
2026-06-20 09:26:51 [main] INFO  o.s.d.r.config.RepositoryConfigurationDelegate - Bootstrapping Spring Data Redis repositories in DEFAULT mode.
2026-06-20 09:26:51 [main] INFO  o.s.d.r.config.RepositoryConfigurationDelegate - Finished Spring Data repository scanning in 38 ms. Found 0 Redis repository interfaces.
2026-06-20 09:26:52 [main] WARN  o.s.c.s.PostProcessorRegistrationDelegate$BeanPostProcessorChecker - Bean 'com.alicp.jetcache.anno.config.JetCacheProxyConfiguration' of type [com.alicp.jetcache.anno.config.JetCacheProxyConfiguration$$SpringCGLIB$$0] is not eligible for getting processed by all BeanPostProcessors (for example: not eligible for auto-proxying). Is this bean getting eagerly injected into a currently created BeanPostProcessor [meterRegistryPostProcessor]? Check the corresponding BeanPostProcessor declaration and its dependencies.
2026-06-20 09:26:52 [main] WARN  o.s.c.s.PostProcessorRegistrationDelegate$BeanPostProcessorChecker - Bean 'com.alicp.jetcache.anno.config.CommonConfiguration' of type [com.alicp.jetcache.anno.config.CommonConfiguration$$SpringCGLIB$$0] is not eligible for getting processed by all BeanPostProcessors (for example: not eligible for auto-proxying). Is this bean getting eagerly injected into a currently created BeanPostProcessor [meterRegistryPostProcessor]? Check the corresponding BeanPostProcessor declaration and its dependencies.
2026-06-20 09:26:52 [main] INFO  o.s.boot.web.embedded.tomcat.TomcatWebServer - Tomcat initialized with port 13690 (http)
2026-06-20 09:26:52 [main] INFO  org.apache.coyote.http11.Http11NioProtocol - Initializing ProtocolHandler ["http-nio-13690"]
2026-06-20 09:26:52 [main] INFO  org.apache.catalina.core.StandardService - Starting service [Tomcat]
2026-06-20 09:26:52 [main] INFO  org.apache.catalina.core.StandardEngine - Starting Servlet engine: [Apache Tomcat/10.1.18]
2026-06-20 09:26:53 [main] INFO  o.a.c.core.ContainerBase.[Tomcat].[localhost].[/] - Initializing Spring embedded WebApplicationContext
2026-06-20 09:26:53 [main] INFO  o.s.b.w.s.c.ServletWebServerApplicationContext - Root WebApplicationContext: initialization completed in 2675 ms
2026-06-20 09:26:53 [main] INFO  org.redisson.Version - Redisson 3.24.3
2026-06-20 09:26:53 [redisson-netty-2-5] INFO  o.r.connection.pool.MasterPubSubConnectionPool - 1 connections initialized for 192.168.200.128/192.168.200.128:6379
2026-06-20 09:26:53 [redisson-netty-2-19] INFO  org.redisson.connection.pool.MasterConnectionPool - 24 connections initialized for 192.168.200.128/192.168.200.128:6379
2026-06-20 09:26:55 [main] INFO  org.xiaoxu.service.OssService - OSS 客户端初始化完成, bucket=oss-inshanghai
2026-06-20 09:26:55 [main] INFO  o.xiaoxu.workflow.approval.ApprovalHandlerRegistry - 审批回调注册完成，已注册业务: [fulfillment-approval, leave-request]
2026-06-20 09:26:55 [main] INFO  o.f.spring.boot.cmmn.CmmnEngineAutoConfiguration - No deployment resources were found for autodeployment
2026-06-20 09:26:55 [main] INFO  o.f.spring.boot.dmn.DmnEngineAutoConfiguration - No deployment resources were found for autodeployment
2026-06-20 09:26:55 [main] INFO  o.f.s.b.e.EventRegistryAutoConfiguration - No deployment resources were found for autodeployment
2026-06-20 09:26:55 [main] INFO  o.f.spring.boot.app.AppEngineAutoConfiguration - No deployment resources were found for autodeployment
2026-06-20 09:26:55 [main] INFO  o.flowable.app.spring.SpringAppEngineConfiguration - Found 5 Engine Configurators in total:
2026-06-20 09:26:55 [main] INFO  o.flowable.app.spring.SpringAppEngineConfiguration - class org.flowable.engine.spring.configurator.SpringProcessEngineConfigurator (priority:50000)
2026-06-20 09:26:55 [main] INFO  o.flowable.app.spring.SpringAppEngineConfiguration - class org.flowable.eventregistry.spring.configurator.SpringEventRegistryConfigurator (priority:100000)
2026-06-20 09:26:55 [main] INFO  o.flowable.app.spring.SpringAppEngineConfiguration - class org.flowable.idm.spring.configurator.SpringIdmEngineConfigurator (priority:150000)
2026-06-20 09:26:55 [main] INFO  o.flowable.app.spring.SpringAppEngineConfiguration - class org.flowable.dmn.spring.configurator.SpringDmnEngineConfigurator (priority:200000)
2026-06-20 09:26:55 [main] INFO  o.flowable.app.spring.SpringAppEngineConfiguration - class org.flowable.cmmn.spring.configurator.SpringCmmnEngineConfigurator (priority:500000)
2026-06-20 09:26:55 [main] INFO  o.flowable.app.spring.SpringAppEngineConfiguration - Executing beforeInit() of class org.flowable.engine.spring.configurator.SpringProcessEngineConfigurator (priority:50000)
2026-06-20 09:26:55 [main] INFO  o.flowable.app.spring.SpringAppEngineConfiguration - Executing beforeInit() of class org.flowable.eventregistry.spring.configurator.SpringEventRegistryConfigurator (priority:100000)
2026-06-20 09:26:55 [main] INFO  o.flowable.app.spring.SpringAppEngineConfiguration - Executing beforeInit() of class org.flowable.idm.spring.configurator.SpringIdmEngineConfigurator (priority:150000)
2026-06-20 09:26:55 [main] INFO  o.flowable.app.spring.SpringAppEngineConfiguration - Executing beforeInit() of class org.flowable.dmn.spring.configurator.SpringDmnEngineConfigurator (priority:200000)
2026-06-20 09:26:55 [main] INFO  o.flowable.app.spring.SpringAppEngineConfiguration - Executing beforeInit() of class org.flowable.cmmn.spring.configurator.SpringCmmnEngineConfigurator (priority:500000)
2026-06-20 09:26:55 [main] INFO  com.zaxxer.hikari.HikariDataSource - HikariPool-1 - Starting...
2026-06-20 09:26:56 [main] INFO  com.zaxxer.hikari.pool.HikariPool - HikariPool-1 - Added connection com.mysql.cj.jdbc.ConnectionImpl@33e6176b
2026-06-20 09:26:56 [main] INFO  com.zaxxer.hikari.HikariDataSource - HikariPool-1 - Start completed.
2026-06-20 09:26:57 [main] INFO  o.flowable.app.spring.SpringAppEngineConfiguration - Executing configure() of class org.flowable.engine.spring.configurator.SpringProcessEngineConfigurator (priority:50000)
2026-06-20 09:26:57 [main] INFO  org.flowable.engine.impl.ProcessEngineImpl - ProcessEngine default created
2026-06-20 09:26:57 [main] INFO  o.flowable.engine.impl.cmd.ValidateV5EntitiesCmd - Total of v5 deployments found: 0
2026-06-20 09:26:57 [main] INFO  o.flowable.app.spring.SpringAppEngineConfiguration - Executing configure() of class org.flowable.eventregistry.spring.configurator.SpringEventRegistryConfigurator (priority:100000)
2026-06-20 09:26:58 [main] INFO  liquibase.changelog - Reading from `2026mysql_ds`.FLW_EV_DATABASECHANGELOG
2026-06-20 09:26:58 [main] INFO  liquibase.changelog - Reading from `2026mysql_ds`.FLW_EV_DATABASECHANGELOG
2026-06-20 09:26:58 [main] INFO  liquibase.util - UPDATE SUMMARY
2026-06-20 09:26:58 [main] INFO  liquibase.util - Run:                          0
2026-06-20 09:26:58 [main] INFO  liquibase.util - Previously run:               3
2026-06-20 09:26:58 [main] INFO  liquibase.util - Filtered out:                 0
2026-06-20 09:26:58 [main] INFO  liquibase.util - -------------------------------
2026-06-20 09:26:58 [main] INFO  liquibase.util - Total change sets:            3
2026-06-20 09:26:58 [main] INFO  liquibase.util - Update summary generated
2026-06-20 09:26:58 [main] INFO  liquibase.lockservice - Successfully released change log lock
2026-06-20 09:26:58 [main] INFO  liquibase.command - Command execution complete
2026-06-20 09:26:58 [main] INFO  o.f.eventregistry.impl.EventRegistryEngineImpl - EventRegistryEngine default created
2026-06-20 09:26:58 [main] INFO  o.flowable.app.spring.SpringAppEngineConfiguration - Executing configure() of class org.flowable.idm.spring.configurator.SpringIdmEngineConfigurator (priority:150000)
2026-06-20 09:26:58 [main] INFO  org.flowable.idm.engine.impl.IdmEngineImpl - IdmEngine default created
2026-06-20 09:26:58 [main] INFO  o.flowable.app.spring.SpringAppEngineConfiguration - Executing configure() of class org.flowable.dmn.spring.configurator.SpringDmnEngineConfigurator (priority:200000)
2026-06-20 09:26:58 [main] INFO  liquibase.changelog - Reading from `2026mysql_ds`.ACT_DMN_DATABASECHANGELOG
2026-06-20 09:26:58 [main] INFO  liquibase.changelog - Reading from `2026mysql_ds`.ACT_DMN_DATABASECHANGELOG
2026-06-20 09:26:58 [main] INFO  liquibase.util - UPDATE SUMMARY
2026-06-20 09:26:58 [main] INFO  liquibase.util - Run:                          0
2026-06-20 09:26:58 [main] INFO  liquibase.util - Previously run:               9
2026-06-20 09:26:58 [main] INFO  liquibase.util - Filtered out:                 0
2026-06-20 09:26:58 [main] INFO  liquibase.util - -------------------------------
2026-06-20 09:26:58 [main] INFO  liquibase.util - Total change sets:            9
2026-06-20 09:26:58 [main] INFO  liquibase.util - Update summary generated
2026-06-20 09:26:58 [main] INFO  liquibase.lockservice - Successfully released change log lock
2026-06-20 09:26:58 [main] INFO  liquibase.command - Command execution complete
2026-06-20 09:26:58 [main] INFO  org.flowable.dmn.engine.impl.DmnEngineImpl - DmnEngine default created
2026-06-20 09:26:58 [main] INFO  o.flowable.app.spring.SpringAppEngineConfiguration - Executing configure() of class org.flowable.cmmn.spring.configurator.SpringCmmnEngineConfigurator (priority:500000)
2026-06-20 09:26:59 [main] INFO  liquibase.changelog - Reading from `2026mysql_ds`.ACT_CMMN_DATABASECHANGELOG
2026-06-20 09:26:59 [main] INFO  liquibase.changelog - Reading from `2026mysql_ds`.ACT_CMMN_DATABASECHANGELOG
2026-06-20 09:26:59 [main] INFO  liquibase.util - UPDATE SUMMARY
2026-06-20 09:26:59 [main] INFO  liquibase.util - Run:                          0
2026-06-20 09:26:59 [main] INFO  liquibase.util - Previously run:              16
2026-06-20 09:26:59 [main] INFO  liquibase.util - Filtered out:                 1
2026-06-20 09:26:59 [main] INFO  liquibase.util - -------------------------------
2026-06-20 09:26:59 [main] INFO  liquibase.util - Total change sets:           17
2026-06-20 09:26:59 [main] INFO  liquibase.util - FILTERED CHANGE SETS SUMMARY
2026-06-20 09:26:59 [main] INFO  liquibase.util - DBMS mismatch:                1
2026-06-20 09:26:59 [main] INFO  liquibase.util - Update summary generated
2026-06-20 09:26:59 [main] INFO  liquibase.lockservice - Successfully released change log lock
2026-06-20 09:26:59 [main] INFO  liquibase.command - Command execution complete
2026-06-20 09:26:59 [main] INFO  org.flowable.cmmn.engine.impl.CmmnEngineImpl - CmmnEngine default created
2026-06-20 09:26:59 [main] INFO  liquibase.changelog - Reading from `2026mysql_ds`.ACT_APP_DATABASECHANGELOG
2026-06-20 09:26:59 [main] INFO  liquibase.changelog - Reading from `2026mysql_ds`.ACT_APP_DATABASECHANGELOG
2026-06-20 09:26:59 [main] INFO  liquibase.util - UPDATE SUMMARY
2026-06-20 09:26:59 [main] INFO  liquibase.util - Run:                          0
2026-06-20 09:26:59 [main] INFO  liquibase.util - Previously run:               3
2026-06-20 09:26:59 [main] INFO  liquibase.util - Filtered out:                 0
2026-06-20 09:26:59 [main] INFO  liquibase.util - -------------------------------
2026-06-20 09:26:59 [main] INFO  liquibase.util - Total change sets:            3
2026-06-20 09:26:59 [main] INFO  liquibase.util - Update summary generated
2026-06-20 09:26:59 [main] INFO  liquibase.lockservice - Successfully released change log lock
2026-06-20 09:26:59 [main] INFO  liquibase.command - Command execution complete
2026-06-20 09:26:59 [main] INFO  org.flowable.app.engine.impl.AppEngineImpl - AppEngine default created
2026-06-20 09:27:00 [main] INFO  o.s.b.actuate.endpoint.web.EndpointLinksResolver - Exposing 1 endpoint(s) beneath base path '/actuator'
2026-06-20 09:27:00 [main] INFO  o.s.security.web.DefaultSecurityFilterChain - Will secure any request with [org.springframework.security.web.session.DisableEncodeUrlFilter@5c59bea7, org.springframework.security.web.context.request.async.WebAsyncManagerIntegrationFilter@70062861, org.springframework.security.web.context.SecurityContextHolderFilter@7cc1a777, org.springframework.security.web.header.HeaderWriterFilter@403c326e, org.springframework.web.filter.CorsFilter@4fd00e10, org.springframework.security.web.authentication.logout.LogoutFilter@5ec3d4f8, org.xiaoxu.auth.TokenAuthenticationFilter@8ad6d29, org.springframework.security.web.savedrequest.RequestCacheAwareFilter@762b698, org.springframework.security.web.servletapi.SecurityContextHolderAwareRequestFilter@5ee9866c, org.springframework.security.web.authentication.AnonymousAuthenticationFilter@679c08ea, org.springframework.security.web.session.SessionManagementFilter@15fd8daa, org.springframework.security.web.access.ExceptionTranslationFilter@4bdf8378, org.springframework.security.web.access.intercept.AuthorizationFilter@3094e328]
2026-06-20 09:27:00 [main] INFO  com.xxl.job.core.executor.XxlJobExecutor - >>>>>>>>>>> xxl-job register jobhandler success, name:sendFulfillmentApprovalNotify, jobHandler:com.xxl.job.core.handler.impl.MethodJobHandler@6fe1a04e[class org.xiaoxu.workflow.job.ApprovalNotifyJobHandler#sendFulfillmentApprovalNotify]
2026-06-20 09:27:00 [main] INFO  com.xxl.job.core.executor.XxlJobExecutor - >>>>>>>>>>> xxl-job register jobhandler success, name:sendLeaveApprovalNotify, jobHandler:com.xxl.job.core.handler.impl.MethodJobHandler@28c8ec96[class org.xiaoxu.workflow.job.ApprovalNotifyJobHandler#sendLeaveApprovalNotify]
2026-06-20 09:27:00 [main] INFO  o.f.j.s.impl.asyncexecutor.AbstractAsyncExecutor - Starting up the async job executor [org.flowable.spring.job.service.SpringAsyncExecutor] for engine cmmn
2026-06-20 09:27:00 [Thread-8] INFO  o.f.j.s.i.asyncexecutor.ResetExpiredJobsRunnable - starting to reset expired jobs for engine cmmn
2026-06-20 09:27:00 [main] INFO  o.f.j.s.impl.asyncexecutor.AbstractAsyncExecutor - Starting up the async job executor [org.flowable.spring.job.service.SpringAsyncExecutor] for engine bpmn
2026-06-20 09:27:00 [Thread-7] INFO  o.f.j.s.i.asyncexecutor.AcquireTimerJobsRunnable - starting to acquire async jobs due for engine cmmn
2026-06-20 09:27:00 [Thread-6] INFO  o.f.j.s.i.a.AcquireAsyncJobsDueRunnable - starting to acquire async jobs due for engine cmmn
2026-06-20 09:27:00 [main] INFO  o.f.s.configurator.DefaultAutoDeploymentStrategy - Deploying resources [file [E:\programs\java_arsenal\permission-system\target\classes\processes\fulfillment-approval.bpmn20.xml], file [E:\programs\java_arsenal\permission-system\target\classes\processes\leave-request.bpmn20.xml]] for engine org.flowable.engine.impl.ProcessEngineImpl@5099b274 deployment name hint SpringBootAutoDeployment
2026-06-20 09:27:00 [Thread-10] INFO  o.f.j.s.i.asyncexecutor.AcquireTimerJobsRunnable - starting to acquire async jobs due for engine bpmn
2026-06-20 09:27:00 [Thread-11] INFO  o.f.j.s.i.asyncexecutor.ResetExpiredJobsRunnable - starting to reset expired jobs for engine bpmn
2026-06-20 09:27:00 [Thread-9] INFO  o.f.j.s.i.a.AcquireAsyncJobsDueRunnable - starting to acquire async jobs due for engine bpmn
2026-06-20 09:27:00 [main] INFO  org.apache.coyote.http11.Http11NioProtocol - Starting ProtocolHandler ["http-nio-13690"]
2026-06-20 09:27:01 [main] INFO  o.s.boot.web.embedded.tomcat.TomcatWebServer - Tomcat started on port 13690 (http) with context path ''
2026-06-20 09:27:01 [main] INFO  org.xiaoxu.PermissionApplication - Started PermissionApplication in 11.649 seconds (process running for 12.952)
2026-06-20 09:27:01 [Thread-5] INFO  com.xxl.job.core.server.EmbedServer - >>>>>>>>>>> xxl-job remoting server start success, nettype = class com.xxl.job.core.server.EmbedServer, port = 9998
2026-06-20 09:27:01 [RMI TCP Connection(1)-192.168.1.2] INFO  o.a.c.core.ContainerBase.[Tomcat].[localhost].[/] - Initializing Spring DispatcherServlet 'dispatcherServlet'
2026-06-20 09:27:01 [RMI TCP Connection(1)-192.168.1.2] INFO  org.springframework.web.servlet.DispatcherServlet - Initializing Servlet 'dispatcherServlet'
2026-06-20 09:27:01 [RMI TCP Connection(1)-192.168.1.2] INFO  org.springframework.web.servlet.DispatcherServlet - Completed initialization in 2 ms
2026-06-20 09:29:49 [http-nio-13690-exec-2] INFO  org.xiaoxu.service.EmailService - 邮件发送成功, to=2726986361@qq.com, subject=【BPMN系统】登录验证码
2026-06-20 09:29:49 [http-nio-13690-exec-2] INFO  org.xiaoxu.controller.AuthController - 验证码已发送, email=2726986361@qq.com, code=917553
2026-06-20 09:30:46 [http-nio-13690-exec-6] INFO  org.xiaoxu.service.EmailService - 邮件发送成功, to=tingqq7@gmail.com, subject=【BPMN系统】登录验证码
2026-06-20 09:30:46 [http-nio-13690-exec-6] INFO  org.xiaoxu.controller.AuthController - 验证码已发送, email=tingqq7@gmail.com, code=462199
2026-06-20 09:35:36 [Thread-5] INFO  com.xxl.job.core.server.EmbedServer - >>>>>>>>>>> xxl-job remoting server stop.
2026-06-20 09:35:36 [xxl-job, executor ExecutorRegistryThread] INFO  com.xxl.job.core.thread.ExecutorRegistryThread - >>>>>>>>>>> xxl-job registry-remove success, registryParam:RegistryParam{registryGroup='EXECUTOR', registryKey='permission-job-executor', registryValue='http://192.168.1.2:9998/'}, registryResult:ReturnT [code=200, msg=null, content=null]
2026-06-20 09:35:36 [xxl-job, executor ExecutorRegistryThread] INFO  com.xxl.job.core.thread.ExecutorRegistryThread - >>>>>>>>>>> xxl-job, executor registry thread destroy.
2026-06-20 09:35:36 [SpringApplicationShutdownHook] INFO  com.xxl.job.core.server.EmbedServer - >>>>>>>>>>> xxl-job remoting server destroy success.
2026-06-20 09:35:36 [xxl-job, executor JobLogFileCleanThread] INFO  com.xxl.job.core.thread.JobLogFileCleanThread - >>>>>>>>>>> xxl-job, executor JobLogFileCleanThread thread destroy.
2026-06-20 09:35:36 [xxl-job, executor TriggerCallbackThread] INFO  com.xxl.job.core.thread.TriggerCallbackThread - >>>>>>>>>>> xxl-job, executor callback thread destroy.
2026-06-20 09:35:36 [Thread-4] INFO  com.xxl.job.core.thread.TriggerCallbackThread - >>>>>>>>>>> xxl-job, executor retry callback thread destroy.
2026-06-20 09:35:36 [SpringApplicationShutdownHook] INFO  o.f.j.s.impl.asyncexecutor.AbstractAsyncExecutor - Shutting down the async job executor [org.flowable.spring.job.service.SpringAsyncExecutor] for engine cmmn
2026-06-20 09:35:36 [flowable-cmmn-acquire-timer-jobs] INFO  o.f.j.s.i.asyncexecutor.AcquireTimerJobsRunnable - stopped async job due acquisition for engine cmmn
2026-06-20 09:35:36 [flowable-cmmn-reset-expired-jobs] INFO  o.f.j.s.i.asyncexecutor.ResetExpiredJobsRunnable - stopped resetting expired jobs for engine cmmn
2026-06-20 09:35:36 [flowable-cmmn-acquire-async-jobs] INFO  o.f.j.s.i.a.AcquireAsyncJobsDueRunnable - stopped async job due acquisition for engine cmmn
2026-06-20 09:35:36 [SpringApplicationShutdownHook] INFO  o.f.j.s.impl.asyncexecutor.AbstractAsyncExecutor - Shutting down the async job executor [org.flowable.spring.job.service.SpringAsyncExecutor] for engine bpmn
2026-06-20 09:35:36 [flowable-bpmn-reset-expired-jobs] INFO  o.f.j.s.i.asyncexecutor.ResetExpiredJobsRunnable - stopped resetting expired jobs for engine bpmn
2026-06-20 09:35:36 [flowable-bpmn-acquire-timer-jobs] INFO  o.f.j.s.i.asyncexecutor.AcquireTimerJobsRunnable - stopped async job due acquisition for engine bpmn
2026-06-20 09:35:36 [flowable-bpmn-acquire-async-jobs] INFO  o.f.j.s.i.a.AcquireAsyncJobsDueRunnable - stopped async job due acquisition for engine bpmn
2026-06-20 09:35:36 [SpringApplicationShutdownHook] INFO  com.zaxxer.hikari.HikariDataSource - HikariPool-1 - Shutdown initiated...
2026-06-20 09:35:36 [SpringApplicationShutdownHook] INFO  com.zaxxer.hikari.HikariDataSource - HikariPool-1 - Shutdown completed.
2026-06-20 09:35:43 [background-preinit] INFO  org.hibernate.validator.internal.util.Version - HV000001: Hibernate Validator 8.0.1.Final
2026-06-20 09:35:43 [main] INFO  org.xiaoxu.PermissionApplication - Starting PermissionApplication using Java 17.0.12 with PID 68204 (E:\programs\java_arsenal\permission-system\target\classes started by tingq in E:\programs\java_arsenal)
2026-06-20 09:35:43 [main] INFO  org.xiaoxu.PermissionApplication - The following 1 profile is active: "local"
2026-06-20 09:35:45 [main] INFO  o.s.d.r.config.RepositoryConfigurationDelegate - Multiple Spring Data modules found, entering strict repository configuration mode
2026-06-20 09:35:45 [main] INFO  o.s.d.r.config.RepositoryConfigurationDelegate - Bootstrapping Spring Data Redis repositories in DEFAULT mode.
2026-06-20 09:35:45 [main] INFO  o.s.d.r.config.RepositoryConfigurationDelegate - Finished Spring Data repository scanning in 38 ms. Found 0 Redis repository interfaces.
2026-06-20 09:35:46 [main] WARN  o.s.c.s.PostProcessorRegistrationDelegate$BeanPostProcessorChecker - Bean 'com.alicp.jetcache.anno.config.JetCacheProxyConfiguration' of type [com.alicp.jetcache.anno.config.JetCacheProxyConfiguration$$SpringCGLIB$$0] is not eligible for getting processed by all BeanPostProcessors (for example: not eligible for auto-proxying). Is this bean getting eagerly injected into a currently created BeanPostProcessor [meterRegistryPostProcessor]? Check the corresponding BeanPostProcessor declaration and its dependencies.
2026-06-20 09:35:46 [main] WARN  o.s.c.s.PostProcessorRegistrationDelegate$BeanPostProcessorChecker - Bean 'com.alicp.jetcache.anno.config.CommonConfiguration' of type [com.alicp.jetcache.anno.config.CommonConfiguration$$SpringCGLIB$$0] is not eligible for getting processed by all BeanPostProcessors (for example: not eligible for auto-proxying). Is this bean getting eagerly injected into a currently created BeanPostProcessor [meterRegistryPostProcessor]? Check the corresponding BeanPostProcessor declaration and its dependencies.
2026-06-20 09:35:46 [main] INFO  o.s.boot.web.embedded.tomcat.TomcatWebServer - Tomcat initialized with port 13690 (http)
2026-06-20 09:35:46 [main] INFO  org.apache.coyote.http11.Http11NioProtocol - Initializing ProtocolHandler ["http-nio-13690"]
2026-06-20 09:35:46 [main] INFO  org.apache.catalina.core.StandardService - Starting service [Tomcat]
2026-06-20 09:35:46 [main] INFO  org.apache.catalina.core.StandardEngine - Starting Servlet engine: [Apache Tomcat/10.1.18]
2026-06-20 09:35:46 [main] INFO  o.a.c.core.ContainerBase.[Tomcat].[localhost].[/] - Initializing Spring embedded WebApplicationContext
2026-06-20 09:35:46 [main] INFO  o.s.b.w.s.c.ServletWebServerApplicationContext - Root WebApplicationContext: initialization completed in 2586 ms
2026-06-20 09:35:47 [main] INFO  org.redisson.Version - Redisson 3.24.3
2026-06-20 09:35:47 [redisson-netty-2-5] INFO  o.r.connection.pool.MasterPubSubConnectionPool - 1 connections initialized for 192.168.200.128/192.168.200.128:6379
2026-06-20 09:35:47 [redisson-netty-2-19] INFO  org.redisson.connection.pool.MasterConnectionPool - 24 connections initialized for 192.168.200.128/192.168.200.128:6379
2026-06-20 09:35:48 [main] INFO  org.xiaoxu.service.OssService - OSS 客户端初始化完成, bucket=oss-inshanghai
2026-06-20 09:35:48 [main] INFO  o.xiaoxu.workflow.approval.ApprovalHandlerRegistry - 审批回调注册完成，已注册业务: [fulfillment-approval, leave-request]
2026-06-20 09:35:49 [main] INFO  o.f.spring.boot.cmmn.CmmnEngineAutoConfiguration - No deployment resources were found for autodeployment
2026-06-20 09:35:49 [main] INFO  o.f.spring.boot.dmn.DmnEngineAutoConfiguration - No deployment resources were found for autodeployment
2026-06-20 09:35:49 [main] INFO  o.f.s.b.e.EventRegistryAutoConfiguration - No deployment resources were found for autodeployment
2026-06-20 09:35:49 [main] INFO  o.f.spring.boot.app.AppEngineAutoConfiguration - No deployment resources were found for autodeployment
2026-06-20 09:35:49 [main] INFO  o.flowable.app.spring.SpringAppEngineConfiguration - Found 5 Engine Configurators in total:
2026-06-20 09:35:49 [main] INFO  o.flowable.app.spring.SpringAppEngineConfiguration - class org.flowable.engine.spring.configurator.SpringProcessEngineConfigurator (priority:50000)
2026-06-20 09:35:49 [main] INFO  o.flowable.app.spring.SpringAppEngineConfiguration - class org.flowable.eventregistry.spring.configurator.SpringEventRegistryConfigurator (priority:100000)
2026-06-20 09:35:49 [main] INFO  o.flowable.app.spring.SpringAppEngineConfiguration - class org.flowable.idm.spring.configurator.SpringIdmEngineConfigurator (priority:150000)
2026-06-20 09:35:49 [main] INFO  o.flowable.app.spring.SpringAppEngineConfiguration - class org.flowable.dmn.spring.configurator.SpringDmnEngineConfigurator (priority:200000)
2026-06-20 09:35:49 [main] INFO  o.flowable.app.spring.SpringAppEngineConfiguration - class org.flowable.cmmn.spring.configurator.SpringCmmnEngineConfigurator (priority:500000)
2026-06-20 09:35:49 [main] INFO  o.flowable.app.spring.SpringAppEngineConfiguration - Executing beforeInit() of class org.flowable.engine.spring.configurator.SpringProcessEngineConfigurator (priority:50000)
2026-06-20 09:35:49 [main] INFO  o.flowable.app.spring.SpringAppEngineConfiguration - Executing beforeInit() of class org.flowable.eventregistry.spring.configurator.SpringEventRegistryConfigurator (priority:100000)
2026-06-20 09:35:49 [main] INFO  o.flowable.app.spring.SpringAppEngineConfiguration - Executing beforeInit() of class org.flowable.idm.spring.configurator.SpringIdmEngineConfigurator (priority:150000)
2026-06-20 09:35:49 [main] INFO  o.flowable.app.spring.SpringAppEngineConfiguration - Executing beforeInit() of class org.flowable.dmn.spring.configurator.SpringDmnEngineConfigurator (priority:200000)
2026-06-20 09:35:49 [main] INFO  o.flowable.app.spring.SpringAppEngineConfiguration - Executing beforeInit() of class org.flowable.cmmn.spring.configurator.SpringCmmnEngineConfigurator (priority:500000)
2026-06-20 09:35:49 [main] INFO  com.zaxxer.hikari.HikariDataSource - HikariPool-1 - Starting...
2026-06-20 09:35:49 [main] INFO  com.zaxxer.hikari.pool.HikariPool - HikariPool-1 - Added connection com.mysql.cj.jdbc.ConnectionImpl@3726fc3b
2026-06-20 09:35:49 [main] INFO  com.zaxxer.hikari.HikariDataSource - HikariPool-1 - Start completed.
2026-06-20 09:35:50 [main] INFO  o.flowable.app.spring.SpringAppEngineConfiguration - Executing configure() of class org.flowable.engine.spring.configurator.SpringProcessEngineConfigurator (priority:50000)
2026-06-20 09:35:51 [main] INFO  org.flowable.engine.impl.ProcessEngineImpl - ProcessEngine default created
2026-06-20 09:35:51 [main] INFO  o.flowable.engine.impl.cmd.ValidateV5EntitiesCmd - Total of v5 deployments found: 0
2026-06-20 09:35:51 [main] INFO  o.flowable.app.spring.SpringAppEngineConfiguration - Executing configure() of class org.flowable.eventregistry.spring.configurator.SpringEventRegistryConfigurator (priority:100000)
2026-06-20 09:35:51 [main] INFO  liquibase.changelog - Reading from `2026mysql_ds`.FLW_EV_DATABASECHANGELOG
2026-06-20 09:35:52 [main] INFO  liquibase.changelog - Reading from `2026mysql_ds`.FLW_EV_DATABASECHANGELOG
2026-06-20 09:35:52 [main] INFO  liquibase.util - UPDATE SUMMARY
2026-06-20 09:35:52 [main] INFO  liquibase.util - Run:                          0
2026-06-20 09:35:52 [main] INFO  liquibase.util - Previously run:               3
2026-06-20 09:35:52 [main] INFO  liquibase.util - Filtered out:                 0
2026-06-20 09:35:52 [main] INFO  liquibase.util - -------------------------------
2026-06-20 09:35:52 [main] INFO  liquibase.util - Total change sets:            3
2026-06-20 09:35:52 [main] INFO  liquibase.util - Update summary generated
2026-06-20 09:35:52 [main] INFO  liquibase.lockservice - Successfully released change log lock
2026-06-20 09:35:52 [main] INFO  liquibase.command - Command execution complete
2026-06-20 09:35:52 [main] INFO  o.f.eventregistry.impl.EventRegistryEngineImpl - EventRegistryEngine default created
2026-06-20 09:35:52 [main] INFO  o.flowable.app.spring.SpringAppEngineConfiguration - Executing configure() of class org.flowable.idm.spring.configurator.SpringIdmEngineConfigurator (priority:150000)
2026-06-20 09:35:52 [main] INFO  org.flowable.idm.engine.impl.IdmEngineImpl - IdmEngine default created
2026-06-20 09:35:52 [main] INFO  o.flowable.app.spring.SpringAppEngineConfiguration - Executing configure() of class org.flowable.dmn.spring.configurator.SpringDmnEngineConfigurator (priority:200000)
2026-06-20 09:35:52 [main] INFO  liquibase.changelog - Reading from `2026mysql_ds`.ACT_DMN_DATABASECHANGELOG
2026-06-20 09:35:52 [main] INFO  liquibase.changelog - Reading from `2026mysql_ds`.ACT_DMN_DATABASECHANGELOG
2026-06-20 09:35:52 [main] INFO  liquibase.util - UPDATE SUMMARY
2026-06-20 09:35:52 [main] INFO  liquibase.util - Run:                          0
2026-06-20 09:35:52 [main] INFO  liquibase.util - Previously run:               9
2026-06-20 09:35:52 [main] INFO  liquibase.util - Filtered out:                 0
2026-06-20 09:35:52 [main] INFO  liquibase.util - -------------------------------
2026-06-20 09:35:52 [main] INFO  liquibase.util - Total change sets:            9
2026-06-20 09:35:52 [main] INFO  liquibase.util - Update summary generated
2026-06-20 09:35:52 [main] INFO  liquibase.lockservice - Successfully released change log lock
2026-06-20 09:35:52 [main] INFO  liquibase.command - Command execution complete
2026-06-20 09:35:52 [main] INFO  org.flowable.dmn.engine.impl.DmnEngineImpl - DmnEngine default created
2026-06-20 09:35:52 [main] INFO  o.flowable.app.spring.SpringAppEngineConfiguration - Executing configure() of class org.flowable.cmmn.spring.configurator.SpringCmmnEngineConfigurator (priority:500000)
2026-06-20 09:35:52 [main] INFO  liquibase.changelog - Reading from `2026mysql_ds`.ACT_CMMN_DATABASECHANGELOG
2026-06-20 09:35:52 [main] INFO  liquibase.changelog - Reading from `2026mysql_ds`.ACT_CMMN_DATABASECHANGELOG
2026-06-20 09:35:52 [main] INFO  liquibase.util - UPDATE SUMMARY
2026-06-20 09:35:52 [main] INFO  liquibase.util - Run:                          0
2026-06-20 09:35:52 [main] INFO  liquibase.util - Previously run:              16
2026-06-20 09:35:52 [main] INFO  liquibase.util - Filtered out:                 1
2026-06-20 09:35:52 [main] INFO  liquibase.util - -------------------------------
2026-06-20 09:35:52 [main] INFO  liquibase.util - Total change sets:           17
2026-06-20 09:35:52 [main] INFO  liquibase.util - FILTERED CHANGE SETS SUMMARY
2026-06-20 09:35:52 [main] INFO  liquibase.util - DBMS mismatch:                1
2026-06-20 09:35:52 [main] INFO  liquibase.util - Update summary generated
2026-06-20 09:35:52 [main] INFO  liquibase.lockservice - Successfully released change log lock
2026-06-20 09:35:52 [main] INFO  liquibase.command - Command execution complete
2026-06-20 09:35:52 [main] INFO  org.flowable.cmmn.engine.impl.CmmnEngineImpl - CmmnEngine default created
2026-06-20 09:35:53 [main] INFO  liquibase.changelog - Reading from `2026mysql_ds`.ACT_APP_DATABASECHANGELOG
2026-06-20 09:35:53 [main] INFO  liquibase.changelog - Reading from `2026mysql_ds`.ACT_APP_DATABASECHANGELOG
2026-06-20 09:35:53 [main] INFO  liquibase.util - UPDATE SUMMARY
2026-06-20 09:35:53 [main] INFO  liquibase.util - Run:                          0
2026-06-20 09:35:53 [main] INFO  liquibase.util - Previously run:               3
2026-06-20 09:35:53 [main] INFO  liquibase.util - Filtered out:                 0
2026-06-20 09:35:53 [main] INFO  liquibase.util - -------------------------------
2026-06-20 09:35:53 [main] INFO  liquibase.util - Total change sets:            3
2026-06-20 09:35:53 [main] INFO  liquibase.util - Update summary generated
2026-06-20 09:35:53 [main] INFO  liquibase.lockservice - Successfully released change log lock
2026-06-20 09:35:53 [main] INFO  liquibase.command - Command execution complete
2026-06-20 09:35:53 [main] INFO  org.flowable.app.engine.impl.AppEngineImpl - AppEngine default created
2026-06-20 09:35:53 [main] INFO  o.s.b.actuate.endpoint.web.EndpointLinksResolver - Exposing 1 endpoint(s) beneath base path '/actuator'
2026-06-20 09:35:53 [main] INFO  o.s.security.web.DefaultSecurityFilterChain - Will secure any request with [org.springframework.security.web.session.DisableEncodeUrlFilter@dd3d998, org.springframework.security.web.context.request.async.WebAsyncManagerIntegrationFilter@5c59bea7, org.springframework.security.web.context.SecurityContextHolderFilter@704532fa, org.springframework.security.web.header.HeaderWriterFilter@59244243, org.springframework.web.filter.CorsFilter@5c552f08, org.springframework.security.web.authentication.logout.LogoutFilter@6be8c40c, org.xiaoxu.auth.TokenAuthenticationFilter@3fb0d9de, org.springframework.security.web.savedrequest.RequestCacheAwareFilter@528e598, org.springframework.security.web.servletapi.SecurityContextHolderAwareRequestFilter@762b698, org.springframework.security.web.authentication.AnonymousAuthenticationFilter@70062861, org.springframework.security.web.session.SessionManagementFilter@2994a396, org.springframework.security.web.access.ExceptionTranslationFilter@4f75a245, org.springframework.security.web.access.intercept.AuthorizationFilter@1bc6f6a3]
2026-06-20 09:35:54 [main] INFO  com.xxl.job.core.executor.XxlJobExecutor - >>>>>>>>>>> xxl-job register jobhandler success, name:sendFulfillmentApprovalNotify, jobHandler:com.xxl.job.core.handler.impl.MethodJobHandler@2e96e185[class org.xiaoxu.workflow.job.ApprovalNotifyJobHandler#sendFulfillmentApprovalNotify]
2026-06-20 09:35:54 [main] INFO  com.xxl.job.core.executor.XxlJobExecutor - >>>>>>>>>>> xxl-job register jobhandler success, name:sendLeaveApprovalNotify, jobHandler:com.xxl.job.core.handler.impl.MethodJobHandler@6fe1a04e[class org.xiaoxu.workflow.job.ApprovalNotifyJobHandler#sendLeaveApprovalNotify]
2026-06-20 09:35:54 [main] INFO  o.f.j.s.impl.asyncexecutor.AbstractAsyncExecutor - Starting up the async job executor [org.flowable.spring.job.service.SpringAsyncExecutor] for engine cmmn
2026-06-20 09:35:54 [Thread-8] INFO  o.f.j.s.i.asyncexecutor.ResetExpiredJobsRunnable - starting to reset expired jobs for engine cmmn
2026-06-20 09:35:54 [main] INFO  o.f.j.s.impl.asyncexecutor.AbstractAsyncExecutor - Starting up the async job executor [org.flowable.spring.job.service.SpringAsyncExecutor] for engine bpmn
2026-06-20 09:35:54 [Thread-6] INFO  o.f.j.s.i.a.AcquireAsyncJobsDueRunnable - starting to acquire async jobs due for engine cmmn
2026-06-20 09:35:54 [Thread-7] INFO  o.f.j.s.i.asyncexecutor.AcquireTimerJobsRunnable - starting to acquire async jobs due for engine cmmn
2026-06-20 09:35:54 [Thread-10] INFO  o.f.j.s.i.asyncexecutor.AcquireTimerJobsRunnable - starting to acquire async jobs due for engine bpmn
2026-06-20 09:35:54 [main] INFO  o.f.s.configurator.DefaultAutoDeploymentStrategy - Deploying resources [file [E:\programs\java_arsenal\permission-system\target\classes\processes\fulfillment-approval.bpmn20.xml], file [E:\programs\java_arsenal\permission-system\target\classes\processes\leave-request.bpmn20.xml]] for engine org.flowable.engine.impl.ProcessEngineImpl@743b720 deployment name hint SpringBootAutoDeployment
2026-06-20 09:35:54 [Thread-9] INFO  o.f.j.s.i.a.AcquireAsyncJobsDueRunnable - starting to acquire async jobs due for engine bpmn
2026-06-20 09:35:54 [Thread-11] INFO  o.f.j.s.i.asyncexecutor.ResetExpiredJobsRunnable - starting to reset expired jobs for engine bpmn
2026-06-20 09:35:54 [main] INFO  org.apache.coyote.http11.Http11NioProtocol - Starting ProtocolHandler ["http-nio-13690"]
2026-06-20 09:35:54 [main] INFO  o.s.boot.web.embedded.tomcat.TomcatWebServer - Tomcat started on port 13690 (http) with context path ''
2026-06-20 09:35:54 [main] INFO  org.xiaoxu.PermissionApplication - Started PermissionApplication in 11.445 seconds (process running for 12.893)
2026-06-20 09:35:54 [Thread-5] INFO  com.xxl.job.core.server.EmbedServer - >>>>>>>>>>> xxl-job remoting server start success, nettype = class com.xxl.job.core.server.EmbedServer, port = 9998
2026-06-20 09:35:55 [RMI TCP Connection(3)-192.168.1.2] INFO  o.a.c.core.ContainerBase.[Tomcat].[localhost].[/] - Initializing Spring DispatcherServlet 'dispatcherServlet'
2026-06-20 09:35:55 [RMI TCP Connection(3)-192.168.1.2] INFO  org.springframework.web.servlet.DispatcherServlet - Initializing Servlet 'dispatcherServlet'
2026-06-20 09:35:55 [RMI TCP Connection(3)-192.168.1.2] INFO  org.springframework.web.servlet.DispatcherServlet - Completed initialization in 5 ms
2026-06-20 09:37:07 [http-nio-13690-exec-2] INFO  org.xiaoxu.service.EmailService - 邮件发送成功, to=tingqq7@gmail.com, subject=【BPMN系统】登录验证码
2026-06-20 09:37:07 [http-nio-13690-exec-2] INFO  org.xiaoxu.controller.AuthController - 验证码已发送, email=tingqq7@gmail.com, code=487828
2026-06-20 09:37:36 [HikariPool-1 housekeeper] WARN  com.zaxxer.hikari.pool.HikariPool - HikariPool-1 - Thread starvation or clock leap detected (housekeeper delta=46s263ms73µs900ns).
2026-06-20 09:39:34 [HikariPool-1 housekeeper] WARN  com.zaxxer.hikari.pool.HikariPool - HikariPool-1 - Thread starvation or clock leap detected (housekeeper delta=1m57s955ms728µs200ns).
2026-06-20 09:41:46 [Thread-5] INFO  com.xxl.job.core.server.EmbedServer - >>>>>>>>>>> xxl-job remoting server stop.
2026-06-20 09:41:46 [xxl-job, executor ExecutorRegistryThread] INFO  com.xxl.job.core.thread.ExecutorRegistryThread - >>>>>>>>>>> xxl-job registry-remove success, registryParam:RegistryParam{registryGroup='EXECUTOR', registryKey='permission-job-executor', registryValue='http://192.168.1.2:9998/'}, registryResult:ReturnT [code=200, msg=null, content=null]
2026-06-20 09:41:46 [xxl-job, executor ExecutorRegistryThread] INFO  com.xxl.job.core.thread.ExecutorRegistryThread - >>>>>>>>>>> xxl-job, executor registry thread destroy.
2026-06-20 09:41:46 [SpringApplicationShutdownHook] INFO  com.xxl.job.core.server.EmbedServer - >>>>>>>>>>> xxl-job remoting server destroy success.
2026-06-20 09:41:46 [xxl-job, executor JobLogFileCleanThread] INFO  com.xxl.job.core.thread.JobLogFileCleanThread - >>>>>>>>>>> xxl-job, executor JobLogFileCleanThread thread destroy.
2026-06-20 09:41:46 [xxl-job, executor TriggerCallbackThread] INFO  com.xxl.job.core.thread.TriggerCallbackThread - >>>>>>>>>>> xxl-job, executor callback thread destroy.
2026-06-20 09:41:46 [Thread-4] INFO  com.xxl.job.core.thread.TriggerCallbackThread - >>>>>>>>>>> xxl-job, executor retry callback thread destroy.
2026-06-20 09:41:46 [SpringApplicationShutdownHook] INFO  o.f.j.s.impl.asyncexecutor.AbstractAsyncExecutor - Shutting down the async job executor [org.flowable.spring.job.service.SpringAsyncExecutor] for engine cmmn
2026-06-20 09:41:46 [flowable-cmmn-acquire-timer-jobs] INFO  o.f.j.s.i.asyncexecutor.AcquireTimerJobsRunnable - stopped async job due acquisition for engine cmmn
2026-06-20 09:41:46 [flowable-cmmn-reset-expired-jobs] INFO  o.f.j.s.i.asyncexecutor.ResetExpiredJobsRunnable - stopped resetting expired jobs for engine cmmn
2026-06-20 09:41:46 [flowable-cmmn-acquire-async-jobs] INFO  o.f.j.s.i.a.AcquireAsyncJobsDueRunnable - stopped async job due acquisition for engine cmmn
2026-06-20 09:41:46 [SpringApplicationShutdownHook] INFO  o.f.j.s.impl.asyncexecutor.AbstractAsyncExecutor - Shutting down the async job executor [org.flowable.spring.job.service.SpringAsyncExecutor] for engine bpmn
2026-06-20 09:41:46 [flowable-bpmn-reset-expired-jobs] INFO  o.f.j.s.i.asyncexecutor.ResetExpiredJobsRunnable - stopped resetting expired jobs for engine bpmn
2026-06-20 09:41:46 [flowable-bpmn-acquire-timer-jobs] INFO  o.f.j.s.i.asyncexecutor.AcquireTimerJobsRunnable - stopped async job due acquisition for engine bpmn
2026-06-20 09:41:46 [flowable-bpmn-acquire-async-jobs] INFO  o.f.j.s.i.a.AcquireAsyncJobsDueRunnable - stopped async job due acquisition for engine bpmn
2026-06-20 09:41:46 [SpringApplicationShutdownHook] INFO  com.zaxxer.hikari.HikariDataSource - HikariPool-1 - Shutdown initiated...
2026-06-20 09:41:46 [SpringApplicationShutdownHook] INFO  com.zaxxer.hikari.HikariDataSource - HikariPool-1 - Shutdown completed.
2026-06-20 09:41:53 [background-preinit] INFO  org.hibernate.validator.internal.util.Version - HV000001: Hibernate Validator 8.0.1.Final
2026-06-20 09:41:53 [main] INFO  org.xiaoxu.PermissionApplication - Starting PermissionApplication using Java 17.0.12 with PID 29024 (E:\programs\java_arsenal\permission-system\target\classes started by tingq in E:\programs\java_arsenal)
2026-06-20 09:41:53 [main] INFO  org.xiaoxu.PermissionApplication - The following 1 profile is active: "local"
2026-06-20 09:41:54 [main] INFO  o.s.d.r.config.RepositoryConfigurationDelegate - Multiple Spring Data modules found, entering strict repository configuration mode
2026-06-20 09:41:54 [main] INFO  o.s.d.r.config.RepositoryConfigurationDelegate - Bootstrapping Spring Data Redis repositories in DEFAULT mode.
2026-06-20 09:41:54 [main] INFO  o.s.d.r.config.RepositoryConfigurationDelegate - Finished Spring Data repository scanning in 36 ms. Found 0 Redis repository interfaces.
2026-06-20 09:41:55 [main] WARN  o.s.c.s.PostProcessorRegistrationDelegate$BeanPostProcessorChecker - Bean 'com.alicp.jetcache.anno.config.JetCacheProxyConfiguration' of type [com.alicp.jetcache.anno.config.JetCacheProxyConfiguration$$SpringCGLIB$$0] is not eligible for getting processed by all BeanPostProcessors (for example: not eligible for auto-proxying). Is this bean getting eagerly injected into a currently created BeanPostProcessor [meterRegistryPostProcessor]? Check the corresponding BeanPostProcessor declaration and its dependencies.
2026-06-20 09:41:55 [main] WARN  o.s.c.s.PostProcessorRegistrationDelegate$BeanPostProcessorChecker - Bean 'com.alicp.jetcache.anno.config.CommonConfiguration' of type [com.alicp.jetcache.anno.config.CommonConfiguration$$SpringCGLIB$$0] is not eligible for getting processed by all BeanPostProcessors (for example: not eligible for auto-proxying). Is this bean getting eagerly injected into a currently created BeanPostProcessor [meterRegistryPostProcessor]? Check the corresponding BeanPostProcessor declaration and its dependencies.
2026-06-20 09:41:55 [main] INFO  o.s.boot.web.embedded.tomcat.TomcatWebServer - Tomcat initialized with port 13690 (http)
2026-06-20 09:41:55 [main] INFO  org.apache.coyote.http11.Http11NioProtocol - Initializing ProtocolHandler ["http-nio-13690"]
2026-06-20 09:41:55 [main] INFO  org.apache.catalina.core.StandardService - Starting service [Tomcat]
2026-06-20 09:41:55 [main] INFO  org.apache.catalina.core.StandardEngine - Starting Servlet engine: [Apache Tomcat/10.1.18]
2026-06-20 09:41:56 [main] INFO  o.a.c.core.ContainerBase.[Tomcat].[localhost].[/] - Initializing Spring embedded WebApplicationContext
2026-06-20 09:41:56 [main] INFO  o.s.b.w.s.c.ServletWebServerApplicationContext - Root WebApplicationContext: initialization completed in 2554 ms
2026-06-20 09:41:56 [main] INFO  org.redisson.Version - Redisson 3.24.3
2026-06-20 09:41:56 [redisson-netty-2-4] INFO  o.r.connection.pool.MasterPubSubConnectionPool - 1 connections initialized for 192.168.200.128/192.168.200.128:6379
2026-06-20 09:41:56 [redisson-netty-2-19] INFO  org.redisson.connection.pool.MasterConnectionPool - 24 connections initialized for 192.168.200.128/192.168.200.128:6379
2026-06-20 09:41:57 [main] WARN  o.s.b.w.s.c.AnnotationConfigServletWebServerApplicationContext - Exception encountered during context initialization - cancelling refresh attempt: org.springframework.beans.factory.UnsatisfiedDependencyException: Error creating bean with name 'emailAuthenticationProvider' defined in file [E:\programs\java_arsenal\permission-system\target\classes\org\xiaoxu\auth\emailauth\EmailAuthenticationProvider.class]: Unsatisfied dependency expressed through constructor parameter 0: Error creating bean with name 'sysUserService': Unsatisfied dependency expressed through field 'passwordEncoder': Error creating bean with name 'securityConfig': Unsatisfied dependency expressed through field 'emailAuthenticationProvider': Error creating bean with name 'emailAuthenticationProvider': Requested bean is currently in creation: Is there an unresolvable circular reference?
2026-06-20 09:41:57 [main] INFO  org.apache.catalina.core.StandardService - Stopping service [Tomcat]
2026-06-20 09:41:57 [main] WARN  org.apache.catalina.loader.WebappClassLoaderBase - The web application [ROOT] appears to have started a thread named [Thread-1] but has failed to stop it. This is very likely to create a memory leak. Stack trace of thread:
 java.base@17.0.12/sun.net.dns.ResolverConfigurationImpl.notifyAddrChange0(Native Method)
 java.base@17.0.12/sun.net.dns.ResolverConfigurationImpl$AddressChangeListener.run(ResolverConfigurationImpl.java:176)
2026-06-20 09:41:57 [main] INFO  o.s.b.a.logging.ConditionEvaluationReportLogger - 

Error starting ApplicationContext. To display the condition evaluation report re-run your application with 'debug' enabled.
2026-06-20 09:41:57 [main] ERROR o.s.b.diagnostics.LoggingFailureAnalysisReporter - 

***************************
APPLICATION FAILED TO START
***************************

Description:

The dependencies of some of the beans in the application context form a cycle:

┌─────┐
|  emailAuthenticationProvider defined in file [E:\programs\java_arsenal\permission-system\target\classes\org\xiaoxu\auth\emailauth\EmailAuthenticationProvider.class]
↑     ↓
|  sysUserService (field private org.springframework.security.crypto.password.PasswordEncoder org.xiaoxu.service.SysUserService.passwordEncoder)
↑     ↓
|  securityConfig (field private org.xiaoxu.auth.emailauth.EmailAuthenticationProvider org.xiaoxu.config.SecurityConfig.emailAuthenticationProvider)
└─────┘


Action:

Relying upon circular references is discouraged and they are prohibited by default. Update your application to remove the dependency cycle between beans. As a last resort, it may be possible to break the cycle automatically by setting spring.main.allow-circular-references to true.

2026-06-20 09:42:23 [background-preinit] INFO  org.hibernate.validator.internal.util.Version - HV000001: Hibernate Validator 8.0.1.Final
2026-06-20 09:42:23 [main] INFO  org.xiaoxu.PermissionApplication - Starting PermissionApplication using Java 17.0.12 with PID 60188 (E:\programs\java_arsenal\permission-system\target\classes started by tingq in E:\programs\java_arsenal)
2026-06-20 09:42:23 [main] INFO  org.xiaoxu.PermissionApplication - The following 1 profile is active: "local"
2026-06-20 09:42:25 [main] INFO  o.s.d.r.config.RepositoryConfigurationDelegate - Multiple Spring Data modules found, entering strict repository configuration mode
2026-06-20 09:42:25 [main] INFO  o.s.d.r.config.RepositoryConfigurationDelegate - Bootstrapping Spring Data Redis repositories in DEFAULT mode.
2026-06-20 09:42:25 [main] INFO  o.s.d.r.config.RepositoryConfigurationDelegate - Finished Spring Data repository scanning in 38 ms. Found 0 Redis repository interfaces.
2026-06-20 09:42:25 [main] WARN  o.s.c.s.PostProcessorRegistrationDelegate$BeanPostProcessorChecker - Bean 'com.alicp.jetcache.anno.config.JetCacheProxyConfiguration' of type [com.alicp.jetcache.anno.config.JetCacheProxyConfiguration$$SpringCGLIB$$0] is not eligible for getting processed by all BeanPostProcessors (for example: not eligible for auto-proxying). Is this bean getting eagerly injected into a currently created BeanPostProcessor [meterRegistryPostProcessor]? Check the corresponding BeanPostProcessor declaration and its dependencies.
2026-06-20 09:42:25 [main] WARN  o.s.c.s.PostProcessorRegistrationDelegate$BeanPostProcessorChecker - Bean 'com.alicp.jetcache.anno.config.CommonConfiguration' of type [com.alicp.jetcache.anno.config.CommonConfiguration$$SpringCGLIB$$0] is not eligible for getting processed by all BeanPostProcessors (for example: not eligible for auto-proxying). Is this bean getting eagerly injected into a currently created BeanPostProcessor [meterRegistryPostProcessor]? Check the corresponding BeanPostProcessor declaration and its dependencies.
2026-06-20 09:42:26 [main] INFO  o.s.boot.web.embedded.tomcat.TomcatWebServer - Tomcat initialized with port 13690 (http)
2026-06-20 09:42:26 [main] INFO  org.apache.coyote.http11.Http11NioProtocol - Initializing ProtocolHandler ["http-nio-13690"]
2026-06-20 09:42:26 [main] INFO  org.apache.catalina.core.StandardService - Starting service [Tomcat]
2026-06-20 09:42:26 [main] INFO  org.apache.catalina.core.StandardEngine - Starting Servlet engine: [Apache Tomcat/10.1.18]
2026-06-20 09:42:26 [main] INFO  o.a.c.core.ContainerBase.[Tomcat].[localhost].[/] - Initializing Spring embedded WebApplicationContext
2026-06-20 09:42:26 [main] INFO  o.s.b.w.s.c.ServletWebServerApplicationContext - Root WebApplicationContext: initialization completed in 2663 ms
2026-06-20 09:42:26 [main] INFO  org.redisson.Version - Redisson 3.24.3
2026-06-20 09:42:27 [redisson-netty-2-5] INFO  o.r.connection.pool.MasterPubSubConnectionPool - 1 connections initialized for 192.168.200.128/192.168.200.128:6379
2026-06-20 09:42:27 [redisson-netty-2-19] INFO  org.redisson.connection.pool.MasterConnectionPool - 24 connections initialized for 192.168.200.128/192.168.200.128:6379
2026-06-20 09:42:28 [main] INFO  org.xiaoxu.service.OssService - OSS 客户端初始化完成, bucket=oss-inshanghai
2026-06-20 09:42:28 [main] INFO  o.xiaoxu.workflow.approval.ApprovalHandlerRegistry - 审批回调注册完成，已注册业务: [fulfillment-approval, leave-request]
2026-06-20 09:42:29 [main] INFO  o.f.spring.boot.cmmn.CmmnEngineAutoConfiguration - No deployment resources were found for autodeployment
2026-06-20 09:42:29 [main] INFO  o.f.spring.boot.dmn.DmnEngineAutoConfiguration - No deployment resources were found for autodeployment
2026-06-20 09:42:29 [main] INFO  o.f.s.b.e.EventRegistryAutoConfiguration - No deployment resources were found for autodeployment
2026-06-20 09:42:29 [main] INFO  o.f.spring.boot.app.AppEngineAutoConfiguration - No deployment resources were found for autodeployment
2026-06-20 09:42:29 [main] INFO  o.flowable.app.spring.SpringAppEngineConfiguration - Found 5 Engine Configurators in total:
2026-06-20 09:42:29 [main] INFO  o.flowable.app.spring.SpringAppEngineConfiguration - class org.flowable.engine.spring.configurator.SpringProcessEngineConfigurator (priority:50000)
2026-06-20 09:42:29 [main] INFO  o.flowable.app.spring.SpringAppEngineConfiguration - class org.flowable.eventregistry.spring.configurator.SpringEventRegistryConfigurator (priority:100000)
2026-06-20 09:42:29 [main] INFO  o.flowable.app.spring.SpringAppEngineConfiguration - class org.flowable.idm.spring.configurator.SpringIdmEngineConfigurator (priority:150000)
2026-06-20 09:42:29 [main] INFO  o.flowable.app.spring.SpringAppEngineConfiguration - class org.flowable.dmn.spring.configurator.SpringDmnEngineConfigurator (priority:200000)
2026-06-20 09:42:29 [main] INFO  o.flowable.app.spring.SpringAppEngineConfiguration - class org.flowable.cmmn.spring.configurator.SpringCmmnEngineConfigurator (priority:500000)
2026-06-20 09:42:29 [main] INFO  o.flowable.app.spring.SpringAppEngineConfiguration - Executing beforeInit() of class org.flowable.engine.spring.configurator.SpringProcessEngineConfigurator (priority:50000)
2026-06-20 09:42:29 [main] INFO  o.flowable.app.spring.SpringAppEngineConfiguration - Executing beforeInit() of class org.flowable.eventregistry.spring.configurator.SpringEventRegistryConfigurator (priority:100000)
2026-06-20 09:42:29 [main] INFO  o.flowable.app.spring.SpringAppEngineConfiguration - Executing beforeInit() of class org.flowable.idm.spring.configurator.SpringIdmEngineConfigurator (priority:150000)
2026-06-20 09:42:29 [main] INFO  o.flowable.app.spring.SpringAppEngineConfiguration - Executing beforeInit() of class org.flowable.dmn.spring.configurator.SpringDmnEngineConfigurator (priority:200000)
2026-06-20 09:42:29 [main] INFO  o.flowable.app.spring.SpringAppEngineConfiguration - Executing beforeInit() of class org.flowable.cmmn.spring.configurator.SpringCmmnEngineConfigurator (priority:500000)
2026-06-20 09:42:29 [main] INFO  com.zaxxer.hikari.HikariDataSource - HikariPool-1 - Starting...
2026-06-20 09:42:29 [main] INFO  com.zaxxer.hikari.pool.HikariPool - HikariPool-1 - Added connection com.mysql.cj.jdbc.ConnectionImpl@6ac9742e
2026-06-20 09:42:29 [main] INFO  com.zaxxer.hikari.HikariDataSource - HikariPool-1 - Start completed.
2026-06-20 09:42:30 [main] INFO  o.flowable.app.spring.SpringAppEngineConfiguration - Executing configure() of class org.flowable.engine.spring.configurator.SpringProcessEngineConfigurator (priority:50000)
2026-06-20 09:42:31 [main] INFO  org.flowable.engine.impl.ProcessEngineImpl - ProcessEngine default created
2026-06-20 09:42:31 [main] INFO  o.flowable.engine.impl.cmd.ValidateV5EntitiesCmd - Total of v5 deployments found: 0
2026-06-20 09:42:31 [main] INFO  o.flowable.app.spring.SpringAppEngineConfiguration - Executing configure() of class org.flowable.eventregistry.spring.configurator.SpringEventRegistryConfigurator (priority:100000)
2026-06-20 09:42:32 [main] INFO  liquibase.changelog - Reading from `2026mysql_ds`.FLW_EV_DATABASECHANGELOG
2026-06-20 09:42:32 [main] INFO  liquibase.changelog - Reading from `2026mysql_ds`.FLW_EV_DATABASECHANGELOG
2026-06-20 09:42:32 [main] INFO  liquibase.util - UPDATE SUMMARY
2026-06-20 09:42:32 [main] INFO  liquibase.util - Run:                          0
2026-06-20 09:42:32 [main] INFO  liquibase.util - Previously run:               3
2026-06-20 09:42:32 [main] INFO  liquibase.util - Filtered out:                 0
2026-06-20 09:42:32 [main] INFO  liquibase.util - -------------------------------
2026-06-20 09:42:32 [main] INFO  liquibase.util - Total change sets:            3
2026-06-20 09:42:32 [main] INFO  liquibase.util - Update summary generated
2026-06-20 09:42:32 [main] INFO  liquibase.lockservice - Successfully released change log lock
2026-06-20 09:42:32 [main] INFO  liquibase.command - Command execution complete
2026-06-20 09:42:32 [main] INFO  o.f.eventregistry.impl.EventRegistryEngineImpl - EventRegistryEngine default created
2026-06-20 09:42:32 [main] INFO  o.flowable.app.spring.SpringAppEngineConfiguration - Executing configure() of class org.flowable.idm.spring.configurator.SpringIdmEngineConfigurator (priority:150000)
2026-06-20 09:42:32 [main] INFO  org.flowable.idm.engine.impl.IdmEngineImpl - IdmEngine default created
2026-06-20 09:42:32 [main] INFO  o.flowable.app.spring.SpringAppEngineConfiguration - Executing configure() of class org.flowable.dmn.spring.configurator.SpringDmnEngineConfigurator (priority:200000)
2026-06-20 09:42:32 [main] INFO  liquibase.changelog - Reading from `2026mysql_ds`.ACT_DMN_DATABASECHANGELOG
2026-06-20 09:42:32 [main] INFO  liquibase.changelog - Reading from `2026mysql_ds`.ACT_DMN_DATABASECHANGELOG
2026-06-20 09:42:32 [main] INFO  liquibase.util - UPDATE SUMMARY
2026-06-20 09:42:32 [main] INFO  liquibase.util - Run:                          0
2026-06-20 09:42:32 [main] INFO  liquibase.util - Previously run:               9
2026-06-20 09:42:32 [main] INFO  liquibase.util - Filtered out:                 0
2026-06-20 09:42:32 [main] INFO  liquibase.util - -------------------------------
2026-06-20 09:42:32 [main] INFO  liquibase.util - Total change sets:            9
2026-06-20 09:42:32 [main] INFO  liquibase.util - Update summary generated
2026-06-20 09:42:32 [main] INFO  liquibase.lockservice - Successfully released change log lock
2026-06-20 09:42:32 [main] INFO  liquibase.command - Command execution complete
2026-06-20 09:42:32 [main] INFO  org.flowable.dmn.engine.impl.DmnEngineImpl - DmnEngine default created
2026-06-20 09:42:32 [main] INFO  o.flowable.app.spring.SpringAppEngineConfiguration - Executing configure() of class org.flowable.cmmn.spring.configurator.SpringCmmnEngineConfigurator (priority:500000)
2026-06-20 09:42:33 [main] INFO  liquibase.changelog - Reading from `2026mysql_ds`.ACT_CMMN_DATABASECHANGELOG
2026-06-20 09:42:33 [main] INFO  liquibase.changelog - Reading from `2026mysql_ds`.ACT_CMMN_DATABASECHANGELOG
2026-06-20 09:42:33 [main] INFO  liquibase.util - UPDATE SUMMARY
2026-06-20 09:42:33 [main] INFO  liquibase.util - Run:                          0
2026-06-20 09:42:33 [main] INFO  liquibase.util - Previously run:              16
2026-06-20 09:42:33 [main] INFO  liquibase.util - Filtered out:                 1
2026-06-20 09:42:33 [main] INFO  liquibase.util - -------------------------------
2026-06-20 09:42:33 [main] INFO  liquibase.util - Total change sets:           17
2026-06-20 09:42:33 [main] INFO  liquibase.util - FILTERED CHANGE SETS SUMMARY
2026-06-20 09:42:33 [main] INFO  liquibase.util - DBMS mismatch:                1
2026-06-20 09:42:33 [main] INFO  liquibase.util - Update summary generated
2026-06-20 09:42:33 [main] INFO  liquibase.lockservice - Successfully released change log lock
2026-06-20 09:42:33 [main] INFO  liquibase.command - Command execution complete
2026-06-20 09:42:33 [main] INFO  org.flowable.cmmn.engine.impl.CmmnEngineImpl - CmmnEngine default created
2026-06-20 09:42:33 [main] INFO  liquibase.changelog - Reading from `2026mysql_ds`.ACT_APP_DATABASECHANGELOG
2026-06-20 09:42:33 [main] INFO  liquibase.changelog - Reading from `2026mysql_ds`.ACT_APP_DATABASECHANGELOG
2026-06-20 09:42:33 [main] INFO  liquibase.util - UPDATE SUMMARY
2026-06-20 09:42:33 [main] INFO  liquibase.util - Run:                          0
2026-06-20 09:42:33 [main] INFO  liquibase.util - Previously run:               3
2026-06-20 09:42:33 [main] INFO  liquibase.util - Filtered out:                 0
2026-06-20 09:42:33 [main] INFO  liquibase.util - -------------------------------
2026-06-20 09:42:33 [main] INFO  liquibase.util - Total change sets:            3
2026-06-20 09:42:33 [main] INFO  liquibase.util - Update summary generated
2026-06-20 09:42:33 [main] INFO  liquibase.lockservice - Successfully released change log lock
2026-06-20 09:42:33 [main] INFO  liquibase.command - Command execution complete
2026-06-20 09:42:33 [main] INFO  org.flowable.app.engine.impl.AppEngineImpl - AppEngine default created
2026-06-20 09:42:33 [main] INFO  o.s.b.actuate.endpoint.web.EndpointLinksResolver - Exposing 1 endpoint(s) beneath base path '/actuator'
2026-06-20 09:42:33 [main] INFO  o.s.security.web.DefaultSecurityFilterChain - Will secure any request with [org.springframework.security.web.session.DisableEncodeUrlFilter@26b7a8a1, org.springframework.security.web.context.request.async.WebAsyncManagerIntegrationFilter@6287e13, org.springframework.security.web.context.SecurityContextHolderFilter@79c8ce72, org.springframework.security.web.header.HeaderWriterFilter@7fe0e1c2, org.springframework.web.filter.CorsFilter@6166aac5, org.springframework.security.web.authentication.logout.LogoutFilter@38933536, org.xiaoxu.auth.TokenAuthenticationFilter@6173863f, org.springframework.security.web.savedrequest.RequestCacheAwareFilter@2302c39a, org.springframework.security.web.servletapi.SecurityContextHolderAwareRequestFilter@4de05569, org.springframework.security.web.authentication.AnonymousAuthenticationFilter@3196000e, org.springframework.security.web.session.SessionManagementFilter@4797681c, org.springframework.security.web.access.ExceptionTranslationFilter@2f6268d9, org.springframework.security.web.access.intercept.AuthorizationFilter@37701f3f]
2026-06-20 09:42:34 [main] INFO  com.xxl.job.core.executor.XxlJobExecutor - >>>>>>>>>>> xxl-job register jobhandler success, name:sendLeaveApprovalNotify, jobHandler:com.xxl.job.core.handler.impl.MethodJobHandler@58fe614e[class org.xiaoxu.workflow.job.ApprovalNotifyJobHandler#sendLeaveApprovalNotify]
2026-06-20 09:42:34 [main] INFO  com.xxl.job.core.executor.XxlJobExecutor - >>>>>>>>>>> xxl-job register jobhandler success, name:sendFulfillmentApprovalNotify, jobHandler:com.xxl.job.core.handler.impl.MethodJobHandler@41c7f9f9[class org.xiaoxu.workflow.job.ApprovalNotifyJobHandler#sendFulfillmentApprovalNotify]
2026-06-20 09:42:34 [main] INFO  o.f.j.s.impl.asyncexecutor.AbstractAsyncExecutor - Starting up the async job executor [org.flowable.spring.job.service.SpringAsyncExecutor] for engine cmmn
2026-06-20 09:42:34 [Thread-8] INFO  o.f.j.s.i.asyncexecutor.ResetExpiredJobsRunnable - starting to reset expired jobs for engine cmmn
2026-06-20 09:42:34 [main] INFO  o.f.j.s.impl.asyncexecutor.AbstractAsyncExecutor - Starting up the async job executor [org.flowable.spring.job.service.SpringAsyncExecutor] for engine bpmn
2026-06-20 09:42:34 [Thread-6] INFO  o.f.j.s.i.a.AcquireAsyncJobsDueRunnable - starting to acquire async jobs due for engine cmmn
2026-06-20 09:42:34 [Thread-7] INFO  o.f.j.s.i.asyncexecutor.AcquireTimerJobsRunnable - starting to acquire async jobs due for engine cmmn
2026-06-20 09:42:34 [Thread-9] INFO  o.f.j.s.i.a.AcquireAsyncJobsDueRunnable - starting to acquire async jobs due for engine bpmn
2026-06-20 09:42:34 [main] INFO  o.f.s.configurator.DefaultAutoDeploymentStrategy - Deploying resources [file [E:\programs\java_arsenal\permission-system\target\classes\processes\fulfillment-approval.bpmn20.xml], file [E:\programs\java_arsenal\permission-system\target\classes\processes\leave-request.bpmn20.xml]] for engine org.flowable.engine.impl.ProcessEngineImpl@1de7b5e deployment name hint SpringBootAutoDeployment
2026-06-20 09:42:34 [Thread-11] INFO  o.f.j.s.i.asyncexecutor.ResetExpiredJobsRunnable - starting to reset expired jobs for engine bpmn
2026-06-20 09:42:34 [Thread-10] INFO  o.f.j.s.i.asyncexecutor.AcquireTimerJobsRunnable - starting to acquire async jobs due for engine bpmn
2026-06-20 09:42:34 [main] INFO  org.apache.coyote.http11.Http11NioProtocol - Starting ProtocolHandler ["http-nio-13690"]
2026-06-20 09:42:34 [main] INFO  o.s.boot.web.embedded.tomcat.TomcatWebServer - Tomcat started on port 13690 (http) with context path ''
2026-06-20 09:42:34 [main] INFO  org.xiaoxu.PermissionApplication - Started PermissionApplication in 11.758 seconds (process running for 13.061)
2026-06-20 09:42:34 [Thread-5] INFO  com.xxl.job.core.server.EmbedServer - >>>>>>>>>>> xxl-job remoting server start success, nettype = class com.xxl.job.core.server.EmbedServer, port = 9998
2026-06-20 09:42:34 [RMI TCP Connection(4)-192.168.1.2] INFO  o.a.c.core.ContainerBase.[Tomcat].[localhost].[/] - Initializing Spring DispatcherServlet 'dispatcherServlet'
2026-06-20 09:42:34 [RMI TCP Connection(4)-192.168.1.2] INFO  org.springframework.web.servlet.DispatcherServlet - Initializing Servlet 'dispatcherServlet'
2026-06-20 09:42:34 [RMI TCP Connection(4)-192.168.1.2] INFO  org.springframework.web.servlet.DispatcherServlet - Completed initialization in 0 ms
2026-06-20 09:43:26 [http-nio-13690-exec-3] INFO  org.xiaoxu.service.EmailService - 邮件发送成功, to=2726986361@qq.com, subject=【BPMN系统】登录验证码
2026-06-20 09:43:26 [http-nio-13690-exec-3] INFO  org.xiaoxu.controller.AuthController - 验证码已发送, email=2726986361@qq.com, code=733211
2026-06-20 09:44:30 [http-nio-13690-exec-6] INFO  org.xiaoxu.service.EmailService - 邮件发送成功, to=2726986361@qq.com, subject=【BPMN系统】登录验证码
2026-06-20 09:44:30 [http-nio-13690-exec-6] INFO  org.xiaoxu.controller.AuthController - 验证码已发送, email=2726986361@qq.com, code=502222
2026-06-20 09:45:31 [Thread-5] INFO  com.xxl.job.core.server.EmbedServer - >>>>>>>>>>> xxl-job remoting server stop.
2026-06-20 09:45:31 [xxl-job, executor ExecutorRegistryThread] INFO  com.xxl.job.core.thread.ExecutorRegistryThread - >>>>>>>>>>> xxl-job registry-remove success, registryParam:RegistryParam{registryGroup='EXECUTOR', registryKey='permission-job-executor', registryValue='http://192.168.1.2:9998/'}, registryResult:ReturnT [code=200, msg=null, content=null]
2026-06-20 09:45:31 [xxl-job, executor ExecutorRegistryThread] INFO  com.xxl.job.core.thread.ExecutorRegistryThread - >>>>>>>>>>> xxl-job, executor registry thread destroy.
2026-06-20 09:45:31 [SpringApplicationShutdownHook] INFO  com.xxl.job.core.server.EmbedServer - >>>>>>>>>>> xxl-job remoting server destroy success.
2026-06-20 09:45:31 [xxl-job, executor JobLogFileCleanThread] INFO  com.xxl.job.core.thread.JobLogFileCleanThread - >>>>>>>>>>> xxl-job, executor JobLogFileCleanThread thread destroy.
2026-06-20 09:45:31 [xxl-job, executor TriggerCallbackThread] INFO  com.xxl.job.core.thread.TriggerCallbackThread - >>>>>>>>>>> xxl-job, executor callback thread destroy.
2026-06-20 09:45:31 [Thread-4] INFO  com.xxl.job.core.thread.TriggerCallbackThread - >>>>>>>>>>> xxl-job, executor retry callback thread destroy.
2026-06-20 09:45:31 [SpringApplicationShutdownHook] INFO  o.f.j.s.impl.asyncexecutor.AbstractAsyncExecutor - Shutting down the async job executor [org.flowable.spring.job.service.SpringAsyncExecutor] for engine cmmn
2026-06-20 09:45:31 [flowable-cmmn-acquire-async-jobs] INFO  o.f.j.s.i.a.AcquireAsyncJobsDueRunnable - stopped async job due acquisition for engine cmmn
2026-06-20 09:45:31 [flowable-cmmn-reset-expired-jobs] INFO  o.f.j.s.i.asyncexecutor.ResetExpiredJobsRunnable - stopped resetting expired jobs for engine cmmn
2026-06-20 09:45:31 [flowable-cmmn-acquire-timer-jobs] INFO  o.f.j.s.i.asyncexecutor.AcquireTimerJobsRunnable - stopped async job due acquisition for engine cmmn
2026-06-20 09:45:31 [SpringApplicationShutdownHook] INFO  o.f.j.s.impl.asyncexecutor.AbstractAsyncExecutor - Shutting down the async job executor [org.flowable.spring.job.service.SpringAsyncExecutor] for engine bpmn
2026-06-20 09:45:31 [flowable-bpmn-acquire-async-jobs] INFO  o.f.j.s.i.a.AcquireAsyncJobsDueRunnable - stopped async job due acquisition for engine bpmn
2026-06-20 09:45:31 [flowable-bpmn-acquire-timer-jobs] INFO  o.f.j.s.i.asyncexecutor.AcquireTimerJobsRunnable - stopped async job due acquisition for engine bpmn
2026-06-20 09:45:31 [flowable-bpmn-reset-expired-jobs] INFO  o.f.j.s.i.asyncexecutor.ResetExpiredJobsRunnable - stopped resetting expired jobs for engine bpmn
2026-06-20 09:45:31 [SpringApplicationShutdownHook] INFO  com.zaxxer.hikari.HikariDataSource - HikariPool-1 - Shutdown initiated...
2026-06-20 09:45:31 [SpringApplicationShutdownHook] INFO  com.zaxxer.hikari.HikariDataSource - HikariPool-1 - Shutdown completed.
2026-06-20 09:45:39 [background-preinit] INFO  org.hibernate.validator.internal.util.Version - HV000001: Hibernate Validator 8.0.1.Final
2026-06-20 09:45:39 [main] INFO  org.xiaoxu.PermissionApplication - Starting PermissionApplication using Java 17.0.12 with PID 57792 (E:\programs\java_arsenal\permission-system\target\classes started by tingq in E:\programs\java_arsenal)
2026-06-20 09:45:39 [main] INFO  org.xiaoxu.PermissionApplication - The following 1 profile is active: "local"
2026-06-20 09:45:41 [main] INFO  o.s.d.r.config.RepositoryConfigurationDelegate - Multiple Spring Data modules found, entering strict repository configuration mode
2026-06-20 09:45:41 [main] INFO  o.s.d.r.config.RepositoryConfigurationDelegate - Bootstrapping Spring Data Redis repositories in DEFAULT mode.
2026-06-20 09:45:41 [main] INFO  o.s.d.r.config.RepositoryConfigurationDelegate - Finished Spring Data repository scanning in 45 ms. Found 0 Redis repository interfaces.
2026-06-20 09:45:41 [main] WARN  o.s.c.s.PostProcessorRegistrationDelegate$BeanPostProcessorChecker - Bean 'com.alicp.jetcache.anno.config.JetCacheProxyConfiguration' of type [com.alicp.jetcache.anno.config.JetCacheProxyConfiguration$$SpringCGLIB$$0] is not eligible for getting processed by all BeanPostProcessors (for example: not eligible for auto-proxying). Is this bean getting eagerly injected into a currently created BeanPostProcessor [meterRegistryPostProcessor]? Check the corresponding BeanPostProcessor declaration and its dependencies.
2026-06-20 09:45:41 [main] WARN  o.s.c.s.PostProcessorRegistrationDelegate$BeanPostProcessorChecker - Bean 'com.alicp.jetcache.anno.config.CommonConfiguration' of type [com.alicp.jetcache.anno.config.CommonConfiguration$$SpringCGLIB$$0] is not eligible for getting processed by all BeanPostProcessors (for example: not eligible for auto-proxying). Is this bean getting eagerly injected into a currently created BeanPostProcessor [meterRegistryPostProcessor]? Check the corresponding BeanPostProcessor declaration and its dependencies.
2026-06-20 09:45:42 [main] INFO  o.s.boot.web.embedded.tomcat.TomcatWebServer - Tomcat initialized with port 13690 (http)
2026-06-20 09:45:42 [main] INFO  org.apache.coyote.http11.Http11NioProtocol - Initializing ProtocolHandler ["http-nio-13690"]
2026-06-20 09:45:42 [main] INFO  org.apache.catalina.core.StandardService - Starting service [Tomcat]
2026-06-20 09:45:42 [main] INFO  org.apache.catalina.core.StandardEngine - Starting Servlet engine: [Apache Tomcat/10.1.18]
2026-06-20 09:45:42 [main] INFO  o.a.c.core.ContainerBase.[Tomcat].[localhost].[/] - Initializing Spring embedded WebApplicationContext
2026-06-20 09:45:42 [main] INFO  o.s.b.w.s.c.ServletWebServerApplicationContext - Root WebApplicationContext: initialization completed in 3032 ms
2026-06-20 09:45:43 [main] INFO  org.redisson.Version - Redisson 3.24.3
2026-06-20 09:45:44 [redisson-netty-2-5] INFO  o.r.connection.pool.MasterPubSubConnectionPool - 1 connections initialized for 192.168.200.128/192.168.200.128:6379
2026-06-20 09:45:44 [redisson-netty-2-19] INFO  org.redisson.connection.pool.MasterConnectionPool - 24 connections initialized for 192.168.200.128/192.168.200.128:6379
2026-06-20 09:45:45 [main] INFO  org.xiaoxu.service.OssService - OSS 客户端初始化完成, bucket=oss-inshanghai
2026-06-20 09:45:45 [main] INFO  o.xiaoxu.workflow.approval.ApprovalHandlerRegistry - 审批回调注册完成，已注册业务: [fulfillment-approval, leave-request]
2026-06-20 09:45:46 [main] INFO  o.f.spring.boot.cmmn.CmmnEngineAutoConfiguration - No deployment resources were found for autodeployment
2026-06-20 09:45:46 [main] INFO  o.f.spring.boot.dmn.DmnEngineAutoConfiguration - No deployment resources were found for autodeployment
2026-06-20 09:45:46 [main] INFO  o.f.s.b.e.EventRegistryAutoConfiguration - No deployment resources were found for autodeployment
2026-06-20 09:45:46 [main] INFO  o.f.spring.boot.app.AppEngineAutoConfiguration - No deployment resources were found for autodeployment
2026-06-20 09:45:46 [main] INFO  o.flowable.app.spring.SpringAppEngineConfiguration - Found 5 Engine Configurators in total:
2026-06-20 09:45:46 [main] INFO  o.flowable.app.spring.SpringAppEngineConfiguration - class org.flowable.engine.spring.configurator.SpringProcessEngineConfigurator (priority:50000)
2026-06-20 09:45:46 [main] INFO  o.flowable.app.spring.SpringAppEngineConfiguration - class org.flowable.eventregistry.spring.configurator.SpringEventRegistryConfigurator (priority:100000)
2026-06-20 09:45:46 [main] INFO  o.flowable.app.spring.SpringAppEngineConfiguration - class org.flowable.idm.spring.configurator.SpringIdmEngineConfigurator (priority:150000)
2026-06-20 09:45:46 [main] INFO  o.flowable.app.spring.SpringAppEngineConfiguration - class org.flowable.dmn.spring.configurator.SpringDmnEngineConfigurator (priority:200000)
2026-06-20 09:45:46 [main] INFO  o.flowable.app.spring.SpringAppEngineConfiguration - class org.flowable.cmmn.spring.configurator.SpringCmmnEngineConfigurator (priority:500000)
2026-06-20 09:45:46 [main] INFO  o.flowable.app.spring.SpringAppEngineConfiguration - Executing beforeInit() of class org.flowable.engine.spring.configurator.SpringProcessEngineConfigurator (priority:50000)
2026-06-20 09:45:46 [main] INFO  o.flowable.app.spring.SpringAppEngineConfiguration - Executing beforeInit() of class org.flowable.eventregistry.spring.configurator.SpringEventRegistryConfigurator (priority:100000)
2026-06-20 09:45:46 [main] INFO  o.flowable.app.spring.SpringAppEngineConfiguration - Executing beforeInit() of class org.flowable.idm.spring.configurator.SpringIdmEngineConfigurator (priority:150000)
2026-06-20 09:45:46 [main] INFO  o.flowable.app.spring.SpringAppEngineConfiguration - Executing beforeInit() of class org.flowable.dmn.spring.configurator.SpringDmnEngineConfigurator (priority:200000)
2026-06-20 09:45:46 [main] INFO  o.flowable.app.spring.SpringAppEngineConfiguration - Executing beforeInit() of class org.flowable.cmmn.spring.configurator.SpringCmmnEngineConfigurator (priority:500000)
2026-06-20 09:45:46 [main] INFO  com.zaxxer.hikari.HikariDataSource - HikariPool-1 - Starting...
2026-06-20 09:45:47 [main] INFO  com.zaxxer.hikari.pool.HikariPool - HikariPool-1 - Added connection com.mysql.cj.jdbc.ConnectionImpl@6da76bb1
2026-06-20 09:45:47 [main] INFO  com.zaxxer.hikari.HikariDataSource - HikariPool-1 - Start completed.
2026-06-20 09:45:48 [main] INFO  o.flowable.app.spring.SpringAppEngineConfiguration - Executing configure() of class org.flowable.engine.spring.configurator.SpringProcessEngineConfigurator (priority:50000)
2026-06-20 09:45:48 [main] INFO  org.flowable.engine.impl.ProcessEngineImpl - ProcessEngine default created
2026-06-20 09:45:48 [main] INFO  o.flowable.engine.impl.cmd.ValidateV5EntitiesCmd - Total of v5 deployments found: 0
2026-06-20 09:45:48 [main] INFO  o.flowable.app.spring.SpringAppEngineConfiguration - Executing configure() of class org.flowable.eventregistry.spring.configurator.SpringEventRegistryConfigurator (priority:100000)
2026-06-20 09:45:49 [main] INFO  liquibase.changelog - Reading from `2026mysql_ds`.FLW_EV_DATABASECHANGELOG
2026-06-20 09:45:49 [main] INFO  liquibase.changelog - Reading from `2026mysql_ds`.FLW_EV_DATABASECHANGELOG
2026-06-20 09:45:49 [main] INFO  liquibase.util - UPDATE SUMMARY
2026-06-20 09:45:49 [main] INFO  liquibase.util - Run:                          0
2026-06-20 09:45:49 [main] INFO  liquibase.util - Previously run:               3
2026-06-20 09:45:49 [main] INFO  liquibase.util - Filtered out:                 0
2026-06-20 09:45:49 [main] INFO  liquibase.util - -------------------------------
2026-06-20 09:45:49 [main] INFO  liquibase.util - Total change sets:            3
2026-06-20 09:45:49 [main] INFO  liquibase.util - Update summary generated
2026-06-20 09:45:49 [main] INFO  liquibase.lockservice - Successfully released change log lock
2026-06-20 09:45:49 [main] INFO  liquibase.command - Command execution complete
2026-06-20 09:45:49 [main] INFO  o.f.eventregistry.impl.EventRegistryEngineImpl - EventRegistryEngine default created
2026-06-20 09:45:49 [main] INFO  o.flowable.app.spring.SpringAppEngineConfiguration - Executing configure() of class org.flowable.idm.spring.configurator.SpringIdmEngineConfigurator (priority:150000)
2026-06-20 09:45:50 [main] INFO  org.flowable.idm.engine.impl.IdmEngineImpl - IdmEngine default created
2026-06-20 09:45:50 [main] INFO  o.flowable.app.spring.SpringAppEngineConfiguration - Executing configure() of class org.flowable.dmn.spring.configurator.SpringDmnEngineConfigurator (priority:200000)
2026-06-20 09:45:50 [main] INFO  liquibase.changelog - Reading from `2026mysql_ds`.ACT_DMN_DATABASECHANGELOG
2026-06-20 09:45:50 [main] INFO  liquibase.changelog - Reading from `2026mysql_ds`.ACT_DMN_DATABASECHANGELOG
2026-06-20 09:45:50 [main] INFO  liquibase.util - UPDATE SUMMARY
2026-06-20 09:45:50 [main] INFO  liquibase.util - Run:                          0
2026-06-20 09:45:50 [main] INFO  liquibase.util - Previously run:               9
2026-06-20 09:45:50 [main] INFO  liquibase.util - Filtered out:                 0
2026-06-20 09:45:50 [main] INFO  liquibase.util - -------------------------------
2026-06-20 09:45:50 [main] INFO  liquibase.util - Total change sets:            9
2026-06-20 09:45:50 [main] INFO  liquibase.util - Update summary generated
2026-06-20 09:45:50 [main] INFO  liquibase.lockservice - Successfully released change log lock
2026-06-20 09:45:50 [main] INFO  liquibase.command - Command execution complete
2026-06-20 09:45:50 [main] INFO  org.flowable.dmn.engine.impl.DmnEngineImpl - DmnEngine default created
2026-06-20 09:45:50 [main] INFO  o.flowable.app.spring.SpringAppEngineConfiguration - Executing configure() of class org.flowable.cmmn.spring.configurator.SpringCmmnEngineConfigurator (priority:500000)
2026-06-20 09:45:50 [main] INFO  liquibase.changelog - Reading from `2026mysql_ds`.ACT_CMMN_DATABASECHANGELOG
2026-06-20 09:45:50 [main] INFO  liquibase.changelog - Reading from `2026mysql_ds`.ACT_CMMN_DATABASECHANGELOG
2026-06-20 09:45:50 [main] INFO  liquibase.util - UPDATE SUMMARY
2026-06-20 09:45:50 [main] INFO  liquibase.util - Run:                          0
2026-06-20 09:45:50 [main] INFO  liquibase.util - Previously run:              16
2026-06-20 09:45:50 [main] INFO  liquibase.util - Filtered out:                 1
2026-06-20 09:45:50 [main] INFO  liquibase.util - -------------------------------
2026-06-20 09:45:50 [main] INFO  liquibase.util - Total change sets:           17
2026-06-20 09:45:50 [main] INFO  liquibase.util - FILTERED CHANGE SETS SUMMARY
2026-06-20 09:45:50 [main] INFO  liquibase.util - DBMS mismatch:                1
2026-06-20 09:45:50 [main] INFO  liquibase.util - Update summary generated
2026-06-20 09:45:50 [main] INFO  liquibase.lockservice - Successfully released change log lock
2026-06-20 09:45:50 [main] INFO  liquibase.command - Command execution complete
2026-06-20 09:45:50 [main] INFO  org.flowable.cmmn.engine.impl.CmmnEngineImpl - CmmnEngine default created
2026-06-20 09:45:51 [main] INFO  liquibase.changelog - Reading from `2026mysql_ds`.ACT_APP_DATABASECHANGELOG
2026-06-20 09:45:51 [main] INFO  liquibase.changelog - Reading from `2026mysql_ds`.ACT_APP_DATABASECHANGELOG
2026-06-20 09:45:51 [main] INFO  liquibase.util - UPDATE SUMMARY
2026-06-20 09:45:51 [main] INFO  liquibase.util - Run:                          0
2026-06-20 09:45:51 [main] INFO  liquibase.util - Previously run:               3
2026-06-20 09:45:51 [main] INFO  liquibase.util - Filtered out:                 0
2026-06-20 09:45:51 [main] INFO  liquibase.util - -------------------------------
2026-06-20 09:45:51 [main] INFO  liquibase.util - Total change sets:            3
2026-06-20 09:45:51 [main] INFO  liquibase.util - Update summary generated
2026-06-20 09:45:51 [main] INFO  liquibase.lockservice - Successfully released change log lock
2026-06-20 09:45:51 [main] INFO  liquibase.command - Command execution complete
2026-06-20 09:45:51 [main] INFO  org.flowable.app.engine.impl.AppEngineImpl - AppEngine default created
2026-06-20 09:45:51 [main] INFO  o.s.b.actuate.endpoint.web.EndpointLinksResolver - Exposing 1 endpoint(s) beneath base path '/actuator'
2026-06-20 09:45:51 [main] INFO  o.s.security.web.DefaultSecurityFilterChain - Will secure any request with [org.springframework.security.web.session.DisableEncodeUrlFilter@70062861, org.springframework.security.web.context.request.async.WebAsyncManagerIntegrationFilter@679c08ea, org.springframework.security.web.context.SecurityContextHolderFilter@528e598, org.springframework.security.web.header.HeaderWriterFilter@2239d7a6, org.springframework.web.filter.CorsFilter@3a00237d, org.springframework.security.web.authentication.logout.LogoutFilter@11c79954, org.xiaoxu.auth.TokenAuthenticationFilter@3696d12d, org.springframework.security.web.savedrequest.RequestCacheAwareFilter@5ee9866c, org.springframework.security.web.servletapi.SecurityContextHolderAwareRequestFilter@2f6268d9, org.springframework.security.web.authentication.AnonymousAuthenticationFilter@74100298, org.springframework.security.web.session.SessionManagementFilter@2d15ebbe, org.springframework.security.web.access.ExceptionTranslationFilter@59244243, org.springframework.security.web.access.intercept.AuthorizationFilter@dd3d998]
2026-06-20 09:45:52 [main] INFO  com.xxl.job.core.executor.XxlJobExecutor - >>>>>>>>>>> xxl-job register jobhandler success, name:sendLeaveApprovalNotify, jobHandler:com.xxl.job.core.handler.impl.MethodJobHandler@2e96e185[class org.xiaoxu.workflow.job.ApprovalNotifyJobHandler#sendLeaveApprovalNotify]
2026-06-20 09:45:52 [main] INFO  com.xxl.job.core.executor.XxlJobExecutor - >>>>>>>>>>> xxl-job register jobhandler success, name:sendFulfillmentApprovalNotify, jobHandler:com.xxl.job.core.handler.impl.MethodJobHandler@6fe1a04e[class org.xiaoxu.workflow.job.ApprovalNotifyJobHandler#sendFulfillmentApprovalNotify]
2026-06-20 09:45:52 [main] INFO  o.f.j.s.impl.asyncexecutor.AbstractAsyncExecutor - Starting up the async job executor [org.flowable.spring.job.service.SpringAsyncExecutor] for engine cmmn
2026-06-20 09:45:52 [Thread-8] INFO  o.f.j.s.i.asyncexecutor.ResetExpiredJobsRunnable - starting to reset expired jobs for engine cmmn
2026-06-20 09:45:52 [main] INFO  o.f.j.s.impl.asyncexecutor.AbstractAsyncExecutor - Starting up the async job executor [org.flowable.spring.job.service.SpringAsyncExecutor] for engine bpmn
2026-06-20 09:45:52 [Thread-7] INFO  o.f.j.s.i.asyncexecutor.AcquireTimerJobsRunnable - starting to acquire async jobs due for engine cmmn
2026-06-20 09:45:52 [Thread-6] INFO  o.f.j.s.i.a.AcquireAsyncJobsDueRunnable - starting to acquire async jobs due for engine cmmn
2026-06-20 09:45:52 [Thread-9] INFO  o.f.j.s.i.a.AcquireAsyncJobsDueRunnable - starting to acquire async jobs due for engine bpmn
2026-06-20 09:45:52 [main] INFO  o.f.s.configurator.DefaultAutoDeploymentStrategy - Deploying resources [file [E:\programs\java_arsenal\permission-system\target\classes\processes\fulfillment-approval.bpmn20.xml], file [E:\programs\java_arsenal\permission-system\target\classes\processes\leave-request.bpmn20.xml]] for engine org.flowable.engine.impl.ProcessEngineImpl@743b720 deployment name hint SpringBootAutoDeployment
2026-06-20 09:45:52 [Thread-10] INFO  o.f.j.s.i.asyncexecutor.AcquireTimerJobsRunnable - starting to acquire async jobs due for engine bpmn
2026-06-20 09:45:52 [Thread-11] INFO  o.f.j.s.i.asyncexecutor.ResetExpiredJobsRunnable - starting to reset expired jobs for engine bpmn
2026-06-20 09:45:52 [main] INFO  org.apache.coyote.http11.Http11NioProtocol - Starting ProtocolHandler ["http-nio-13690"]
2026-06-20 09:45:52 [main] INFO  o.s.boot.web.embedded.tomcat.TomcatWebServer - Tomcat started on port 13690 (http) with context path ''
2026-06-20 09:45:52 [main] INFO  org.xiaoxu.PermissionApplication - Started PermissionApplication in 14.108 seconds (process running for 15.606)
2026-06-20 09:45:52 [Thread-5] INFO  com.xxl.job.core.server.EmbedServer - >>>>>>>>>>> xxl-job remoting server start success, nettype = class com.xxl.job.core.server.EmbedServer, port = 9998
2026-06-20 09:45:53 [RMI TCP Connection(5)-192.168.1.2] INFO  o.a.c.core.ContainerBase.[Tomcat].[localhost].[/] - Initializing Spring DispatcherServlet 'dispatcherServlet'
2026-06-20 09:45:53 [RMI TCP Connection(5)-192.168.1.2] INFO  org.springframework.web.servlet.DispatcherServlet - Initializing Servlet 'dispatcherServlet'
2026-06-20 09:45:53 [RMI TCP Connection(5)-192.168.1.2] INFO  org.springframework.web.servlet.DispatcherServlet - Completed initialization in 2 ms
2026-06-20 09:46:06 [http-nio-13690-exec-2] INFO  org.xiaoxu.service.EmailService - 邮件发送成功, to=2726986361@qq.com, subject=【BPMN系统】登录验证码
2026-06-20 09:46:06 [http-nio-13690-exec-2] INFO  org.xiaoxu.controller.AuthController - 验证码已发送, email=2726986361@qq.com, code=416962
2026-06-20 09:46:42 [http-nio-13690-exec-8] INFO  org.xiaoxu.service.EmailService - 邮件发送成功, to=2726986361@qq.com, subject=【BPMN系统】登录验证码
2026-06-20 09:46:42 [http-nio-13690-exec-8] INFO  org.xiaoxu.controller.AuthController - 验证码已发送, email=2726986361@qq.com, code=342533
2026-06-20 09:46:49 [http-nio-13690-exec-8] INFO  org.xiaoxu.service.MenuService - 用户[10]的角色IDs: [2]
2026-06-20 09:46:50 [http-nio-13690-exec-8] INFO  org.xiaoxu.service.MenuService - 用户[10]的菜单IDs: [100, 102, 103, 106, 107, 108, 109]
2026-06-20 10:20:40 [Thread-5] INFO  com.xxl.job.core.server.EmbedServer - >>>>>>>>>>> xxl-job remoting server stop.
2026-06-20 10:20:40 [xxl-job, executor ExecutorRegistryThread] INFO  com.xxl.job.core.thread.ExecutorRegistryThread - >>>>>>>>>>> xxl-job registry-remove success, registryParam:RegistryParam{registryGroup='EXECUTOR', registryKey='permission-job-executor', registryValue='http://192.168.1.2:9998/'}, registryResult:ReturnT [code=200, msg=null, content=null]
2026-06-20 10:20:40 [xxl-job, executor ExecutorRegistryThread] INFO  com.xxl.job.core.thread.ExecutorRegistryThread - >>>>>>>>>>> xxl-job, executor registry thread destroy.
2026-06-20 10:20:40 [SpringApplicationShutdownHook] INFO  com.xxl.job.core.server.EmbedServer - >>>>>>>>>>> xxl-job remoting server destroy success.
2026-06-20 10:20:40 [xxl-job, executor JobLogFileCleanThread] INFO  com.xxl.job.core.thread.JobLogFileCleanThread - >>>>>>>>>>> xxl-job, executor JobLogFileCleanThread thread destroy.
2026-06-20 10:20:40 [xxl-job, executor TriggerCallbackThread] INFO  com.xxl.job.core.thread.TriggerCallbackThread - >>>>>>>>>>> xxl-job, executor callback thread destroy.
2026-06-20 10:20:40 [Thread-4] INFO  com.xxl.job.core.thread.TriggerCallbackThread - >>>>>>>>>>> xxl-job, executor retry callback thread destroy.
2026-06-20 10:20:40 [SpringApplicationShutdownHook] INFO  o.f.j.s.impl.asyncexecutor.AbstractAsyncExecutor - Shutting down the async job executor [org.flowable.spring.job.service.SpringAsyncExecutor] for engine cmmn
2026-06-20 10:20:40 [flowable-cmmn-acquire-async-jobs] INFO  o.f.j.s.i.a.AcquireAsyncJobsDueRunnable - stopped async job due acquisition for engine cmmn
2026-06-20 10:20:40 [flowable-cmmn-reset-expired-jobs] INFO  o.f.j.s.i.asyncexecutor.ResetExpiredJobsRunnable - stopped resetting expired jobs for engine cmmn
2026-06-20 10:20:40 [flowable-cmmn-acquire-timer-jobs] INFO  o.f.j.s.i.asyncexecutor.AcquireTimerJobsRunnable - stopped async job due acquisition for engine cmmn
2026-06-20 10:20:41 [SpringApplicationShutdownHook] INFO  o.f.j.s.impl.asyncexecutor.AbstractAsyncExecutor - Shutting down the async job executor [org.flowable.spring.job.service.SpringAsyncExecutor] for engine bpmn
2026-06-20 10:20:41 [flowable-bpmn-reset-expired-jobs] INFO  o.f.j.s.i.asyncexecutor.ResetExpiredJobsRunnable - stopped resetting expired jobs for engine bpmn
2026-06-20 10:20:41 [flowable-bpmn-acquire-timer-jobs] INFO  o.f.j.s.i.asyncexecutor.AcquireTimerJobsRunnable - stopped async job due acquisition for engine bpmn
2026-06-20 10:20:41 [flowable-bpmn-acquire-async-jobs] INFO  o.f.j.s.i.a.AcquireAsyncJobsDueRunnable - stopped async job due acquisition for engine bpmn
2026-06-20 10:20:41 [SpringApplicationShutdownHook] INFO  com.zaxxer.hikari.HikariDataSource - HikariPool-1 - Shutdown initiated...
2026-06-20 10:20:41 [SpringApplicationShutdownHook] INFO  com.zaxxer.hikari.HikariDataSource - HikariPool-1 - Shutdown completed.
2026-06-20 10:20:54 [background-preinit] INFO  org.hibernate.validator.internal.util.Version - HV000001: Hibernate Validator 8.0.1.Final
2026-06-20 10:20:54 [main] INFO  org.xiaoxu.PermissionApplication - Starting PermissionApplication using Java 17.0.12 with PID 56496 (E:\programs\java_arsenal\permission-system\target\classes started by tingq in E:\programs\java_arsenal)
2026-06-20 10:20:54 [main] INFO  org.xiaoxu.PermissionApplication - The following 1 profile is active: "local"
2026-06-20 10:20:56 [main] INFO  o.s.d.r.config.RepositoryConfigurationDelegate - Multiple Spring Data modules found, entering strict repository configuration mode
2026-06-20 10:20:56 [main] INFO  o.s.d.r.config.RepositoryConfigurationDelegate - Bootstrapping Spring Data Redis repositories in DEFAULT mode.
2026-06-20 10:20:56 [main] INFO  o.s.d.r.config.RepositoryConfigurationDelegate - Finished Spring Data repository scanning in 37 ms. Found 0 Redis repository interfaces.
2026-06-20 10:20:57 [main] WARN  o.s.c.s.PostProcessorRegistrationDelegate$BeanPostProcessorChecker - Bean 'com.alicp.jetcache.anno.config.JetCacheProxyConfiguration' of type [com.alicp.jetcache.anno.config.JetCacheProxyConfiguration$$SpringCGLIB$$0] is not eligible for getting processed by all BeanPostProcessors (for example: not eligible for auto-proxying). Is this bean getting eagerly injected into a currently created BeanPostProcessor [meterRegistryPostProcessor]? Check the corresponding BeanPostProcessor declaration and its dependencies.
2026-06-20 10:20:57 [main] WARN  o.s.c.s.PostProcessorRegistrationDelegate$BeanPostProcessorChecker - Bean 'com.alicp.jetcache.anno.config.CommonConfiguration' of type [com.alicp.jetcache.anno.config.CommonConfiguration$$SpringCGLIB$$0] is not eligible for getting processed by all BeanPostProcessors (for example: not eligible for auto-proxying). Is this bean getting eagerly injected into a currently created BeanPostProcessor [meterRegistryPostProcessor]? Check the corresponding BeanPostProcessor declaration and its dependencies.
2026-06-20 10:20:57 [main] INFO  o.s.boot.web.embedded.tomcat.TomcatWebServer - Tomcat initialized with port 13690 (http)
2026-06-20 10:20:57 [main] INFO  org.apache.coyote.http11.Http11NioProtocol - Initializing ProtocolHandler ["http-nio-13690"]
2026-06-20 10:20:57 [main] INFO  org.apache.catalina.core.StandardService - Starting service [Tomcat]
2026-06-20 10:20:57 [main] INFO  org.apache.catalina.core.StandardEngine - Starting Servlet engine: [Apache Tomcat/10.1.18]
2026-06-20 10:20:58 [main] INFO  o.a.c.core.ContainerBase.[Tomcat].[localhost].[/] - Initializing Spring embedded WebApplicationContext
2026-06-20 10:20:58 [main] INFO  o.s.b.w.s.c.ServletWebServerApplicationContext - Root WebApplicationContext: initialization completed in 2957 ms
2026-06-20 10:20:58 [main] INFO  org.redisson.Version - Redisson 3.24.3
2026-06-20 10:20:59 [redisson-netty-2-6] INFO  o.r.connection.pool.MasterPubSubConnectionPool - 1 connections initialized for 192.168.200.128/192.168.200.128:6379
2026-06-20 10:20:59 [redisson-netty-2-19] INFO  org.redisson.connection.pool.MasterConnectionPool - 24 connections initialized for 192.168.200.128/192.168.200.128:6379
2026-06-20 10:21:00 [main] INFO  org.xiaoxu.service.OssService - OSS 客户端初始化完成, bucket=oss-inshanghai
2026-06-20 10:21:00 [main] INFO  o.xiaoxu.workflow.approval.ApprovalHandlerRegistry - 审批回调注册完成，已注册业务: [fulfillment-approval, leave-request]
2026-06-20 10:21:01 [main] INFO  o.f.spring.boot.cmmn.CmmnEngineAutoConfiguration - No deployment resources were found for autodeployment
2026-06-20 10:21:01 [main] INFO  o.f.spring.boot.dmn.DmnEngineAutoConfiguration - No deployment resources were found for autodeployment
2026-06-20 10:21:01 [main] INFO  o.f.s.b.e.EventRegistryAutoConfiguration - No deployment resources were found for autodeployment
2026-06-20 10:21:01 [main] INFO  o.f.spring.boot.app.AppEngineAutoConfiguration - No deployment resources were found for autodeployment
2026-06-20 10:21:01 [main] INFO  o.flowable.app.spring.SpringAppEngineConfiguration - Found 5 Engine Configurators in total:
2026-06-20 10:21:01 [main] INFO  o.flowable.app.spring.SpringAppEngineConfiguration - class org.flowable.engine.spring.configurator.SpringProcessEngineConfigurator (priority:50000)
2026-06-20 10:21:01 [main] INFO  o.flowable.app.spring.SpringAppEngineConfiguration - class org.flowable.eventregistry.spring.configurator.SpringEventRegistryConfigurator (priority:100000)
2026-06-20 10:21:01 [main] INFO  o.flowable.app.spring.SpringAppEngineConfiguration - class org.flowable.idm.spring.configurator.SpringIdmEngineConfigurator (priority:150000)
2026-06-20 10:21:01 [main] INFO  o.flowable.app.spring.SpringAppEngineConfiguration - class org.flowable.dmn.spring.configurator.SpringDmnEngineConfigurator (priority:200000)
2026-06-20 10:21:01 [main] INFO  o.flowable.app.spring.SpringAppEngineConfiguration - class org.flowable.cmmn.spring.configurator.SpringCmmnEngineConfigurator (priority:500000)
2026-06-20 10:21:01 [main] INFO  o.flowable.app.spring.SpringAppEngineConfiguration - Executing beforeInit() of class org.flowable.engine.spring.configurator.SpringProcessEngineConfigurator (priority:50000)
2026-06-20 10:21:01 [main] INFO  o.flowable.app.spring.SpringAppEngineConfiguration - Executing beforeInit() of class org.flowable.eventregistry.spring.configurator.SpringEventRegistryConfigurator (priority:100000)
2026-06-20 10:21:01 [main] INFO  o.flowable.app.spring.SpringAppEngineConfiguration - Executing beforeInit() of class org.flowable.idm.spring.configurator.SpringIdmEngineConfigurator (priority:150000)
2026-06-20 10:21:01 [main] INFO  o.flowable.app.spring.SpringAppEngineConfiguration - Executing beforeInit() of class org.flowable.dmn.spring.configurator.SpringDmnEngineConfigurator (priority:200000)
2026-06-20 10:21:01 [main] INFO  o.flowable.app.spring.SpringAppEngineConfiguration - Executing beforeInit() of class org.flowable.cmmn.spring.configurator.SpringCmmnEngineConfigurator (priority:500000)
2026-06-20 10:21:01 [main] INFO  com.zaxxer.hikari.HikariDataSource - HikariPool-1 - Starting...
2026-06-20 10:21:02 [main] INFO  com.zaxxer.hikari.pool.HikariPool - HikariPool-1 - Added connection com.mysql.cj.jdbc.ConnectionImpl@75375bb0
2026-06-20 10:21:02 [main] INFO  com.zaxxer.hikari.HikariDataSource - HikariPool-1 - Start completed.
2026-06-20 10:21:03 [main] INFO  o.flowable.app.spring.SpringAppEngineConfiguration - Executing configure() of class org.flowable.engine.spring.configurator.SpringProcessEngineConfigurator (priority:50000)
2026-06-20 10:21:03 [main] INFO  org.flowable.engine.impl.ProcessEngineImpl - ProcessEngine default created
2026-06-20 10:21:03 [main] INFO  o.flowable.engine.impl.cmd.ValidateV5EntitiesCmd - Total of v5 deployments found: 0
2026-06-20 10:21:03 [main] INFO  o.flowable.app.spring.SpringAppEngineConfiguration - Executing configure() of class org.flowable.eventregistry.spring.configurator.SpringEventRegistryConfigurator (priority:100000)
2026-06-20 10:21:04 [main] INFO  liquibase.changelog - Reading from `2026mysql_ds`.FLW_EV_DATABASECHANGELOG
2026-06-20 10:21:04 [main] INFO  liquibase.changelog - Reading from `2026mysql_ds`.FLW_EV_DATABASECHANGELOG
2026-06-20 10:21:04 [main] INFO  liquibase.util - UPDATE SUMMARY
2026-06-20 10:21:04 [main] INFO  liquibase.util - Run:                          0
2026-06-20 10:21:04 [main] INFO  liquibase.util - Previously run:               3
2026-06-20 10:21:04 [main] INFO  liquibase.util - Filtered out:                 0
2026-06-20 10:21:04 [main] INFO  liquibase.util - -------------------------------
2026-06-20 10:21:04 [main] INFO  liquibase.util - Total change sets:            3
2026-06-20 10:21:04 [main] INFO  liquibase.util - Update summary generated
2026-06-20 10:21:04 [main] INFO  liquibase.lockservice - Successfully released change log lock
2026-06-20 10:21:04 [main] INFO  liquibase.command - Command execution complete
2026-06-20 10:21:04 [main] INFO  o.f.eventregistry.impl.EventRegistryEngineImpl - EventRegistryEngine default created
2026-06-20 10:21:04 [main] INFO  o.flowable.app.spring.SpringAppEngineConfiguration - Executing configure() of class org.flowable.idm.spring.configurator.SpringIdmEngineConfigurator (priority:150000)
2026-06-20 10:21:04 [main] INFO  org.flowable.idm.engine.impl.IdmEngineImpl - IdmEngine default created
2026-06-20 10:21:04 [main] INFO  o.flowable.app.spring.SpringAppEngineConfiguration - Executing configure() of class org.flowable.dmn.spring.configurator.SpringDmnEngineConfigurator (priority:200000)
2026-06-20 10:21:04 [main] INFO  liquibase.changelog - Reading from `2026mysql_ds`.ACT_DMN_DATABASECHANGELOG
2026-06-20 10:21:04 [main] INFO  liquibase.changelog - Reading from `2026mysql_ds`.ACT_DMN_DATABASECHANGELOG
2026-06-20 10:21:04 [main] INFO  liquibase.util - UPDATE SUMMARY
2026-06-20 10:21:04 [main] INFO  liquibase.util - Run:                          0
2026-06-20 10:21:04 [main] INFO  liquibase.util - Previously run:               9
2026-06-20 10:21:04 [main] INFO  liquibase.util - Filtered out:                 0
2026-06-20 10:21:04 [main] INFO  liquibase.util - -------------------------------
2026-06-20 10:21:04 [main] INFO  liquibase.util - Total change sets:            9
2026-06-20 10:21:04 [main] INFO  liquibase.util - Update summary generated
2026-06-20 10:21:04 [main] INFO  liquibase.lockservice - Successfully released change log lock
2026-06-20 10:21:04 [main] INFO  liquibase.command - Command execution complete
2026-06-20 10:21:04 [main] INFO  org.flowable.dmn.engine.impl.DmnEngineImpl - DmnEngine default created
2026-06-20 10:21:04 [main] INFO  o.flowable.app.spring.SpringAppEngineConfiguration - Executing configure() of class org.flowable.cmmn.spring.configurator.SpringCmmnEngineConfigurator (priority:500000)
2026-06-20 10:21:05 [main] INFO  liquibase.changelog - Reading from `2026mysql_ds`.ACT_CMMN_DATABASECHANGELOG
2026-06-20 10:21:05 [main] INFO  liquibase.changelog - Reading from `2026mysql_ds`.ACT_CMMN_DATABASECHANGELOG
2026-06-20 10:21:05 [main] INFO  liquibase.util - UPDATE SUMMARY
2026-06-20 10:21:05 [main] INFO  liquibase.util - Run:                          0
2026-06-20 10:21:05 [main] INFO  liquibase.util - Previously run:              16
2026-06-20 10:21:05 [main] INFO  liquibase.util - Filtered out:                 1
2026-06-20 10:21:05 [main] INFO  liquibase.util - -------------------------------
2026-06-20 10:21:05 [main] INFO  liquibase.util - Total change sets:           17
2026-06-20 10:21:05 [main] INFO  liquibase.util - FILTERED CHANGE SETS SUMMARY
2026-06-20 10:21:05 [main] INFO  liquibase.util - DBMS mismatch:                1
2026-06-20 10:21:05 [main] INFO  liquibase.util - Update summary generated
2026-06-20 10:21:05 [main] INFO  liquibase.lockservice - Successfully released change log lock
2026-06-20 10:21:05 [main] INFO  liquibase.command - Command execution complete
2026-06-20 10:21:05 [main] INFO  org.flowable.cmmn.engine.impl.CmmnEngineImpl - CmmnEngine default created
2026-06-20 10:21:05 [main] INFO  liquibase.changelog - Reading from `2026mysql_ds`.ACT_APP_DATABASECHANGELOG
2026-06-20 10:21:05 [main] INFO  liquibase.changelog - Reading from `2026mysql_ds`.ACT_APP_DATABASECHANGELOG
2026-06-20 10:21:05 [main] INFO  liquibase.util - UPDATE SUMMARY
2026-06-20 10:21:05 [main] INFO  liquibase.util - Run:                          0
2026-06-20 10:21:05 [main] INFO  liquibase.util - Previously run:               3
2026-06-20 10:21:05 [main] INFO  liquibase.util - Filtered out:                 0
2026-06-20 10:21:05 [main] INFO  liquibase.util - -------------------------------
2026-06-20 10:21:05 [main] INFO  liquibase.util - Total change sets:            3
2026-06-20 10:21:05 [main] INFO  liquibase.util - Update summary generated
2026-06-20 10:21:05 [main] INFO  liquibase.lockservice - Successfully released change log lock
2026-06-20 10:21:05 [main] INFO  liquibase.command - Command execution complete
2026-06-20 10:21:05 [main] INFO  org.flowable.app.engine.impl.AppEngineImpl - AppEngine default created
2026-06-20 10:21:06 [main] INFO  o.s.b.actuate.endpoint.web.EndpointLinksResolver - Exposing 1 endpoint(s) beneath base path '/actuator'
2026-06-20 10:21:06 [main] INFO  o.s.security.web.DefaultSecurityFilterChain - Will secure any request with [org.springframework.security.web.session.DisableEncodeUrlFilter@45791d5d, org.springframework.security.web.context.request.async.WebAsyncManagerIntegrationFilter@c880358, org.springframework.security.web.context.SecurityContextHolderFilter@da5ceeb, org.springframework.security.web.header.HeaderWriterFilter@581a3fd9, org.springframework.web.filter.CorsFilter@7a6b214c, org.springframework.security.web.authentication.logout.LogoutFilter@6801b500, org.xiaoxu.auth.TokenAuthenticationFilter@2f7d8a7c, org.springframework.security.web.savedrequest.RequestCacheAwareFilter@63941b57, org.springframework.security.web.servletapi.SecurityContextHolderAwareRequestFilter@ae93fb7, org.springframework.security.web.authentication.AnonymousAuthenticationFilter@a6ffbc5, org.springframework.security.web.session.SessionManagementFilter@6063c5a, org.springframework.security.web.access.ExceptionTranslationFilter@24e52925, org.springframework.security.web.access.intercept.AuthorizationFilter@54f096d]
2026-06-20 10:21:07 [main] INFO  com.xxl.job.core.executor.XxlJobExecutor - >>>>>>>>>>> xxl-job register jobhandler success, name:sendFulfillmentApprovalNotify, jobHandler:com.xxl.job.core.handler.impl.MethodJobHandler@4593d01d[class org.xiaoxu.workflow.job.ApprovalNotifyJobHandler#sendFulfillmentApprovalNotify]
2026-06-20 10:21:07 [main] INFO  com.xxl.job.core.executor.XxlJobExecutor - >>>>>>>>>>> xxl-job register jobhandler success, name:sendLeaveApprovalNotify, jobHandler:com.xxl.job.core.handler.impl.MethodJobHandler@588861ba[class org.xiaoxu.workflow.job.ApprovalNotifyJobHandler#sendLeaveApprovalNotify]
2026-06-20 10:21:07 [main] INFO  o.f.j.s.impl.asyncexecutor.AbstractAsyncExecutor - Starting up the async job executor [org.flowable.spring.job.service.SpringAsyncExecutor] for engine cmmn
2026-06-20 10:21:07 [Thread-8] INFO  o.f.j.s.i.asyncexecutor.ResetExpiredJobsRunnable - starting to reset expired jobs for engine cmmn
2026-06-20 10:21:07 [main] INFO  o.f.j.s.impl.asyncexecutor.AbstractAsyncExecutor - Starting up the async job executor [org.flowable.spring.job.service.SpringAsyncExecutor] for engine bpmn
2026-06-20 10:21:07 [Thread-7] INFO  o.f.j.s.i.asyncexecutor.AcquireTimerJobsRunnable - starting to acquire async jobs due for engine cmmn
2026-06-20 10:21:07 [Thread-6] INFO  o.f.j.s.i.a.AcquireAsyncJobsDueRunnable - starting to acquire async jobs due for engine cmmn
2026-06-20 10:21:07 [main] INFO  o.f.s.configurator.DefaultAutoDeploymentStrategy - Deploying resources [file [E:\programs\java_arsenal\permission-system\target\classes\processes\fulfillment-approval.bpmn20.xml], file [E:\programs\java_arsenal\permission-system\target\classes\processes\leave-request.bpmn20.xml]] for engine org.flowable.engine.impl.ProcessEngineImpl@648b1d7c deployment name hint SpringBootAutoDeployment
2026-06-20 10:21:07 [Thread-9] INFO  o.f.j.s.i.a.AcquireAsyncJobsDueRunnable - starting to acquire async jobs due for engine bpmn
2026-06-20 10:21:07 [Thread-11] INFO  o.f.j.s.i.asyncexecutor.ResetExpiredJobsRunnable - starting to reset expired jobs for engine bpmn
2026-06-20 10:21:07 [Thread-10] INFO  o.f.j.s.i.asyncexecutor.AcquireTimerJobsRunnable - starting to acquire async jobs due for engine bpmn
2026-06-20 10:21:07 [main] INFO  org.apache.coyote.http11.Http11NioProtocol - Starting ProtocolHandler ["http-nio-13690"]
2026-06-20 10:21:07 [main] INFO  o.s.boot.web.embedded.tomcat.TomcatWebServer - Tomcat started on port 13690 (http) with context path ''
2026-06-20 10:21:07 [main] INFO  org.xiaoxu.PermissionApplication - Started PermissionApplication in 13.406 seconds (process running for 14.959)
2026-06-20 10:21:07 [Thread-5] INFO  com.xxl.job.core.server.EmbedServer - >>>>>>>>>>> xxl-job remoting server start success, nettype = class com.xxl.job.core.server.EmbedServer, port = 9998
2026-06-20 10:21:07 [RMI TCP Connection(6)-192.168.1.2] INFO  o.a.c.core.ContainerBase.[Tomcat].[localhost].[/] - Initializing Spring DispatcherServlet 'dispatcherServlet'
2026-06-20 10:21:07 [RMI TCP Connection(6)-192.168.1.2] INFO  org.springframework.web.servlet.DispatcherServlet - Initializing Servlet 'dispatcherServlet'
2026-06-20 10:21:07 [RMI TCP Connection(6)-192.168.1.2] INFO  org.springframework.web.servlet.DispatcherServlet - Completed initialization in 2 ms
2026-06-20 10:22:05 [http-nio-13690-exec-2] INFO  org.xiaoxu.service.MenuService - 用户[1]的角色IDs: [1]
2026-06-20 10:22:05 [http-nio-13690-exec-2] INFO  org.xiaoxu.service.MenuService - 用户[1]的菜单IDs: [1, 2, 3, 4, 5, 6, 7, 8, 9, 10, 11, 12, 13, 14, 15, 16, 100, 101, 102, 103, 104, 105, 106, 107, 108, 109, 110]
2026-06-20 10:33:36 [Thread-5] INFO  com.xxl.job.core.server.EmbedServer - >>>>>>>>>>> xxl-job remoting server stop.
2026-06-20 10:33:36 [xxl-job, executor ExecutorRegistryThread] INFO  com.xxl.job.core.thread.ExecutorRegistryThread - >>>>>>>>>>> xxl-job registry-remove success, registryParam:RegistryParam{registryGroup='EXECUTOR', registryKey='permission-job-executor', registryValue='http://192.168.1.2:9998/'}, registryResult:ReturnT [code=200, msg=null, content=null]
2026-06-20 10:33:36 [xxl-job, executor ExecutorRegistryThread] INFO  com.xxl.job.core.thread.ExecutorRegistryThread - >>>>>>>>>>> xxl-job, executor registry thread destroy.
2026-06-20 10:33:36 [SpringApplicationShutdownHook] INFO  com.xxl.job.core.server.EmbedServer - >>>>>>>>>>> xxl-job remoting server destroy success.
2026-06-20 10:33:36 [xxl-job, executor JobLogFileCleanThread] INFO  com.xxl.job.core.thread.JobLogFileCleanThread - >>>>>>>>>>> xxl-job, executor JobLogFileCleanThread thread destroy.
2026-06-20 10:33:36 [xxl-job, executor TriggerCallbackThread] INFO  com.xxl.job.core.thread.TriggerCallbackThread - >>>>>>>>>>> xxl-job, executor callback thread destroy.
2026-06-20 10:33:36 [Thread-4] INFO  com.xxl.job.core.thread.TriggerCallbackThread - >>>>>>>>>>> xxl-job, executor retry callback thread destroy.
2026-06-20 10:33:36 [SpringApplicationShutdownHook] INFO  o.f.j.s.impl.asyncexecutor.AbstractAsyncExecutor - Shutting down the async job executor [org.flowable.spring.job.service.SpringAsyncExecutor] for engine cmmn
2026-06-20 10:33:36 [flowable-cmmn-reset-expired-jobs] INFO  o.f.j.s.i.asyncexecutor.ResetExpiredJobsRunnable - stopped resetting expired jobs for engine cmmn
2026-06-20 10:33:36 [flowable-cmmn-acquire-timer-jobs] INFO  o.f.j.s.i.asyncexecutor.AcquireTimerJobsRunnable - stopped async job due acquisition for engine cmmn
2026-06-20 10:33:36 [flowable-cmmn-acquire-async-jobs] INFO  o.f.j.s.i.a.AcquireAsyncJobsDueRunnable - stopped async job due acquisition for engine cmmn
2026-06-20 10:33:36 [SpringApplicationShutdownHook] INFO  o.f.j.s.impl.asyncexecutor.AbstractAsyncExecutor - Shutting down the async job executor [org.flowable.spring.job.service.SpringAsyncExecutor] for engine bpmn
2026-06-20 10:33:36 [flowable-bpmn-acquire-async-jobs] INFO  o.f.j.s.i.a.AcquireAsyncJobsDueRunnable - stopped async job due acquisition for engine bpmn
2026-06-20 10:33:36 [flowable-bpmn-acquire-timer-jobs] INFO  o.f.j.s.i.asyncexecutor.AcquireTimerJobsRunnable - stopped async job due acquisition for engine bpmn
2026-06-20 10:33:36 [flowable-bpmn-reset-expired-jobs] INFO  o.f.j.s.i.asyncexecutor.ResetExpiredJobsRunnable - stopped resetting expired jobs for engine bpmn
2026-06-20 10:33:36 [SpringApplicationShutdownHook] INFO  com.zaxxer.hikari.HikariDataSource - HikariPool-1 - Shutdown initiated...
2026-06-20 10:33:36 [SpringApplicationShutdownHook] INFO  com.zaxxer.hikari.HikariDataSource - HikariPool-1 - Shutdown completed.
2026-06-20 14:40:07 [background-preinit] INFO  org.hibernate.validator.internal.util.Version - HV000001: Hibernate Validator 8.0.1.Final
2026-06-20 14:40:07 [main] INFO  org.xiaoxu.PermissionApplication - Starting PermissionApplication using Java 17.0.12 with PID 66220 (E:\programs\java_arsenal\permission-system\target\classes started by tingq in E:\programs\java_arsenal)
2026-06-20 14:40:07 [main] INFO  org.xiaoxu.PermissionApplication - The following 1 profile is active: "local"
2026-06-20 14:40:09 [main] INFO  o.s.d.r.config.RepositoryConfigurationDelegate - Multiple Spring Data modules found, entering strict repository configuration mode
2026-06-20 14:40:09 [main] INFO  o.s.d.r.config.RepositoryConfigurationDelegate - Bootstrapping Spring Data Redis repositories in DEFAULT mode.
2026-06-20 14:40:09 [main] INFO  o.s.d.r.config.RepositoryConfigurationDelegate - Finished Spring Data repository scanning in 39 ms. Found 0 Redis repository interfaces.
2026-06-20 14:40:09 [main] WARN  o.s.c.s.PostProcessorRegistrationDelegate$BeanPostProcessorChecker - Bean 'com.alicp.jetcache.anno.config.JetCacheProxyConfiguration' of type [com.alicp.jetcache.anno.config.JetCacheProxyConfiguration$$SpringCGLIB$$0] is not eligible for getting processed by all BeanPostProcessors (for example: not eligible for auto-proxying). Is this bean getting eagerly injected into a currently created BeanPostProcessor [meterRegistryPostProcessor]? Check the corresponding BeanPostProcessor declaration and its dependencies.
2026-06-20 14:40:10 [main] WARN  o.s.c.s.PostProcessorRegistrationDelegate$BeanPostProcessorChecker - Bean 'com.alicp.jetcache.anno.config.CommonConfiguration' of type [com.alicp.jetcache.anno.config.CommonConfiguration$$SpringCGLIB$$0] is not eligible for getting processed by all BeanPostProcessors (for example: not eligible for auto-proxying). Is this bean getting eagerly injected into a currently created BeanPostProcessor [meterRegistryPostProcessor]? Check the corresponding BeanPostProcessor declaration and its dependencies.
2026-06-20 14:40:10 [main] INFO  o.s.boot.web.embedded.tomcat.TomcatWebServer - Tomcat initialized with port 13690 (http)
2026-06-20 14:40:10 [main] INFO  org.apache.coyote.http11.Http11NioProtocol - Initializing ProtocolHandler ["http-nio-13690"]
2026-06-20 14:40:10 [main] INFO  org.apache.catalina.core.StandardService - Starting service [Tomcat]
2026-06-20 14:40:10 [main] INFO  org.apache.catalina.core.StandardEngine - Starting Servlet engine: [Apache Tomcat/10.1.18]
2026-06-20 14:40:10 [main] INFO  o.a.c.core.ContainerBase.[Tomcat].[localhost].[/] - Initializing Spring embedded WebApplicationContext
2026-06-20 14:40:10 [main] INFO  o.s.b.w.s.c.ServletWebServerApplicationContext - Root WebApplicationContext: initialization completed in 3215 ms
2026-06-20 14:40:11 [main] INFO  org.redisson.Version - Redisson 3.24.3
2026-06-20 14:40:11 [redisson-netty-2-5] INFO  o.r.connection.pool.MasterPubSubConnectionPool - 1 connections initialized for 192.168.200.128/192.168.200.128:6379
2026-06-20 14:40:11 [redisson-netty-2-19] INFO  org.redisson.connection.pool.MasterConnectionPool - 24 connections initialized for 192.168.200.128/192.168.200.128:6379
2026-06-20 14:40:13 [main] INFO  org.xiaoxu.service.OssService - OSS 客户端初始化完成, bucket=oss-inshanghai
2026-06-20 14:40:13 [main] INFO  o.xiaoxu.workflow.approval.ApprovalHandlerRegistry - 审批回调注册完成，已注册业务: [fulfillment-approval, leave-request]
2026-06-20 14:40:13 [main] INFO  o.f.spring.boot.cmmn.CmmnEngineAutoConfiguration - No deployment resources were found for autodeployment
2026-06-20 14:40:14 [main] INFO  o.f.spring.boot.dmn.DmnEngineAutoConfiguration - No deployment resources were found for autodeployment
2026-06-20 14:40:14 [main] INFO  o.f.s.b.e.EventRegistryAutoConfiguration - No deployment resources were found for autodeployment
2026-06-20 14:40:14 [main] INFO  o.f.spring.boot.app.AppEngineAutoConfiguration - No deployment resources were found for autodeployment
2026-06-20 14:40:14 [main] INFO  o.flowable.app.spring.SpringAppEngineConfiguration - Found 5 Engine Configurators in total:
2026-06-20 14:40:14 [main] INFO  o.flowable.app.spring.SpringAppEngineConfiguration - class org.flowable.engine.spring.configurator.SpringProcessEngineConfigurator (priority:50000)
2026-06-20 14:40:14 [main] INFO  o.flowable.app.spring.SpringAppEngineConfiguration - class org.flowable.eventregistry.spring.configurator.SpringEventRegistryConfigurator (priority:100000)
2026-06-20 14:40:14 [main] INFO  o.flowable.app.spring.SpringAppEngineConfiguration - class org.flowable.idm.spring.configurator.SpringIdmEngineConfigurator (priority:150000)
2026-06-20 14:40:14 [main] INFO  o.flowable.app.spring.SpringAppEngineConfiguration - class org.flowable.dmn.spring.configurator.SpringDmnEngineConfigurator (priority:200000)
2026-06-20 14:40:14 [main] INFO  o.flowable.app.spring.SpringAppEngineConfiguration - class org.flowable.cmmn.spring.configurator.SpringCmmnEngineConfigurator (priority:500000)
2026-06-20 14:40:14 [main] INFO  o.flowable.app.spring.SpringAppEngineConfiguration - Executing beforeInit() of class org.flowable.engine.spring.configurator.SpringProcessEngineConfigurator (priority:50000)
2026-06-20 14:40:14 [main] INFO  o.flowable.app.spring.SpringAppEngineConfiguration - Executing beforeInit() of class org.flowable.eventregistry.spring.configurator.SpringEventRegistryConfigurator (priority:100000)
2026-06-20 14:40:14 [main] INFO  o.flowable.app.spring.SpringAppEngineConfiguration - Executing beforeInit() of class org.flowable.idm.spring.configurator.SpringIdmEngineConfigurator (priority:150000)
2026-06-20 14:40:14 [main] INFO  o.flowable.app.spring.SpringAppEngineConfiguration - Executing beforeInit() of class org.flowable.dmn.spring.configurator.SpringDmnEngineConfigurator (priority:200000)
2026-06-20 14:40:14 [main] INFO  o.flowable.app.spring.SpringAppEngineConfiguration - Executing beforeInit() of class org.flowable.cmmn.spring.configurator.SpringCmmnEngineConfigurator (priority:500000)
2026-06-20 14:40:14 [main] INFO  com.zaxxer.hikari.HikariDataSource - HikariPool-1 - Starting...
2026-06-20 14:40:14 [main] INFO  com.zaxxer.hikari.pool.HikariPool - HikariPool-1 - Added connection com.mysql.cj.jdbc.ConnectionImpl@943184c
2026-06-20 14:40:14 [main] INFO  com.zaxxer.hikari.HikariDataSource - HikariPool-1 - Start completed.
2026-06-20 14:40:15 [main] INFO  o.flowable.app.spring.SpringAppEngineConfiguration - Executing configure() of class org.flowable.engine.spring.configurator.SpringProcessEngineConfigurator (priority:50000)
2026-06-20 14:40:16 [main] INFO  org.flowable.engine.impl.ProcessEngineImpl - ProcessEngine default created
2026-06-20 14:40:16 [main] INFO  o.flowable.engine.impl.cmd.ValidateV5EntitiesCmd - Total of v5 deployments found: 0
2026-06-20 14:40:16 [main] INFO  o.flowable.app.spring.SpringAppEngineConfiguration - Executing configure() of class org.flowable.eventregistry.spring.configurator.SpringEventRegistryConfigurator (priority:100000)
2026-06-20 14:40:16 [main] INFO  liquibase.changelog - Reading from `2026mysql_ds`.FLW_EV_DATABASECHANGELOG
2026-06-20 14:40:16 [main] INFO  liquibase.changelog - Reading from `2026mysql_ds`.FLW_EV_DATABASECHANGELOG
2026-06-20 14:40:16 [main] INFO  liquibase.util - UPDATE SUMMARY
2026-06-20 14:40:16 [main] INFO  liquibase.util - Run:                          0
2026-06-20 14:40:16 [main] INFO  liquibase.util - Previously run:               3
2026-06-20 14:40:16 [main] INFO  liquibase.util - Filtered out:                 0
2026-06-20 14:40:16 [main] INFO  liquibase.util - -------------------------------
2026-06-20 14:40:16 [main] INFO  liquibase.util - Total change sets:            3
2026-06-20 14:40:16 [main] INFO  liquibase.util - Update summary generated
2026-06-20 14:40:17 [main] INFO  liquibase.lockservice - Successfully released change log lock
2026-06-20 14:40:17 [main] INFO  liquibase.command - Command execution complete
2026-06-20 14:40:17 [main] INFO  o.f.eventregistry.impl.EventRegistryEngineImpl - EventRegistryEngine default created
2026-06-20 14:40:17 [main] INFO  o.flowable.app.spring.SpringAppEngineConfiguration - Executing configure() of class org.flowable.idm.spring.configurator.SpringIdmEngineConfigurator (priority:150000)
2026-06-20 14:40:17 [main] INFO  org.flowable.idm.engine.impl.IdmEngineImpl - IdmEngine default created
2026-06-20 14:40:17 [main] INFO  o.flowable.app.spring.SpringAppEngineConfiguration - Executing configure() of class org.flowable.dmn.spring.configurator.SpringDmnEngineConfigurator (priority:200000)
2026-06-20 14:40:17 [main] INFO  liquibase.changelog - Reading from `2026mysql_ds`.ACT_DMN_DATABASECHANGELOG
2026-06-20 14:40:17 [main] INFO  liquibase.changelog - Reading from `2026mysql_ds`.ACT_DMN_DATABASECHANGELOG
2026-06-20 14:40:17 [main] INFO  liquibase.util - UPDATE SUMMARY
2026-06-20 14:40:17 [main] INFO  liquibase.util - Run:                          0
2026-06-20 14:40:17 [main] INFO  liquibase.util - Previously run:               9
2026-06-20 14:40:17 [main] INFO  liquibase.util - Filtered out:                 0
2026-06-20 14:40:17 [main] INFO  liquibase.util - -------------------------------
2026-06-20 14:40:17 [main] INFO  liquibase.util - Total change sets:            9
2026-06-20 14:40:17 [main] INFO  liquibase.util - Update summary generated
2026-06-20 14:40:17 [main] INFO  liquibase.lockservice - Successfully released change log lock
2026-06-20 14:40:17 [main] INFO  liquibase.command - Command execution complete
2026-06-20 14:40:17 [main] INFO  org.flowable.dmn.engine.impl.DmnEngineImpl - DmnEngine default created
2026-06-20 14:40:17 [main] INFO  o.flowable.app.spring.SpringAppEngineConfiguration - Executing configure() of class org.flowable.cmmn.spring.configurator.SpringCmmnEngineConfigurator (priority:500000)
2026-06-20 14:40:17 [main] INFO  liquibase.changelog - Reading from `2026mysql_ds`.ACT_CMMN_DATABASECHANGELOG
2026-06-20 14:40:17 [main] INFO  liquibase.changelog - Reading from `2026mysql_ds`.ACT_CMMN_DATABASECHANGELOG
2026-06-20 14:40:17 [main] INFO  liquibase.util - UPDATE SUMMARY
2026-06-20 14:40:17 [main] INFO  liquibase.util - Run:                          0
2026-06-20 14:40:17 [main] INFO  liquibase.util - Previously run:              16
2026-06-20 14:40:17 [main] INFO  liquibase.util - Filtered out:                 1
2026-06-20 14:40:17 [main] INFO  liquibase.util - -------------------------------
2026-06-20 14:40:17 [main] INFO  liquibase.util - Total change sets:           17
2026-06-20 14:40:17 [main] INFO  liquibase.util - FILTERED CHANGE SETS SUMMARY
2026-06-20 14:40:17 [main] INFO  liquibase.util - DBMS mismatch:                1
2026-06-20 14:40:17 [main] INFO  liquibase.util - Update summary generated
2026-06-20 14:40:17 [main] INFO  liquibase.lockservice - Successfully released change log lock
2026-06-20 14:40:17 [main] INFO  liquibase.command - Command execution complete
2026-06-20 14:40:17 [main] INFO  org.flowable.cmmn.engine.impl.CmmnEngineImpl - CmmnEngine default created
2026-06-20 14:40:17 [main] INFO  liquibase.changelog - Reading from `2026mysql_ds`.ACT_APP_DATABASECHANGELOG
2026-06-20 14:40:17 [main] INFO  liquibase.changelog - Reading from `2026mysql_ds`.ACT_APP_DATABASECHANGELOG
2026-06-20 14:40:17 [main] INFO  liquibase.util - UPDATE SUMMARY
2026-06-20 14:40:17 [main] INFO  liquibase.util - Run:                          0
2026-06-20 14:40:17 [main] INFO  liquibase.util - Previously run:               3
2026-06-20 14:40:17 [main] INFO  liquibase.util - Filtered out:                 0
2026-06-20 14:40:17 [main] INFO  liquibase.util - -------------------------------
2026-06-20 14:40:17 [main] INFO  liquibase.util - Total change sets:            3
2026-06-20 14:40:17 [main] INFO  liquibase.util - Update summary generated
2026-06-20 14:40:17 [main] INFO  liquibase.lockservice - Successfully released change log lock
2026-06-20 14:40:17 [main] INFO  liquibase.command - Command execution complete
2026-06-20 14:40:17 [main] INFO  org.flowable.app.engine.impl.AppEngineImpl - AppEngine default created
2026-06-20 14:40:18 [main] INFO  o.s.b.actuate.endpoint.web.EndpointLinksResolver - Exposing 1 endpoint(s) beneath base path '/actuator'
2026-06-20 14:40:18 [main] INFO  o.s.security.web.DefaultSecurityFilterChain - Will secure any request with [org.springframework.security.web.session.DisableEncodeUrlFilter@d8c3f79, org.springframework.security.web.context.request.async.WebAsyncManagerIntegrationFilter@51035e21, org.springframework.security.web.context.SecurityContextHolderFilter@6ee53411, org.springframework.security.web.header.HeaderWriterFilter@557539ef, org.springframework.web.filter.CorsFilter@67d55a46, org.springframework.security.web.authentication.logout.LogoutFilter@6b22cb85, org.xiaoxu.auth.TokenAuthenticationFilter@7ddcd3d, org.springframework.security.web.savedrequest.RequestCacheAwareFilter@55698d56, org.springframework.security.web.servletapi.SecurityContextHolderAwareRequestFilter@4c5b5a1c, org.springframework.security.web.authentication.AnonymousAuthenticationFilter@79b094a3, org.springframework.security.web.session.SessionManagementFilter@32c8b088, org.springframework.security.web.access.ExceptionTranslationFilter@11aaed5e, org.springframework.security.web.access.intercept.AuthorizationFilter@41518c1d]
2026-06-20 14:40:19 [main] INFO  com.xxl.job.core.executor.XxlJobExecutor - >>>>>>>>>>> xxl-job register jobhandler success, name:sendLeaveApprovalNotify, jobHandler:com.xxl.job.core.handler.impl.MethodJobHandler@208cbbdf[class org.xiaoxu.workflow.job.ApprovalNotifyJobHandler#sendLeaveApprovalNotify]
2026-06-20 14:40:19 [main] INFO  com.xxl.job.core.executor.XxlJobExecutor - >>>>>>>>>>> xxl-job register jobhandler success, name:sendFulfillmentApprovalNotify, jobHandler:com.xxl.job.core.handler.impl.MethodJobHandler@508e64e0[class org.xiaoxu.workflow.job.ApprovalNotifyJobHandler#sendFulfillmentApprovalNotify]
2026-06-20 14:40:19 [main] INFO  o.f.j.s.impl.asyncexecutor.AbstractAsyncExecutor - Starting up the async job executor [org.flowable.spring.job.service.SpringAsyncExecutor] for engine cmmn
2026-06-20 14:40:19 [Thread-8] INFO  o.f.j.s.i.asyncexecutor.ResetExpiredJobsRunnable - starting to reset expired jobs for engine cmmn
2026-06-20 14:40:19 [main] INFO  o.f.j.s.impl.asyncexecutor.AbstractAsyncExecutor - Starting up the async job executor [org.flowable.spring.job.service.SpringAsyncExecutor] for engine bpmn
2026-06-20 14:40:19 [Thread-7] INFO  o.f.j.s.i.asyncexecutor.AcquireTimerJobsRunnable - starting to acquire async jobs due for engine cmmn
2026-06-20 14:40:19 [Thread-6] INFO  o.f.j.s.i.a.AcquireAsyncJobsDueRunnable - starting to acquire async jobs due for engine cmmn
2026-06-20 14:40:19 [Thread-9] INFO  o.f.j.s.i.a.AcquireAsyncJobsDueRunnable - starting to acquire async jobs due for engine bpmn
2026-06-20 14:40:19 [main] INFO  o.f.s.configurator.DefaultAutoDeploymentStrategy - Deploying resources [file [E:\programs\java_arsenal\permission-system\target\classes\processes\fulfillment-approval.bpmn20.xml], file [E:\programs\java_arsenal\permission-system\target\classes\processes\leave-request.bpmn20.xml]] for engine org.flowable.engine.impl.ProcessEngineImpl@22f5c7b4 deployment name hint SpringBootAutoDeployment
2026-06-20 14:40:19 [Thread-11] INFO  o.f.j.s.i.asyncexecutor.ResetExpiredJobsRunnable - starting to reset expired jobs for engine bpmn
2026-06-20 14:40:19 [Thread-10] INFO  o.f.j.s.i.asyncexecutor.AcquireTimerJobsRunnable - starting to acquire async jobs due for engine bpmn
2026-06-20 14:40:19 [Thread-5] INFO  com.xxl.job.core.server.EmbedServer - >>>>>>>>>>> xxl-job remoting server start success, nettype = class com.xxl.job.core.server.EmbedServer, port = 9998
2026-06-20 14:40:20 [main] INFO  org.apache.coyote.http11.Http11NioProtocol - Starting ProtocolHandler ["http-nio-13690"]
2026-06-20 14:40:20 [main] INFO  o.s.boot.web.embedded.tomcat.TomcatWebServer - Tomcat started on port 13690 (http) with context path ''
2026-06-20 14:40:20 [main] INFO  org.xiaoxu.PermissionApplication - Started PermissionApplication in 14.131 seconds (process running for 15.762)
2026-06-20 14:40:21 [RMI TCP Connection(1)-192.168.1.2] INFO  o.a.c.core.ContainerBase.[Tomcat].[localhost].[/] - Initializing Spring DispatcherServlet 'dispatcherServlet'
2026-06-20 14:40:21 [RMI TCP Connection(1)-192.168.1.2] INFO  org.springframework.web.servlet.DispatcherServlet - Initializing Servlet 'dispatcherServlet'
2026-06-20 14:40:21 [RMI TCP Connection(1)-192.168.1.2] INFO  org.springframework.web.servlet.DispatcherServlet - Completed initialization in 3 ms
2026-06-20 14:51:13 [http-nio-13690-exec-10] INFO  org.xiaoxu.service.MenuService - 用户[1]的角色IDs: [1]
2026-06-20 14:51:13 [http-nio-13690-exec-10] INFO  org.xiaoxu.service.MenuService - 用户[1]的菜单IDs: [1, 2, 3, 4, 5, 6, 7, 8, 9, 10, 11, 12, 13, 14, 15, 16, 100, 101, 102, 103, 104, 105, 106, 107, 108, 109, 110]
2026-06-20 14:51:53 [http-nio-13690-exec-5] INFO  o.xiaoxu.workflow.service.impl.FlowableServiceImpl - 流程启动成功, processInstanceId: 856ee700-6c74-11f1-9a1f-ca9402dece55
2026-06-20 14:52:00 [http-nio-13690-exec-8] INFO  org.xiaoxu.service.MenuService - 用户[3]的角色IDs: [10]
2026-06-20 14:52:00 [http-nio-13690-exec-8] INFO  org.xiaoxu.service.MenuService - 用户[3]的菜单IDs: [100, 101, 104, 105]
2026-06-20 14:52:31 [http-nio-13690-exec-1] INFO  o.xiaoxu.workflow.service.impl.FlowableServiceImpl - 用户 manager 自动认领任务 8577c0a7-6c74-11f1-9a1f-ca9402dece55
2026-06-20 14:52:31 [http-nio-13690-exec-1] INFO  o.xiaoxu.workflow.service.impl.FlowableServiceImpl - 任务完成, taskId: 8577c0a7-6c74-11f1-9a1f-ca9402dece55
2026-06-20 14:52:36 [http-nio-13690-exec-3] INFO  org.xiaoxu.service.MenuService - 用户[4]的角色IDs: [11]
2026-06-20 14:52:36 [http-nio-13690-exec-3] INFO  org.xiaoxu.service.MenuService - 用户[4]的菜单IDs: [100, 101, 104, 105]
2026-06-20 14:52:51 [http-nio-13690-exec-1] INFO  o.xiaoxu.workflow.service.impl.FlowableServiceImpl - 用户 director 自动认领任务 9c49bb93-6c74-11f1-9a1f-ca9402dece55
2026-06-20 14:52:51 [http-nio-13690-exec-1] INFO  org.xiaoxu.service.EmailService - 邮件发送成功, to=tingqq7@gmail.com, subject=您的履约单已审批驳回
2026-06-20 14:52:51 [http-nio-13690-exec-1] INFO  o.xiaoxu.workflow.service.impl.FlowableServiceImpl - 任务完成, taskId: 9c49bb93-6c74-11f1-9a1f-ca9402dece55
2026-06-20 14:52:52 [http-nio-13690-exec-1] INFO  o.xiaoxu.workflow.service.impl.FlowableServiceImpl - 审批驳回回调完成, processInstanceId=856ee700-6c74-11f1-9a1f-ca9402dece55, key=fulfillment-approval
2026-06-20 14:53:26 [Thread-5] INFO  com.xxl.job.core.server.EmbedServer - >>>>>>>>>>> xxl-job remoting server stop.
2026-06-20 14:53:26 [xxl-job, executor ExecutorRegistryThread] INFO  com.xxl.job.core.thread.ExecutorRegistryThread - >>>>>>>>>>> xxl-job registry-remove success, registryParam:RegistryParam{registryGroup='EXECUTOR', registryKey='permission-job-executor', registryValue='http://192.168.1.2:9998/'}, registryResult:ReturnT [code=200, msg=null, content=null]
2026-06-20 14:53:26 [xxl-job, executor ExecutorRegistryThread] INFO  com.xxl.job.core.thread.ExecutorRegistryThread - >>>>>>>>>>> xxl-job, executor registry thread destroy.
2026-06-20 14:53:26 [SpringApplicationShutdownHook] INFO  com.xxl.job.core.server.EmbedServer - >>>>>>>>>>> xxl-job remoting server destroy success.
2026-06-20 14:53:26 [xxl-job, executor JobLogFileCleanThread] INFO  com.xxl.job.core.thread.JobLogFileCleanThread - >>>>>>>>>>> xxl-job, executor JobLogFileCleanThread thread destroy.
2026-06-20 14:53:26 [xxl-job, executor TriggerCallbackThread] INFO  com.xxl.job.core.thread.TriggerCallbackThread - >>>>>>>>>>> xxl-job, executor callback thread destroy.
2026-06-20 14:53:26 [Thread-4] INFO  com.xxl.job.core.thread.TriggerCallbackThread - >>>>>>>>>>> xxl-job, executor retry callback thread destroy.
2026-06-20 14:53:26 [SpringApplicationShutdownHook] INFO  o.f.j.s.impl.asyncexecutor.AbstractAsyncExecutor - Shutting down the async job executor [org.flowable.spring.job.service.SpringAsyncExecutor] for engine cmmn
2026-06-20 14:53:26 [flowable-cmmn-acquire-timer-jobs] INFO  o.f.j.s.i.asyncexecutor.AcquireTimerJobsRunnable - stopped async job due acquisition for engine cmmn
2026-06-20 14:53:26 [flowable-cmmn-reset-expired-jobs] INFO  o.f.j.s.i.asyncexecutor.ResetExpiredJobsRunnable - stopped resetting expired jobs for engine cmmn
2026-06-20 14:53:26 [flowable-cmmn-acquire-async-jobs] INFO  o.f.j.s.i.a.AcquireAsyncJobsDueRunnable - stopped async job due acquisition for engine cmmn
2026-06-20 14:53:26 [SpringApplicationShutdownHook] INFO  o.f.j.s.impl.asyncexecutor.AbstractAsyncExecutor - Shutting down the async job executor [org.flowable.spring.job.service.SpringAsyncExecutor] for engine bpmn
2026-06-20 14:53:26 [flowable-bpmn-acquire-async-jobs] INFO  o.f.j.s.i.a.AcquireAsyncJobsDueRunnable - stopped async job due acquisition for engine bpmn
2026-06-20 14:53:26 [flowable-bpmn-reset-expired-jobs] INFO  o.f.j.s.i.asyncexecutor.ResetExpiredJobsRunnable - stopped resetting expired jobs for engine bpmn
2026-06-20 14:53:26 [flowable-bpmn-acquire-timer-jobs] INFO  o.f.j.s.i.asyncexecutor.AcquireTimerJobsRunnable - stopped async job due acquisition for engine bpmn
2026-06-20 16:42:56 [background-preinit] INFO  org.hibernate.validator.internal.util.Version - HV000001: Hibernate Validator 8.0.1.Final
2026-06-20 16:42:56 [main] INFO  org.xiaoxu.PermissionApplication - Starting PermissionApplication using Java 17.0.12 with PID 53272 (E:\programs\java_arsenal\permission-system\target\classes started by tingq in E:\programs\java_arsenal)
2026-06-20 16:42:56 [main] INFO  org.xiaoxu.PermissionApplication - The following 1 profile is active: "local"
2026-06-20 16:42:58 [main] INFO  o.s.d.r.config.RepositoryConfigurationDelegate - Multiple Spring Data modules found, entering strict repository configuration mode
2026-06-20 16:42:58 [main] INFO  o.s.d.r.config.RepositoryConfigurationDelegate - Bootstrapping Spring Data Redis repositories in DEFAULT mode.
2026-06-20 16:42:58 [main] INFO  o.s.d.r.config.RepositoryConfigurationDelegate - Finished Spring Data repository scanning in 39 ms. Found 0 Redis repository interfaces.
2026-06-20 16:42:58 [main] WARN  o.s.c.s.PostProcessorRegistrationDelegate$BeanPostProcessorChecker - Bean 'com.alicp.jetcache.anno.config.JetCacheProxyConfiguration' of type [com.alicp.jetcache.anno.config.JetCacheProxyConfiguration$$SpringCGLIB$$0] is not eligible for getting processed by all BeanPostProcessors (for example: not eligible for auto-proxying). Is this bean getting eagerly injected into a currently created BeanPostProcessor [meterRegistryPostProcessor]? Check the corresponding BeanPostProcessor declaration and its dependencies.
2026-06-20 16:42:59 [main] WARN  o.s.c.s.PostProcessorRegistrationDelegate$BeanPostProcessorChecker - Bean 'com.alicp.jetcache.anno.config.CommonConfiguration' of type [com.alicp.jetcache.anno.config.CommonConfiguration$$SpringCGLIB$$0] is not eligible for getting processed by all BeanPostProcessors (for example: not eligible for auto-proxying). Is this bean getting eagerly injected into a currently created BeanPostProcessor [meterRegistryPostProcessor]? Check the corresponding BeanPostProcessor declaration and its dependencies.
2026-06-20 16:42:59 [main] INFO  o.s.boot.web.embedded.tomcat.TomcatWebServer - Tomcat initialized with port 13690 (http)
2026-06-20 16:42:59 [main] INFO  org.apache.coyote.http11.Http11NioProtocol - Initializing ProtocolHandler ["http-nio-13690"]
2026-06-20 16:42:59 [main] INFO  org.apache.catalina.core.StandardService - Starting service [Tomcat]
2026-06-20 16:42:59 [main] INFO  org.apache.catalina.core.StandardEngine - Starting Servlet engine: [Apache Tomcat/10.1.18]
2026-06-20 16:43:00 [main] INFO  o.a.c.core.ContainerBase.[Tomcat].[localhost].[/] - Initializing Spring embedded WebApplicationContext
2026-06-20 16:43:00 [main] INFO  o.s.b.w.s.c.ServletWebServerApplicationContext - Root WebApplicationContext: initialization completed in 3151 ms
2026-06-20 16:43:00 [main] INFO  org.redisson.Version - Redisson 3.24.3
2026-06-20 16:43:00 [redisson-netty-2-5] INFO  o.r.connection.pool.MasterPubSubConnectionPool - 1 connections initialized for 192.168.200.128/192.168.200.128:6379
2026-06-20 16:43:01 [redisson-netty-2-19] INFO  org.redisson.connection.pool.MasterConnectionPool - 24 connections initialized for 192.168.200.128/192.168.200.128:6379
2026-06-20 16:43:02 [main] INFO  org.xiaoxu.service.OssService - OSS 客户端初始化完成, bucket=oss-inshanghai
2026-06-20 16:43:02 [main] INFO  o.xiaoxu.workflow.approval.ApprovalHandlerRegistry - 审批回调注册完成，已注册业务: [fulfillment-approval, leave-request]
2026-06-20 16:43:03 [main] INFO  o.f.spring.boot.cmmn.CmmnEngineAutoConfiguration - No deployment resources were found for autodeployment
2026-06-20 16:43:03 [main] INFO  o.f.spring.boot.dmn.DmnEngineAutoConfiguration - No deployment resources were found for autodeployment
2026-06-20 16:43:03 [main] INFO  o.f.s.b.e.EventRegistryAutoConfiguration - No deployment resources were found for autodeployment
2026-06-20 16:43:03 [main] INFO  o.f.spring.boot.app.AppEngineAutoConfiguration - No deployment resources were found for autodeployment
2026-06-20 16:43:03 [main] INFO  o.flowable.app.spring.SpringAppEngineConfiguration - Found 5 Engine Configurators in total:
2026-06-20 16:43:03 [main] INFO  o.flowable.app.spring.SpringAppEngineConfiguration - class org.flowable.engine.spring.configurator.SpringProcessEngineConfigurator (priority:50000)
2026-06-20 16:43:03 [main] INFO  o.flowable.app.spring.SpringAppEngineConfiguration - class org.flowable.eventregistry.spring.configurator.SpringEventRegistryConfigurator (priority:100000)
2026-06-20 16:43:03 [main] INFO  o.flowable.app.spring.SpringAppEngineConfiguration - class org.flowable.idm.spring.configurator.SpringIdmEngineConfigurator (priority:150000)
2026-06-20 16:43:03 [main] INFO  o.flowable.app.spring.SpringAppEngineConfiguration - class org.flowable.dmn.spring.configurator.SpringDmnEngineConfigurator (priority:200000)
2026-06-20 16:43:03 [main] INFO  o.flowable.app.spring.SpringAppEngineConfiguration - class org.flowable.cmmn.spring.configurator.SpringCmmnEngineConfigurator (priority:500000)
2026-06-20 16:43:03 [main] INFO  o.flowable.app.spring.SpringAppEngineConfiguration - Executing beforeInit() of class org.flowable.engine.spring.configurator.SpringProcessEngineConfigurator (priority:50000)
2026-06-20 16:43:03 [main] INFO  o.flowable.app.spring.SpringAppEngineConfiguration - Executing beforeInit() of class org.flowable.eventregistry.spring.configurator.SpringEventRegistryConfigurator (priority:100000)
2026-06-20 16:43:03 [main] INFO  o.flowable.app.spring.SpringAppEngineConfiguration - Executing beforeInit() of class org.flowable.idm.spring.configurator.SpringIdmEngineConfigurator (priority:150000)
2026-06-20 16:43:03 [main] INFO  o.flowable.app.spring.SpringAppEngineConfiguration - Executing beforeInit() of class org.flowable.dmn.spring.configurator.SpringDmnEngineConfigurator (priority:200000)
2026-06-20 16:43:03 [main] INFO  o.flowable.app.spring.SpringAppEngineConfiguration - Executing beforeInit() of class org.flowable.cmmn.spring.configurator.SpringCmmnEngineConfigurator (priority:500000)
2026-06-20 16:43:03 [main] INFO  com.zaxxer.hikari.HikariDataSource - HikariPool-1 - Starting...
2026-06-20 16:43:03 [main] INFO  com.zaxxer.hikari.pool.HikariPool - HikariPool-1 - Added connection com.mysql.cj.jdbc.ConnectionImpl@67231d8d
2026-06-20 16:43:03 [main] INFO  com.zaxxer.hikari.HikariDataSource - HikariPool-1 - Start completed.
2026-06-20 16:43:04 [main] INFO  o.flowable.app.spring.SpringAppEngineConfiguration - Executing configure() of class org.flowable.engine.spring.configurator.SpringProcessEngineConfigurator (priority:50000)
2026-06-20 16:43:05 [main] INFO  org.flowable.engine.impl.ProcessEngineImpl - ProcessEngine default created
2026-06-20 16:43:05 [main] INFO  o.flowable.engine.impl.cmd.ValidateV5EntitiesCmd - Total of v5 deployments found: 0
2026-06-20 16:43:05 [main] INFO  o.flowable.app.spring.SpringAppEngineConfiguration - Executing configure() of class org.flowable.eventregistry.spring.configurator.SpringEventRegistryConfigurator (priority:100000)
2026-06-20 16:43:06 [main] INFO  liquibase.changelog - Reading from `2026mysql_ds`.FLW_EV_DATABASECHANGELOG
2026-06-20 16:43:06 [main] INFO  liquibase.changelog - Reading from `2026mysql_ds`.FLW_EV_DATABASECHANGELOG
2026-06-20 16:43:06 [main] INFO  liquibase.util - UPDATE SUMMARY
2026-06-20 16:43:06 [main] INFO  liquibase.util - Run:                          0
2026-06-20 16:43:06 [main] INFO  liquibase.util - Previously run:               3
2026-06-20 16:43:06 [main] INFO  liquibase.util - Filtered out:                 0
2026-06-20 16:43:06 [main] INFO  liquibase.util - -------------------------------
2026-06-20 16:43:06 [main] INFO  liquibase.util - Total change sets:            3
2026-06-20 16:43:06 [main] INFO  liquibase.util - Update summary generated
2026-06-20 16:43:06 [main] INFO  liquibase.lockservice - Successfully released change log lock
2026-06-20 16:43:06 [main] INFO  liquibase.command - Command execution complete
2026-06-20 16:43:06 [main] INFO  o.f.eventregistry.impl.EventRegistryEngineImpl - EventRegistryEngine default created
2026-06-20 16:43:06 [main] INFO  o.flowable.app.spring.SpringAppEngineConfiguration - Executing configure() of class org.flowable.idm.spring.configurator.SpringIdmEngineConfigurator (priority:150000)
2026-06-20 16:43:06 [main] INFO  org.flowable.idm.engine.impl.IdmEngineImpl - IdmEngine default created
2026-06-20 16:43:06 [main] INFO  o.flowable.app.spring.SpringAppEngineConfiguration - Executing configure() of class org.flowable.dmn.spring.configurator.SpringDmnEngineConfigurator (priority:200000)
2026-06-20 16:43:06 [main] INFO  liquibase.changelog - Reading from `2026mysql_ds`.ACT_DMN_DATABASECHANGELOG
2026-06-20 16:43:06 [main] INFO  liquibase.changelog - Reading from `2026mysql_ds`.ACT_DMN_DATABASECHANGELOG
2026-06-20 16:43:06 [main] INFO  liquibase.util - UPDATE SUMMARY
2026-06-20 16:43:06 [main] INFO  liquibase.util - Run:                          0
2026-06-20 16:43:06 [main] INFO  liquibase.util - Previously run:               9
2026-06-20 16:43:06 [main] INFO  liquibase.util - Filtered out:                 0
2026-06-20 16:43:06 [main] INFO  liquibase.util - -------------------------------
2026-06-20 16:43:06 [main] INFO  liquibase.util - Total change sets:            9
2026-06-20 16:43:06 [main] INFO  liquibase.util - Update summary generated
2026-06-20 16:43:06 [main] INFO  liquibase.lockservice - Successfully released change log lock
2026-06-20 16:43:06 [main] INFO  liquibase.command - Command execution complete
2026-06-20 16:43:06 [main] INFO  org.flowable.dmn.engine.impl.DmnEngineImpl - DmnEngine default created
2026-06-20 16:43:06 [main] INFO  o.flowable.app.spring.SpringAppEngineConfiguration - Executing configure() of class org.flowable.cmmn.spring.configurator.SpringCmmnEngineConfigurator (priority:500000)
2026-06-20 16:43:07 [main] INFO  liquibase.changelog - Reading from `2026mysql_ds`.ACT_CMMN_DATABASECHANGELOG
2026-06-20 16:43:07 [main] INFO  liquibase.changelog - Reading from `2026mysql_ds`.ACT_CMMN_DATABASECHANGELOG
2026-06-20 16:43:07 [main] INFO  liquibase.util - UPDATE SUMMARY
2026-06-20 16:43:07 [main] INFO  liquibase.util - Run:                          0
2026-06-20 16:43:07 [main] INFO  liquibase.util - Previously run:              16
2026-06-20 16:43:07 [main] INFO  liquibase.util - Filtered out:                 1
2026-06-20 16:43:07 [main] INFO  liquibase.util - -------------------------------
2026-06-20 16:43:07 [main] INFO  liquibase.util - Total change sets:           17
2026-06-20 16:43:07 [main] INFO  liquibase.util - FILTERED CHANGE SETS SUMMARY
2026-06-20 16:43:07 [main] INFO  liquibase.util - DBMS mismatch:                1
2026-06-20 16:43:07 [main] INFO  liquibase.util - Update summary generated
2026-06-20 16:43:07 [main] INFO  liquibase.lockservice - Successfully released change log lock
2026-06-20 16:43:07 [main] INFO  liquibase.command - Command execution complete
2026-06-20 16:43:07 [main] INFO  org.flowable.cmmn.engine.impl.CmmnEngineImpl - CmmnEngine default created
2026-06-20 16:43:07 [main] INFO  liquibase.changelog - Reading from `2026mysql_ds`.ACT_APP_DATABASECHANGELOG
2026-06-20 16:43:07 [main] INFO  liquibase.changelog - Reading from `2026mysql_ds`.ACT_APP_DATABASECHANGELOG
2026-06-20 16:43:07 [main] INFO  liquibase.util - UPDATE SUMMARY
2026-06-20 16:43:07 [main] INFO  liquibase.util - Run:                          0
2026-06-20 16:43:07 [main] INFO  liquibase.util - Previously run:               3
2026-06-20 16:43:07 [main] INFO  liquibase.util - Filtered out:                 0
2026-06-20 16:43:07 [main] INFO  liquibase.util - -------------------------------
2026-06-20 16:43:07 [main] INFO  liquibase.util - Total change sets:            3
2026-06-20 16:43:07 [main] INFO  liquibase.util - Update summary generated
2026-06-20 16:43:07 [main] INFO  liquibase.lockservice - Successfully released change log lock
2026-06-20 16:43:07 [main] INFO  liquibase.command - Command execution complete
2026-06-20 16:43:07 [main] INFO  org.flowable.app.engine.impl.AppEngineImpl - AppEngine default created
2026-06-20 16:43:07 [main] INFO  o.s.b.actuate.endpoint.web.EndpointLinksResolver - Exposing 1 endpoint(s) beneath base path '/actuator'
2026-06-20 16:43:07 [main] INFO  o.s.security.web.DefaultSecurityFilterChain - Will secure any request with [org.springframework.security.web.session.DisableEncodeUrlFilter@7d2ffe0c, org.springframework.security.web.context.request.async.WebAsyncManagerIntegrationFilter@2d3c3789, org.springframework.security.web.context.SecurityContextHolderFilter@1f13276a, org.springframework.security.web.header.HeaderWriterFilter@59a77f44, org.springframework.web.filter.CorsFilter@7a6b214c, org.springframework.security.web.authentication.logout.LogoutFilter@51035e21, org.xiaoxu.auth.TokenAuthenticationFilter@2f7d8a7c, org.springframework.security.web.savedrequest.RequestCacheAwareFilter@2df9c215, org.springframework.security.web.servletapi.SecurityContextHolderAwareRequestFilter@45cc0dda, org.springframework.security.web.authentication.AnonymousAuthenticationFilter@17307576, org.springframework.security.web.session.SessionManagementFilter@63941b57, org.springframework.security.web.access.ExceptionTranslationFilter@5612f4eb, org.springframework.security.web.access.intercept.AuthorizationFilter@70eec13e]
2026-06-20 16:43:08 [main] INFO  com.xxl.job.core.executor.XxlJobExecutor - >>>>>>>>>>> xxl-job register jobhandler success, name:sendLeaveApprovalNotify, jobHandler:com.xxl.job.core.handler.impl.MethodJobHandler@5cff8a87[class org.xiaoxu.workflow.job.ApprovalNotifyJobHandler#sendLeaveApprovalNotify]
2026-06-20 16:43:08 [main] INFO  com.xxl.job.core.executor.XxlJobExecutor - >>>>>>>>>>> xxl-job register jobhandler success, name:sendFulfillmentApprovalNotify, jobHandler:com.xxl.job.core.handler.impl.MethodJobHandler@4593d01d[class org.xiaoxu.workflow.job.ApprovalNotifyJobHandler#sendFulfillmentApprovalNotify]
2026-06-20 16:43:08 [main] INFO  o.f.j.s.impl.asyncexecutor.AbstractAsyncExecutor - Starting up the async job executor [org.flowable.spring.job.service.SpringAsyncExecutor] for engine cmmn
2026-06-20 16:43:09 [Thread-8] INFO  o.f.j.s.i.asyncexecutor.ResetExpiredJobsRunnable - starting to reset expired jobs for engine cmmn
2026-06-20 16:43:09 [main] INFO  o.f.j.s.impl.asyncexecutor.AbstractAsyncExecutor - Starting up the async job executor [org.flowable.spring.job.service.SpringAsyncExecutor] for engine bpmn
2026-06-20 16:43:09 [Thread-7] INFO  o.f.j.s.i.asyncexecutor.AcquireTimerJobsRunnable - starting to acquire async jobs due for engine cmmn
2026-06-20 16:43:09 [Thread-6] INFO  o.f.j.s.i.a.AcquireAsyncJobsDueRunnable - starting to acquire async jobs due for engine cmmn
2026-06-20 16:43:09 [Thread-11] INFO  o.f.j.s.i.asyncexecutor.ResetExpiredJobsRunnable - starting to reset expired jobs for engine bpmn
2026-06-20 16:43:09 [main] INFO  o.f.s.configurator.DefaultAutoDeploymentStrategy - Deploying resources [file [E:\programs\java_arsenal\permission-system\target\classes\processes\fulfillment-approval.bpmn20.xml], file [E:\programs\java_arsenal\permission-system\target\classes\processes\leave-request.bpmn20.xml]] for engine org.flowable.engine.impl.ProcessEngineImpl@78d7f0fd deployment name hint SpringBootAutoDeployment
2026-06-20 16:43:09 [Thread-10] INFO  o.f.j.s.i.asyncexecutor.AcquireTimerJobsRunnable - starting to acquire async jobs due for engine bpmn
2026-06-20 16:43:09 [Thread-9] INFO  o.f.j.s.i.a.AcquireAsyncJobsDueRunnable - starting to acquire async jobs due for engine bpmn
2026-06-20 16:43:09 [main] INFO  org.apache.coyote.http11.Http11NioProtocol - Starting ProtocolHandler ["http-nio-13690"]
2026-06-20 16:43:09 [main] INFO  o.s.boot.web.embedded.tomcat.TomcatWebServer - Tomcat started on port 13690 (http) with context path ''
2026-06-20 16:43:09 [Thread-5] INFO  com.xxl.job.core.server.EmbedServer - >>>>>>>>>>> xxl-job remoting server start success, nettype = class com.xxl.job.core.server.EmbedServer, port = 9998
2026-06-20 16:43:09 [main] INFO  org.xiaoxu.PermissionApplication - Started PermissionApplication in 13.195 seconds (process running for 14.697)
2026-06-20 16:43:09 [RMI TCP Connection(1)-192.168.1.2] INFO  o.a.c.core.ContainerBase.[Tomcat].[localhost].[/] - Initializing Spring DispatcherServlet 'dispatcherServlet'
2026-06-20 16:43:09 [RMI TCP Connection(1)-192.168.1.2] INFO  org.springframework.web.servlet.DispatcherServlet - Initializing Servlet 'dispatcherServlet'
2026-06-20 16:43:09 [RMI TCP Connection(1)-192.168.1.2] INFO  org.springframework.web.servlet.DispatcherServlet - Completed initialization in 2 ms
2026-06-20 16:44:07 [http-nio-13690-exec-9] INFO  org.xiaoxu.service.MenuService - 用户[1]的角色IDs: [1]
2026-06-20 16:44:07 [http-nio-13690-exec-9] INFO  org.xiaoxu.service.MenuService - 用户[1]的菜单IDs: [1, 2, 3, 4, 5, 6, 7, 8, 9, 10, 11, 12, 13, 14, 15, 16, 100, 101, 102, 103, 104, 105, 106, 107, 108, 109, 110]
2026-06-20 16:45:13 [http-nio-13690-exec-4] INFO  org.xiaoxu.service.MenuService - 用户[1]的角色IDs: [1]
2026-06-20 16:45:13 [http-nio-13690-exec-4] INFO  org.xiaoxu.service.MenuService - 用户[1]的菜单IDs: [1, 2, 3, 4, 5, 6, 7, 8, 9, 10, 11, 12, 13, 14, 15, 16, 100, 101, 102, 103, 104, 105, 106, 107, 108, 109, 110]
2026-06-20 16:46:49 [http-nio-13690-exec-8] INFO  org.xiaoxu.service.MenuService - 用户[1]的角色IDs: [1]
2026-06-20 16:46:49 [http-nio-13690-exec-8] INFO  org.xiaoxu.service.MenuService - 用户[1]的菜单IDs: [1, 2, 3, 4, 5, 6, 7, 8, 9, 10, 11, 12, 13, 14, 15, 16, 100, 101, 102, 103, 104, 105, 106, 107, 108, 109, 110]
2026-06-20 16:47:23 [http-nio-13690-exec-5] INFO  org.xiaoxu.service.MenuService - 用户[1]的角色IDs: [1]
2026-06-20 16:47:23 [http-nio-13690-exec-5] INFO  org.xiaoxu.service.MenuService - 用户[1]的菜单IDs: [1, 2, 3, 4, 5, 6, 7, 8, 9, 10, 11, 12, 13, 14, 15, 16, 100, 101, 102, 103, 104, 105, 106, 107, 108, 109, 110]
2026-06-20 16:47:24 [http-nio-13690-exec-10] INFO  org.xiaoxu.service.MenuService - 用户[1]的角色IDs: [1]
2026-06-20 16:47:24 [http-nio-13690-exec-10] INFO  org.xiaoxu.service.MenuService - 用户[1]的菜单IDs: [1, 2, 3, 4, 5, 6, 7, 8, 9, 10, 11, 12, 13, 14, 15, 16, 100, 101, 102, 103, 104, 105, 106, 107, 108, 109, 110]
2026-06-20 16:47:30 [http-nio-13690-exec-1] INFO  org.xiaoxu.service.MenuService - 用户[1]的角色IDs: [1]
2026-06-20 16:47:30 [http-nio-13690-exec-1] INFO  org.xiaoxu.service.MenuService - 用户[1]的菜单IDs: [1, 2, 3, 4, 5, 6, 7, 8, 9, 10, 11, 12, 13, 14, 15, 16, 100, 101, 102, 103, 104, 105, 106, 107, 108, 109, 110]
2026-06-20 16:47:51 [http-nio-13690-exec-10] INFO  org.xiaoxu.service.MenuService - 用户[1]的角色IDs: [1]
2026-06-20 16:47:51 [http-nio-13690-exec-10] INFO  org.xiaoxu.service.MenuService - 用户[1]的菜单IDs: [1, 2, 3, 4, 5, 6, 7, 8, 9, 10, 11, 12, 13, 14, 15, 16, 100, 101, 102, 103, 104, 105, 106, 107, 108, 109, 110]
2026-06-20 16:48:02 [http-nio-13690-exec-6] INFO  org.xiaoxu.service.MenuService - 用户[1]的角色IDs: [1]
2026-06-20 16:48:02 [http-nio-13690-exec-6] INFO  org.xiaoxu.service.MenuService - 用户[1]的菜单IDs: [1, 2, 3, 4, 5, 6, 7, 8, 9, 10, 11, 12, 13, 14, 15, 16, 100, 101, 102, 103, 104, 105, 106, 107, 108, 109, 110]
2026-06-20 16:49:19 [http-nio-13690-exec-6] WARN  org.xiaoxu.auth.TokenAuthenticationFilter - Token 已失效: Redis 中不存在该 token
2026-06-20 16:49:19 [http-nio-13690-exec-5] WARN  org.xiaoxu.auth.TokenAuthenticationFilter - Token 已失效: Redis 中不存在该 token
2026-06-20 16:49:21 [http-nio-13690-exec-9] INFO  org.xiaoxu.service.MenuService - 用户[1]的角色IDs: [1]
2026-06-20 16:49:21 [http-nio-13690-exec-9] INFO  org.xiaoxu.service.MenuService - 用户[1]的菜单IDs: [1, 2, 3, 4, 5, 6, 7, 8, 9, 10, 11, 12, 13, 14, 15, 16, 100, 101, 102, 103, 104, 105, 106, 107, 108, 109, 110]
2026-06-20 16:49:28 [http-nio-13690-exec-3] INFO  org.xiaoxu.service.MenuService - 用户[1]的角色IDs: [1]
2026-06-20 16:49:28 [http-nio-13690-exec-3] INFO  org.xiaoxu.service.MenuService - 用户[1]的菜单IDs: [1, 2, 3, 4, 5, 6, 7, 8, 9, 10, 11, 12, 13, 14, 15, 16, 100, 101, 102, 103, 104, 105, 106, 107, 108, 109, 110]
2026-06-20 16:49:48 [http-nio-13690-exec-9] WARN  org.xiaoxu.auth.TokenAuthenticationFilter - Token 已失效: Redis 中不存在该 token
2026-06-20 16:49:48 [http-nio-13690-exec-8] WARN  org.xiaoxu.auth.TokenAuthenticationFilter - Token 已失效: Redis 中不存在该 token
2026-06-20 16:49:50 [http-nio-13690-exec-7] INFO  org.xiaoxu.service.MenuService - 用户[1]的角色IDs: [1]
2026-06-20 16:49:50 [http-nio-13690-exec-7] INFO  org.xiaoxu.service.MenuService - 用户[1]的菜单IDs: [1, 2, 3, 4, 5, 6, 7, 8, 9, 10, 11, 12, 13, 14, 15, 16, 100, 101, 102, 103, 104, 105, 106, 107, 108, 109, 110, 120]
2026-06-20 16:50:17 [http-nio-13690-exec-7] INFO  org.xiaoxu.service.MenuService - 用户[1]的角色IDs: [1]
2026-06-20 16:50:17 [http-nio-13690-exec-7] INFO  org.xiaoxu.service.MenuService - 用户[1]的菜单IDs: [1, 2, 3, 4, 5, 6, 7, 8, 9, 10, 11, 12, 13, 14, 15, 16, 100, 101, 102, 103, 104, 105, 106, 107, 108, 109, 110, 120]
2026-06-20 16:50:54 [http-nio-13690-exec-4] INFO  org.xiaoxu.service.MenuService - 用户[1]的角色IDs: [1]
2026-06-20 16:50:54 [http-nio-13690-exec-4] INFO  org.xiaoxu.service.MenuService - 用户[1]的菜单IDs: [1, 2, 3, 4, 5, 6, 7, 8, 9, 10, 11, 12, 13, 14, 15, 16, 100, 101, 102, 103, 104, 105, 106, 107, 108, 109, 110, 120]
2026-06-20 16:51:07 [http-nio-13690-exec-6] INFO  org.xiaoxu.service.MenuService - 用户[1]的角色IDs: [1]
2026-06-20 16:51:07 [http-nio-13690-exec-6] INFO  org.xiaoxu.service.MenuService - 用户[1]的菜单IDs: [1, 2, 3, 4, 5, 6, 7, 8, 9, 10, 11, 12, 13, 14, 15, 16, 100, 101, 102, 103, 104, 105, 106, 107, 108, 109, 110, 120]
2026-06-20 17:16:26 [http-nio-13690-exec-8] INFO  org.xiaoxu.service.MenuService - 用户[1]的角色IDs: [1]
2026-06-20 17:16:26 [http-nio-13690-exec-8] INFO  org.xiaoxu.service.MenuService - 用户[1]的菜单IDs: [1, 2, 3, 4, 5, 6, 7, 8, 9, 10, 11, 12, 13, 14, 15, 16, 100, 101, 102, 103, 104, 105, 106, 107, 108, 109, 110, 120]
2026-06-20 17:22:22 [http-nio-13690-exec-7] INFO  org.xiaoxu.service.MenuService - 用户[1]的角色IDs: [1]
2026-06-20 17:22:22 [http-nio-13690-exec-7] INFO  org.xiaoxu.service.MenuService - 用户[1]的菜单IDs: [1, 2, 3, 4, 5, 6, 7, 8, 9, 10, 11, 12, 13, 14, 15, 16, 100, 101, 102, 103, 104, 105, 106, 107, 108, 109, 110, 120]
2026-06-20 17:22:36 [http-nio-13690-exec-3] INFO  org.xiaoxu.service.MenuService - 用户[1]的角色IDs: [1]
2026-06-20 17:22:36 [http-nio-13690-exec-3] INFO  org.xiaoxu.service.MenuService - 用户[1]的菜单IDs: [1, 2, 3, 4, 5, 6, 7, 8, 9, 10, 11, 12, 13, 14, 15, 16, 100, 101, 102, 103, 104, 105, 106, 107, 108, 109, 110, 120]
2026-06-20 17:25:32 [http-nio-13690-exec-10] INFO  org.xiaoxu.service.MenuService - 用户[1]的角色IDs: [1]
2026-06-20 17:25:32 [http-nio-13690-exec-10] INFO  org.xiaoxu.service.MenuService - 用户[1]的菜单IDs: [1, 2, 3, 4, 5, 6, 7, 8, 9, 10, 11, 12, 13, 14, 15, 16, 100, 101, 102, 103, 104, 105, 106, 107, 108, 109, 110, 120]
2026-06-20 17:26:54 [http-nio-13690-exec-8] INFO  org.xiaoxu.service.MenuService - 用户[1]的角色IDs: [1]
2026-06-20 17:26:54 [http-nio-13690-exec-8] INFO  org.xiaoxu.service.MenuService - 用户[1]的菜单IDs: [1, 2, 3, 4, 5, 6, 7, 8, 9, 10, 11, 12, 13, 14, 15, 16, 100, 101, 102, 103, 104, 105, 106, 107, 108, 109, 110, 120]
2026-06-20 17:31:43 [Thread-5] INFO  com.xxl.job.core.server.EmbedServer - >>>>>>>>>>> xxl-job remoting server stop.
2026-06-20 17:31:43 [xxl-job, executor ExecutorRegistryThread] INFO  com.xxl.job.core.thread.ExecutorRegistryThread - >>>>>>>>>>> xxl-job registry-remove success, registryParam:RegistryParam{registryGroup='EXECUTOR', registryKey='permission-job-executor', registryValue='http://192.168.1.2:9998/'}, registryResult:ReturnT [code=200, msg=null, content=null]
2026-06-20 17:31:43 [xxl-job, executor ExecutorRegistryThread] INFO  com.xxl.job.core.thread.ExecutorRegistryThread - >>>>>>>>>>> xxl-job, executor registry thread destroy.
2026-06-20 17:31:43 [SpringApplicationShutdownHook] INFO  com.xxl.job.core.server.EmbedServer - >>>>>>>>>>> xxl-job remoting server destroy success.
2026-06-20 17:31:43 [xxl-job, executor JobLogFileCleanThread] INFO  com.xxl.job.core.thread.JobLogFileCleanThread - >>>>>>>>>>> xxl-job, executor JobLogFileCleanThread thread destroy.
2026-06-20 17:31:43 [xxl-job, executor TriggerCallbackThread] INFO  com.xxl.job.core.thread.TriggerCallbackThread - >>>>>>>>>>> xxl-job, executor callback thread destroy.
2026-06-20 17:31:43 [Thread-4] INFO  com.xxl.job.core.thread.TriggerCallbackThread - >>>>>>>>>>> xxl-job, executor retry callback thread destroy.
2026-06-20 17:31:43 [SpringApplicationShutdownHook] INFO  o.f.j.s.impl.asyncexecutor.AbstractAsyncExecutor - Shutting down the async job executor [org.flowable.spring.job.service.SpringAsyncExecutor] for engine cmmn
2026-06-20 17:31:43 [flowable-cmmn-acquire-async-jobs] INFO  o.f.j.s.i.a.AcquireAsyncJobsDueRunnable - stopped async job due acquisition for engine cmmn
2026-06-20 17:31:43 [flowable-cmmn-acquire-timer-jobs] INFO  o.f.j.s.i.asyncexecutor.AcquireTimerJobsRunnable - stopped async job due acquisition for engine cmmn
2026-06-20 17:31:43 [flowable-cmmn-reset-expired-jobs] INFO  o.f.j.s.i.asyncexecutor.ResetExpiredJobsRunnable - stopped resetting expired jobs for engine cmmn
2026-06-20 18:44:27 [background-preinit] INFO  org.hibernate.validator.internal.util.Version - HV000001: Hibernate Validator 8.0.1.Final
2026-06-20 18:44:27 [main] INFO  org.xiaoxu.PermissionApplication - Starting PermissionApplication using Java 17.0.12 with PID 18348 (E:\programs\java_arsenal\permission-system\target\classes started by tingq in E:\programs\java_arsenal)
2026-06-20 18:44:27 [main] INFO  org.xiaoxu.PermissionApplication - The following 1 profile is active: "local"
2026-06-20 18:44:30 [main] INFO  o.s.d.r.config.RepositoryConfigurationDelegate - Multiple Spring Data modules found, entering strict repository configuration mode
2026-06-20 18:44:30 [main] INFO  o.s.d.r.config.RepositoryConfigurationDelegate - Bootstrapping Spring Data Redis repositories in DEFAULT mode.
2026-06-20 18:44:30 [main] INFO  o.s.d.r.config.RepositoryConfigurationDelegate - Finished Spring Data repository scanning in 149 ms. Found 0 Redis repository interfaces.
2026-06-20 18:44:31 [main] WARN  o.s.c.s.PostProcessorRegistrationDelegate$BeanPostProcessorChecker - Bean 'com.alicp.jetcache.anno.config.JetCacheProxyConfiguration' of type [com.alicp.jetcache.anno.config.JetCacheProxyConfiguration$$SpringCGLIB$$0] is not eligible for getting processed by all BeanPostProcessors (for example: not eligible for auto-proxying). Is this bean getting eagerly injected into a currently created BeanPostProcessor [meterRegistryPostProcessor]? Check the corresponding BeanPostProcessor declaration and its dependencies.
2026-06-20 18:44:31 [main] WARN  o.s.c.s.PostProcessorRegistrationDelegate$BeanPostProcessorChecker - Bean 'com.alicp.jetcache.anno.config.CommonConfiguration' of type [com.alicp.jetcache.anno.config.CommonConfiguration$$SpringCGLIB$$0] is not eligible for getting processed by all BeanPostProcessors (for example: not eligible for auto-proxying). Is this bean getting eagerly injected into a currently created BeanPostProcessor [meterRegistryPostProcessor]? Check the corresponding BeanPostProcessor declaration and its dependencies.
2026-06-20 18:44:32 [main] INFO  o.s.boot.web.embedded.tomcat.TomcatWebServer - Tomcat initialized with port 13690 (http)
2026-06-20 18:44:32 [main] INFO  org.apache.coyote.http11.Http11NioProtocol - Initializing ProtocolHandler ["http-nio-13690"]
2026-06-20 18:44:32 [main] INFO  org.apache.catalina.core.StandardService - Starting service [Tomcat]
2026-06-20 18:44:32 [main] INFO  org.apache.catalina.core.StandardEngine - Starting Servlet engine: [Apache Tomcat/10.1.18]
2026-06-20 18:44:32 [main] INFO  o.a.c.core.ContainerBase.[Tomcat].[localhost].[/] - Initializing Spring embedded WebApplicationContext
2026-06-20 18:44:32 [main] INFO  o.s.b.w.s.c.ServletWebServerApplicationContext - Root WebApplicationContext: initialization completed in 5130 ms
2026-06-20 18:44:33 [main] INFO  org.redisson.Version - Redisson 3.24.3
2026-06-20 18:44:33 [redisson-netty-2-5] INFO  o.r.connection.pool.MasterPubSubConnectionPool - 1 connections initialized for 192.168.200.128/192.168.200.128:6379
2026-06-20 18:44:33 [redisson-netty-2-19] INFO  org.redisson.connection.pool.MasterConnectionPool - 24 connections initialized for 192.168.200.128/192.168.200.128:6379
2026-06-20 18:44:35 [main] INFO  org.xiaoxu.service.OssService - OSS 客户端初始化完成, bucket=oss-inshanghai
2026-06-20 18:44:35 [main] INFO  o.xiaoxu.workflow.approval.ApprovalHandlerRegistry - 审批回调注册完成，已注册业务: [fulfillment-approval, leave-request]
2026-06-20 18:44:36 [main] INFO  o.f.spring.boot.cmmn.CmmnEngineAutoConfiguration - No deployment resources were found for autodeployment
2026-06-20 18:44:36 [main] INFO  o.f.spring.boot.dmn.DmnEngineAutoConfiguration - No deployment resources were found for autodeployment
2026-06-20 18:44:36 [main] INFO  o.f.s.b.e.EventRegistryAutoConfiguration - No deployment resources were found for autodeployment
2026-06-20 18:44:36 [main] INFO  o.f.spring.boot.app.AppEngineAutoConfiguration - No deployment resources were found for autodeployment
2026-06-20 18:44:36 [main] INFO  o.flowable.app.spring.SpringAppEngineConfiguration - Found 5 Engine Configurators in total:
2026-06-20 18:44:36 [main] INFO  o.flowable.app.spring.SpringAppEngineConfiguration - class org.flowable.engine.spring.configurator.SpringProcessEngineConfigurator (priority:50000)
2026-06-20 18:44:36 [main] INFO  o.flowable.app.spring.SpringAppEngineConfiguration - class org.flowable.eventregistry.spring.configurator.SpringEventRegistryConfigurator (priority:100000)
2026-06-20 18:44:36 [main] INFO  o.flowable.app.spring.SpringAppEngineConfiguration - class org.flowable.idm.spring.configurator.SpringIdmEngineConfigurator (priority:150000)
2026-06-20 18:44:36 [main] INFO  o.flowable.app.spring.SpringAppEngineConfiguration - class org.flowable.dmn.spring.configurator.SpringDmnEngineConfigurator (priority:200000)
2026-06-20 18:44:36 [main] INFO  o.flowable.app.spring.SpringAppEngineConfiguration - class org.flowable.cmmn.spring.configurator.SpringCmmnEngineConfigurator (priority:500000)
2026-06-20 18:44:36 [main] INFO  o.flowable.app.spring.SpringAppEngineConfiguration - Executing beforeInit() of class org.flowable.engine.spring.configurator.SpringProcessEngineConfigurator (priority:50000)
2026-06-20 18:44:36 [main] INFO  o.flowable.app.spring.SpringAppEngineConfiguration - Executing beforeInit() of class org.flowable.eventregistry.spring.configurator.SpringEventRegistryConfigurator (priority:100000)
2026-06-20 18:44:36 [main] INFO  o.flowable.app.spring.SpringAppEngineConfiguration - Executing beforeInit() of class org.flowable.idm.spring.configurator.SpringIdmEngineConfigurator (priority:150000)
2026-06-20 18:44:36 [main] INFO  o.flowable.app.spring.SpringAppEngineConfiguration - Executing beforeInit() of class org.flowable.dmn.spring.configurator.SpringDmnEngineConfigurator (priority:200000)
2026-06-20 18:44:36 [main] INFO  o.flowable.app.spring.SpringAppEngineConfiguration - Executing beforeInit() of class org.flowable.cmmn.spring.configurator.SpringCmmnEngineConfigurator (priority:500000)
2026-06-20 18:44:36 [main] INFO  com.zaxxer.hikari.HikariDataSource - HikariPool-1 - Starting...
2026-06-20 18:44:37 [main] INFO  com.zaxxer.hikari.pool.HikariPool - HikariPool-1 - Added connection com.mysql.cj.jdbc.ConnectionImpl@20bc72af
2026-06-20 18:44:37 [main] INFO  com.zaxxer.hikari.HikariDataSource - HikariPool-1 - Start completed.
2026-06-20 18:44:38 [main] INFO  o.flowable.app.spring.SpringAppEngineConfiguration - Executing configure() of class org.flowable.engine.spring.configurator.SpringProcessEngineConfigurator (priority:50000)
2026-06-20 18:44:38 [main] INFO  org.flowable.engine.impl.ProcessEngineImpl - ProcessEngine default created
2026-06-20 18:44:39 [main] INFO  o.flowable.engine.impl.cmd.ValidateV5EntitiesCmd - Total of v5 deployments found: 0
2026-06-20 18:44:39 [main] INFO  o.flowable.app.spring.SpringAppEngineConfiguration - Executing configure() of class org.flowable.eventregistry.spring.configurator.SpringEventRegistryConfigurator (priority:100000)
2026-06-20 18:44:40 [main] INFO  liquibase.changelog - Reading from `2026mysql_ds`.FLW_EV_DATABASECHANGELOG
2026-06-20 18:44:40 [main] INFO  liquibase.changelog - Reading from `2026mysql_ds`.FLW_EV_DATABASECHANGELOG
2026-06-20 18:44:40 [main] INFO  liquibase.util - UPDATE SUMMARY
2026-06-20 18:44:40 [main] INFO  liquibase.util - Run:                          0
2026-06-20 18:44:40 [main] INFO  liquibase.util - Previously run:               3
2026-06-20 18:44:40 [main] INFO  liquibase.util - Filtered out:                 0
2026-06-20 18:44:40 [main] INFO  liquibase.util - -------------------------------
2026-06-20 18:44:40 [main] INFO  liquibase.util - Total change sets:            3
2026-06-20 18:44:40 [main] INFO  liquibase.util - Update summary generated
2026-06-20 18:44:40 [main] INFO  liquibase.lockservice - Successfully released change log lock
2026-06-20 18:44:40 [main] INFO  liquibase.command - Command execution complete
2026-06-20 18:44:40 [main] INFO  o.f.eventregistry.impl.EventRegistryEngineImpl - EventRegistryEngine default created
2026-06-20 18:44:40 [main] INFO  o.flowable.app.spring.SpringAppEngineConfiguration - Executing configure() of class org.flowable.idm.spring.configurator.SpringIdmEngineConfigurator (priority:150000)
2026-06-20 18:44:40 [main] INFO  org.flowable.idm.engine.impl.IdmEngineImpl - IdmEngine default created
2026-06-20 18:44:40 [main] INFO  o.flowable.app.spring.SpringAppEngineConfiguration - Executing configure() of class org.flowable.dmn.spring.configurator.SpringDmnEngineConfigurator (priority:200000)
2026-06-20 18:44:40 [main] INFO  liquibase.changelog - Reading from `2026mysql_ds`.ACT_DMN_DATABASECHANGELOG
2026-06-20 18:44:40 [main] INFO  liquibase.changelog - Reading from `2026mysql_ds`.ACT_DMN_DATABASECHANGELOG
2026-06-20 18:44:40 [main] INFO  liquibase.util - UPDATE SUMMARY
2026-06-20 18:44:40 [main] INFO  liquibase.util - Run:                          0
2026-06-20 18:44:40 [main] INFO  liquibase.util - Previously run:               9
2026-06-20 18:44:40 [main] INFO  liquibase.util - Filtered out:                 0
2026-06-20 18:44:40 [main] INFO  liquibase.util - -------------------------------
2026-06-20 18:44:40 [main] INFO  liquibase.util - Total change sets:            9
2026-06-20 18:44:40 [main] INFO  liquibase.util - Update summary generated
2026-06-20 18:44:40 [main] INFO  liquibase.lockservice - Successfully released change log lock
2026-06-20 18:44:40 [main] INFO  liquibase.command - Command execution complete
2026-06-20 18:44:40 [main] INFO  org.flowable.dmn.engine.impl.DmnEngineImpl - DmnEngine default created
2026-06-20 18:44:40 [main] INFO  o.flowable.app.spring.SpringAppEngineConfiguration - Executing configure() of class org.flowable.cmmn.spring.configurator.SpringCmmnEngineConfigurator (priority:500000)
2026-06-20 18:44:41 [main] INFO  liquibase.changelog - Reading from `2026mysql_ds`.ACT_CMMN_DATABASECHANGELOG
2026-06-20 18:44:41 [main] INFO  liquibase.changelog - Reading from `2026mysql_ds`.ACT_CMMN_DATABASECHANGELOG
2026-06-20 18:44:41 [main] INFO  liquibase.util - UPDATE SUMMARY
2026-06-20 18:44:41 [main] INFO  liquibase.util - Run:                          0
2026-06-20 18:44:41 [main] INFO  liquibase.util - Previously run:              16
2026-06-20 18:44:41 [main] INFO  liquibase.util - Filtered out:                 1
2026-06-20 18:44:41 [main] INFO  liquibase.util - -------------------------------
2026-06-20 18:44:41 [main] INFO  liquibase.util - Total change sets:           17
2026-06-20 18:44:41 [main] INFO  liquibase.util - FILTERED CHANGE SETS SUMMARY
2026-06-20 18:44:41 [main] INFO  liquibase.util - DBMS mismatch:                1
2026-06-20 18:44:41 [main] INFO  liquibase.util - Update summary generated
2026-06-20 18:44:41 [main] INFO  liquibase.lockservice - Successfully released change log lock
2026-06-20 18:44:41 [main] INFO  liquibase.command - Command execution complete
2026-06-20 18:44:41 [main] INFO  org.flowable.cmmn.engine.impl.CmmnEngineImpl - CmmnEngine default created
2026-06-20 18:44:41 [main] INFO  liquibase.changelog - Reading from `2026mysql_ds`.ACT_APP_DATABASECHANGELOG
2026-06-20 18:44:41 [main] INFO  liquibase.changelog - Reading from `2026mysql_ds`.ACT_APP_DATABASECHANGELOG
2026-06-20 18:44:41 [main] INFO  liquibase.util - UPDATE SUMMARY
2026-06-20 18:44:41 [main] INFO  liquibase.util - Run:                          0
2026-06-20 18:44:41 [main] INFO  liquibase.util - Previously run:               3
2026-06-20 18:44:41 [main] INFO  liquibase.util - Filtered out:                 0
2026-06-20 18:44:41 [main] INFO  liquibase.util - -------------------------------
2026-06-20 18:44:41 [main] INFO  liquibase.util - Total change sets:            3
2026-06-20 18:44:41 [main] INFO  liquibase.util - Update summary generated
2026-06-20 18:44:41 [main] INFO  liquibase.lockservice - Successfully released change log lock
2026-06-20 18:44:41 [main] INFO  liquibase.command - Command execution complete
2026-06-20 18:44:41 [main] INFO  org.flowable.app.engine.impl.AppEngineImpl - AppEngine default created
2026-06-20 18:44:42 [main] INFO  o.s.b.actuate.endpoint.web.EndpointLinksResolver - Exposing 1 endpoint(s) beneath base path '/actuator'
2026-06-20 18:44:42 [main] INFO  o.s.security.web.DefaultSecurityFilterChain - Will secure any request with [org.springframework.security.web.session.DisableEncodeUrlFilter@2973515a, org.springframework.security.web.context.request.async.WebAsyncManagerIntegrationFilter@593d76, org.springframework.security.web.context.SecurityContextHolderFilter@7f689f96, org.springframework.security.web.header.HeaderWriterFilter@2b25e8c6, org.springframework.web.filter.CorsFilter@4220468, org.springframework.security.web.authentication.logout.LogoutFilter@274946fc, org.xiaoxu.auth.TokenAuthenticationFilter@3f5f79d8, org.springframework.security.web.savedrequest.RequestCacheAwareFilter@37bf398f, org.springframework.security.web.servletapi.SecurityContextHolderAwareRequestFilter@54ed507f, org.springframework.security.web.authentication.AnonymousAuthenticationFilter@42cc5112, org.springframework.security.web.session.SessionManagementFilter@2099e3a8, org.springframework.security.web.access.ExceptionTranslationFilter@35580065, org.springframework.security.web.access.intercept.AuthorizationFilter@64c33723]
2026-06-20 18:44:43 [main] INFO  com.xxl.job.core.executor.XxlJobExecutor - >>>>>>>>>>> xxl-job register jobhandler success, name:sendLeaveApprovalNotify, jobHandler:com.xxl.job.core.handler.impl.MethodJobHandler@7b4a5484[class org.xiaoxu.workflow.job.ApprovalNotifyJobHandler#sendLeaveApprovalNotify]
2026-06-20 18:44:43 [main] INFO  com.xxl.job.core.executor.XxlJobExecutor - >>>>>>>>>>> xxl-job register jobhandler success, name:sendFulfillmentApprovalNotify, jobHandler:com.xxl.job.core.handler.impl.MethodJobHandler@35180504[class org.xiaoxu.workflow.job.ApprovalNotifyJobHandler#sendFulfillmentApprovalNotify]
2026-06-20 18:44:43 [main] INFO  o.f.j.s.impl.asyncexecutor.AbstractAsyncExecutor - Starting up the async job executor [org.flowable.spring.job.service.SpringAsyncExecutor] for engine cmmn
2026-06-20 18:44:43 [Thread-8] INFO  o.f.j.s.i.asyncexecutor.ResetExpiredJobsRunnable - starting to reset expired jobs for engine cmmn
2026-06-20 18:44:43 [main] INFO  o.f.j.s.impl.asyncexecutor.AbstractAsyncExecutor - Starting up the async job executor [org.flowable.spring.job.service.SpringAsyncExecutor] for engine bpmn
2026-06-20 18:44:43 [Thread-7] INFO  o.f.j.s.i.asyncexecutor.AcquireTimerJobsRunnable - starting to acquire async jobs due for engine cmmn
2026-06-20 18:44:43 [Thread-6] INFO  o.f.j.s.i.a.AcquireAsyncJobsDueRunnable - starting to acquire async jobs due for engine cmmn
2026-06-20 18:44:43 [main] INFO  o.f.s.configurator.DefaultAutoDeploymentStrategy - Deploying resources [file [E:\programs\java_arsenal\permission-system\target\classes\processes\fulfillment-approval.bpmn20.xml], file [E:\programs\java_arsenal\permission-system\target\classes\processes\leave-request.bpmn20.xml]] for engine org.flowable.engine.impl.ProcessEngineImpl@48148300 deployment name hint SpringBootAutoDeployment
2026-06-20 18:44:43 [Thread-10] INFO  o.f.j.s.i.asyncexecutor.AcquireTimerJobsRunnable - starting to acquire async jobs due for engine bpmn
2026-06-20 18:44:43 [Thread-9] INFO  o.f.j.s.i.a.AcquireAsyncJobsDueRunnable - starting to acquire async jobs due for engine bpmn
2026-06-20 18:44:43 [Thread-11] INFO  o.f.j.s.i.asyncexecutor.ResetExpiredJobsRunnable - starting to reset expired jobs for engine bpmn
2026-06-20 18:44:43 [main] INFO  org.apache.coyote.http11.Http11NioProtocol - Starting ProtocolHandler ["http-nio-13690"]
2026-06-20 18:44:43 [Thread-5] INFO  com.xxl.job.core.server.EmbedServer - >>>>>>>>>>> xxl-job remoting server start success, nettype = class com.xxl.job.core.server.EmbedServer, port = 9998
2026-06-20 18:44:43 [main] INFO  o.s.boot.web.embedded.tomcat.TomcatWebServer - Tomcat started on port 13690 (http) with context path ''
2026-06-20 18:44:43 [main] INFO  org.xiaoxu.PermissionApplication - Started PermissionApplication in 17.207 seconds (process running for 19.419)
2026-06-20 18:44:44 [RMI TCP Connection(5)-192.168.1.2] INFO  o.a.c.core.ContainerBase.[Tomcat].[localhost].[/] - Initializing Spring DispatcherServlet 'dispatcherServlet'
2026-06-20 18:44:44 [RMI TCP Connection(5)-192.168.1.2] INFO  org.springframework.web.servlet.DispatcherServlet - Initializing Servlet 'dispatcherServlet'
2026-06-20 18:44:44 [RMI TCP Connection(5)-192.168.1.2] INFO  org.springframework.web.servlet.DispatcherServlet - Completed initialization in 2 ms
2026-06-20 18:45:12 [http-nio-13690-exec-4] WARN  org.xiaoxu.auth.TokenAuthenticationFilter - Token 已失效: Redis 中不存在该 token
2026-06-20 18:45:12 [http-nio-13690-exec-3] WARN  org.xiaoxu.auth.TokenAuthenticationFilter - Token 已失效: Redis 中不存在该 token
2026-06-20 18:45:15 [http-nio-13690-exec-1] INFO  org.xiaoxu.service.MenuService - 用户[1]的角色IDs: [1]
2026-06-20 18:45:15 [http-nio-13690-exec-1] INFO  org.xiaoxu.service.MenuService - 用户[1]的菜单IDs: [1, 2, 3, 4, 5, 6, 7, 8, 9, 10, 11, 12, 13, 14, 15, 16, 100, 101, 102, 103, 104, 105, 106, 107, 108, 109, 110, 120]
2026-06-20 18:45:20 [http-nio-13690-exec-3] INFO  org.xiaoxu.service.MenuService - 用户[1]的角色IDs: [1]
2026-06-20 18:45:20 [http-nio-13690-exec-3] INFO  org.xiaoxu.service.MenuService - 用户[1]的菜单IDs: [1, 2, 3, 4, 5, 6, 7, 8, 9, 10, 11, 12, 13, 14, 15, 16, 100, 101, 102, 103, 104, 105, 106, 107, 108, 109, 110, 120]
2026-06-20 18:46:28 [http-nio-13690-exec-1] INFO  org.xiaoxu.service.MenuService - 用户[1]的角色IDs: [1]
2026-06-20 18:46:28 [http-nio-13690-exec-1] INFO  org.xiaoxu.service.MenuService - 用户[1]的菜单IDs: [1, 2, 3, 4, 5, 6, 7, 8, 9, 10, 11, 12, 13, 14, 15, 16, 100, 101, 102, 103, 104, 105, 106, 107, 108, 109, 110, 120]
2026-06-20 18:48:26 [http-nio-13690-exec-4] INFO  org.xiaoxu.service.MenuService - 用户[1]的角色IDs: [1]
2026-06-20 18:48:26 [http-nio-13690-exec-4] INFO  org.xiaoxu.service.MenuService - 用户[1]的菜单IDs: [1, 2, 3, 4, 5, 6, 7, 8, 9, 10, 11, 12, 13, 14, 15, 16, 100, 101, 102, 103, 104, 105, 106, 107, 108, 109, 110, 120]
2026-06-20 18:57:08 [http-nio-13690-exec-1] INFO  org.xiaoxu.service.MenuService - 用户[1]的角色IDs: [1]
2026-06-20 18:57:08 [http-nio-13690-exec-1] INFO  org.xiaoxu.service.MenuService - 用户[1]的菜单IDs: [1, 2, 3, 4, 5, 6, 7, 8, 9, 10, 11, 12, 13, 14, 15, 16, 100, 101, 102, 103, 104, 105, 106, 107, 108, 109, 110, 120]
2026-06-20 18:58:12 [http-nio-13690-exec-2] INFO  org.xiaoxu.service.MenuService - 用户[1]的角色IDs: [1]
2026-06-20 18:58:12 [http-nio-13690-exec-2] INFO  org.xiaoxu.service.MenuService - 用户[1]的菜单IDs: [1, 2, 3, 4, 5, 6, 7, 8, 9, 10, 11, 12, 13, 14, 15, 16, 100, 101, 102, 103, 104, 105, 106, 107, 108, 109, 110, 120]
2026-06-20 19:01:33 [http-nio-13690-exec-8] INFO  org.xiaoxu.service.MenuService - 用户[1]的角色IDs: [1]
2026-06-20 19:01:33 [http-nio-13690-exec-8] INFO  org.xiaoxu.service.MenuService - 用户[1]的菜单IDs: [1, 2, 3, 4, 5, 6, 7, 8, 9, 10, 11, 12, 13, 14, 15, 16, 100, 101, 102, 103, 104, 105, 106, 107, 108, 109, 110, 120]
2026-06-20 19:06:18 [http-nio-13690-exec-4] INFO  org.xiaoxu.service.MenuService - 用户[1]的角色IDs: [1]
2026-06-20 19:06:18 [http-nio-13690-exec-4] INFO  org.xiaoxu.service.MenuService - 用户[1]的菜单IDs: [1, 2, 3, 4, 5, 6, 7, 8, 9, 10, 11, 12, 13, 14, 15, 16, 100, 101, 102, 103, 104, 105, 106, 107, 108, 109, 110, 120]
2026-06-20 19:06:23 [http-nio-13690-exec-7] INFO  org.xiaoxu.service.MenuService - 用户[1]的角色IDs: [1]
2026-06-20 19:06:23 [http-nio-13690-exec-7] INFO  org.xiaoxu.service.MenuService - 用户[1]的菜单IDs: [1, 2, 3, 4, 5, 6, 7, 8, 9, 10, 11, 12, 13, 14, 15, 16, 100, 101, 102, 103, 104, 105, 106, 107, 108, 109, 110, 120]
2026-06-20 19:06:30 [http-nio-13690-exec-3] INFO  org.xiaoxu.service.MenuService - 用户[1]的角色IDs: [1]
2026-06-20 19:06:30 [http-nio-13690-exec-3] INFO  org.xiaoxu.service.MenuService - 用户[1]的菜单IDs: [1, 2, 3, 4, 5, 6, 7, 8, 9, 10, 11, 12, 13, 14, 15, 16, 100, 101, 102, 103, 104, 105, 106, 107, 108, 109, 110, 120]
2026-06-20 19:06:30 [http-nio-13690-exec-10] WARN  o.xiaoxu.common.excepiton.GlobalExceptionHandler - 请求的资源不存在 : api/announcement/unread 
2026-06-20 19:06:56 [http-nio-13690-exec-6] INFO  org.xiaoxu.service.MenuService - 用户[1]的角色IDs: [1]
2026-06-20 19:06:56 [http-nio-13690-exec-6] INFO  org.xiaoxu.service.MenuService - 用户[1]的菜单IDs: [1, 2, 3, 4, 5, 6, 7, 8, 9, 10, 11, 12, 13, 14, 15, 16, 100, 101, 102, 103, 104, 105, 106, 107, 108, 109, 110, 120]
2026-06-20 19:06:56 [http-nio-13690-exec-9] WARN  o.xiaoxu.common.excepiton.GlobalExceptionHandler - 请求的资源不存在 : api/announcement/unread 
2026-06-20 19:12:18 [Thread-5] INFO  com.xxl.job.core.server.EmbedServer - >>>>>>>>>>> xxl-job remoting server stop.
2026-06-20 19:12:18 [xxl-job, executor ExecutorRegistryThread] INFO  com.xxl.job.core.thread.ExecutorRegistryThread - >>>>>>>>>>> xxl-job registry-remove success, registryParam:RegistryParam{registryGroup='EXECUTOR', registryKey='permission-job-executor', registryValue='http://192.168.1.2:9998/'}, registryResult:ReturnT [code=200, msg=null, content=null]
2026-06-20 19:12:18 [xxl-job, executor ExecutorRegistryThread] INFO  com.xxl.job.core.thread.ExecutorRegistryThread - >>>>>>>>>>> xxl-job, executor registry thread destroy.
2026-06-20 19:12:18 [SpringApplicationShutdownHook] INFO  com.xxl.job.core.server.EmbedServer - >>>>>>>>>>> xxl-job remoting server destroy success.
2026-06-20 19:12:18 [xxl-job, executor JobLogFileCleanThread] INFO  com.xxl.job.core.thread.JobLogFileCleanThread - >>>>>>>>>>> xxl-job, executor JobLogFileCleanThread thread destroy.
2026-06-20 19:12:18 [xxl-job, executor TriggerCallbackThread] INFO  com.xxl.job.core.thread.TriggerCallbackThread - >>>>>>>>>>> xxl-job, executor callback thread destroy.
2026-06-20 19:12:18 [Thread-4] INFO  com.xxl.job.core.thread.TriggerCallbackThread - >>>>>>>>>>> xxl-job, executor retry callback thread destroy.
2026-06-20 19:12:18 [SpringApplicationShutdownHook] INFO  o.f.j.s.impl.asyncexecutor.AbstractAsyncExecutor - Shutting down the async job executor [org.flowable.spring.job.service.SpringAsyncExecutor] for engine cmmn
2026-06-20 19:12:18 [flowable-cmmn-acquire-timer-jobs] INFO  o.f.j.s.i.asyncexecutor.AcquireTimerJobsRunnable - stopped async job due acquisition for engine cmmn
2026-06-20 19:12:18 [flowable-cmmn-acquire-async-jobs] INFO  o.f.j.s.i.a.AcquireAsyncJobsDueRunnable - stopped async job due acquisition for engine cmmn
2026-06-20 19:12:18 [flowable-cmmn-reset-expired-jobs] INFO  o.f.j.s.i.asyncexecutor.ResetExpiredJobsRunnable - stopped resetting expired jobs for engine cmmn
2026-06-20 19:12:18 [SpringApplicationShutdownHook] INFO  o.f.j.s.impl.asyncexecutor.AbstractAsyncExecutor - Shutting down the async job executor [org.flowable.spring.job.service.SpringAsyncExecutor] for engine bpmn
2026-06-20 19:12:18 [flowable-bpmn-acquire-timer-jobs] INFO  o.f.j.s.i.asyncexecutor.AcquireTimerJobsRunnable - stopped async job due acquisition for engine bpmn
2026-06-20 19:12:18 [flowable-bpmn-reset-expired-jobs] INFO  o.f.j.s.i.asyncexecutor.ResetExpiredJobsRunnable - stopped resetting expired jobs for engine bpmn
2026-06-20 19:12:18 [flowable-bpmn-acquire-async-jobs] INFO  o.f.j.s.i.a.AcquireAsyncJobsDueRunnable - stopped async job due acquisition for engine bpmn
2026-06-20 19:12:18 [SpringApplicationShutdownHook] INFO  com.zaxxer.hikari.HikariDataSource - HikariPool-1 - Shutdown initiated...
2026-06-20 19:12:18 [SpringApplicationShutdownHook] INFO  com.zaxxer.hikari.HikariDataSource - HikariPool-1 - Shutdown completed.
2026-06-20 19:12:27 [background-preinit] INFO  org.hibernate.validator.internal.util.Version - HV000001: Hibernate Validator 8.0.1.Final
2026-06-20 19:12:27 [main] INFO  org.xiaoxu.PermissionApplication - Starting PermissionApplication using Java 17.0.12 with PID 54888 (E:\programs\java_arsenal\permission-system\target\classes started by tingq in E:\programs\java_arsenal)
2026-06-20 19:12:27 [main] INFO  org.xiaoxu.PermissionApplication - The following 1 profile is active: "local"
2026-06-20 19:12:29 [main] INFO  o.s.d.r.config.RepositoryConfigurationDelegate - Multiple Spring Data modules found, entering strict repository configuration mode
2026-06-20 19:12:29 [main] INFO  o.s.d.r.config.RepositoryConfigurationDelegate - Bootstrapping Spring Data Redis repositories in DEFAULT mode.
2026-06-20 19:12:29 [main] INFO  o.s.d.r.config.RepositoryConfigurationDelegate - Finished Spring Data repository scanning in 35 ms. Found 0 Redis repository interfaces.
2026-06-20 19:12:29 [main] WARN  o.s.c.s.PostProcessorRegistrationDelegate$BeanPostProcessorChecker - Bean 'com.alicp.jetcache.anno.config.JetCacheProxyConfiguration' of type [com.alicp.jetcache.anno.config.JetCacheProxyConfiguration$$SpringCGLIB$$0] is not eligible for getting processed by all BeanPostProcessors (for example: not eligible for auto-proxying). Is this bean getting eagerly injected into a currently created BeanPostProcessor [meterRegistryPostProcessor]? Check the corresponding BeanPostProcessor declaration and its dependencies.
2026-06-20 19:12:29 [main] WARN  o.s.c.s.PostProcessorRegistrationDelegate$BeanPostProcessorChecker - Bean 'com.alicp.jetcache.anno.config.CommonConfiguration' of type [com.alicp.jetcache.anno.config.CommonConfiguration$$SpringCGLIB$$0] is not eligible for getting processed by all BeanPostProcessors (for example: not eligible for auto-proxying). Is this bean getting eagerly injected into a currently created BeanPostProcessor [meterRegistryPostProcessor]? Check the corresponding BeanPostProcessor declaration and its dependencies.
2026-06-20 19:12:30 [main] INFO  o.s.boot.web.embedded.tomcat.TomcatWebServer - Tomcat initialized with port 13690 (http)
2026-06-20 19:12:30 [main] INFO  org.apache.coyote.http11.Http11NioProtocol - Initializing ProtocolHandler ["http-nio-13690"]
2026-06-20 19:12:30 [main] INFO  org.apache.catalina.core.StandardService - Starting service [Tomcat]
2026-06-20 19:12:30 [main] INFO  org.apache.catalina.core.StandardEngine - Starting Servlet engine: [Apache Tomcat/10.1.18]
2026-06-20 19:12:30 [main] INFO  o.a.c.core.ContainerBase.[Tomcat].[localhost].[/] - Initializing Spring embedded WebApplicationContext
2026-06-20 19:12:30 [main] INFO  o.s.b.w.s.c.ServletWebServerApplicationContext - Root WebApplicationContext: initialization completed in 2951 ms
2026-06-20 19:12:31 [main] INFO  org.redisson.Version - Redisson 3.24.3
2026-06-20 19:12:31 [redisson-netty-2-5] INFO  o.r.connection.pool.MasterPubSubConnectionPool - 1 connections initialized for 192.168.200.128/192.168.200.128:6379
2026-06-20 19:12:31 [redisson-netty-2-19] INFO  org.redisson.connection.pool.MasterConnectionPool - 24 connections initialized for 192.168.200.128/192.168.200.128:6379
2026-06-20 19:12:33 [main] INFO  org.xiaoxu.service.OssService - OSS 客户端初始化完成, bucket=oss-inshanghai
2026-06-20 19:12:33 [main] INFO  o.xiaoxu.workflow.approval.ApprovalHandlerRegistry - 审批回调注册完成，已注册业务: [fulfillment-approval, leave-request]
2026-06-20 19:12:34 [main] INFO  o.f.spring.boot.cmmn.CmmnEngineAutoConfiguration - No deployment resources were found for autodeployment
2026-06-20 19:12:34 [main] INFO  o.f.spring.boot.dmn.DmnEngineAutoConfiguration - No deployment resources were found for autodeployment
2026-06-20 19:12:34 [main] INFO  o.f.s.b.e.EventRegistryAutoConfiguration - No deployment resources were found for autodeployment
2026-06-20 19:12:34 [main] INFO  o.f.spring.boot.app.AppEngineAutoConfiguration - No deployment resources were found for autodeployment
2026-06-20 19:12:34 [main] INFO  o.flowable.app.spring.SpringAppEngineConfiguration - Found 5 Engine Configurators in total:
2026-06-20 19:12:34 [main] INFO  o.flowable.app.spring.SpringAppEngineConfiguration - class org.flowable.engine.spring.configurator.SpringProcessEngineConfigurator (priority:50000)
2026-06-20 19:12:34 [main] INFO  o.flowable.app.spring.SpringAppEngineConfiguration - class org.flowable.eventregistry.spring.configurator.SpringEventRegistryConfigurator (priority:100000)
2026-06-20 19:12:34 [main] INFO  o.flowable.app.spring.SpringAppEngineConfiguration - class org.flowable.idm.spring.configurator.SpringIdmEngineConfigurator (priority:150000)
2026-06-20 19:12:34 [main] INFO  o.flowable.app.spring.SpringAppEngineConfiguration - class org.flowable.dmn.spring.configurator.SpringDmnEngineConfigurator (priority:200000)
2026-06-20 19:12:34 [main] INFO  o.flowable.app.spring.SpringAppEngineConfiguration - class org.flowable.cmmn.spring.configurator.SpringCmmnEngineConfigurator (priority:500000)
2026-06-20 19:12:34 [main] INFO  o.flowable.app.spring.SpringAppEngineConfiguration - Executing beforeInit() of class org.flowable.engine.spring.configurator.SpringProcessEngineConfigurator (priority:50000)
2026-06-20 19:12:34 [main] INFO  o.flowable.app.spring.SpringAppEngineConfiguration - Executing beforeInit() of class org.flowable.eventregistry.spring.configurator.SpringEventRegistryConfigurator (priority:100000)
2026-06-20 19:12:34 [main] INFO  o.flowable.app.spring.SpringAppEngineConfiguration - Executing beforeInit() of class org.flowable.idm.spring.configurator.SpringIdmEngineConfigurator (priority:150000)
2026-06-20 19:12:34 [main] INFO  o.flowable.app.spring.SpringAppEngineConfiguration - Executing beforeInit() of class org.flowable.dmn.spring.configurator.SpringDmnEngineConfigurator (priority:200000)
2026-06-20 19:12:34 [main] INFO  o.flowable.app.spring.SpringAppEngineConfiguration - Executing beforeInit() of class org.flowable.cmmn.spring.configurator.SpringCmmnEngineConfigurator (priority:500000)
2026-06-20 19:12:34 [main] INFO  com.zaxxer.hikari.HikariDataSource - HikariPool-1 - Starting...
2026-06-20 19:12:34 [main] INFO  com.zaxxer.hikari.pool.HikariPool - HikariPool-1 - Added connection com.mysql.cj.jdbc.ConnectionImpl@7d7f49f3
2026-06-20 19:12:34 [main] INFO  com.zaxxer.hikari.HikariDataSource - HikariPool-1 - Start completed.
2026-06-20 19:12:36 [main] INFO  o.flowable.app.spring.SpringAppEngineConfiguration - Executing configure() of class org.flowable.engine.spring.configurator.SpringProcessEngineConfigurator (priority:50000)
2026-06-20 19:12:36 [main] INFO  org.flowable.engine.impl.ProcessEngineImpl - ProcessEngine default created
2026-06-20 19:12:36 [main] INFO  o.flowable.engine.impl.cmd.ValidateV5EntitiesCmd - Total of v5 deployments found: 0
2026-06-20 19:12:36 [main] INFO  o.flowable.app.spring.SpringAppEngineConfiguration - Executing configure() of class org.flowable.eventregistry.spring.configurator.SpringEventRegistryConfigurator (priority:100000)
2026-06-20 19:12:37 [main] INFO  liquibase.changelog - Reading from `2026mysql_ds`.FLW_EV_DATABASECHANGELOG
2026-06-20 19:12:37 [main] INFO  liquibase.changelog - Reading from `2026mysql_ds`.FLW_EV_DATABASECHANGELOG
2026-06-20 19:12:37 [main] INFO  liquibase.util - UPDATE SUMMARY
2026-06-20 19:12:37 [main] INFO  liquibase.util - Run:                          0
2026-06-20 19:12:37 [main] INFO  liquibase.util - Previously run:               3
2026-06-20 19:12:37 [main] INFO  liquibase.util - Filtered out:                 0
2026-06-20 19:12:37 [main] INFO  liquibase.util - -------------------------------
2026-06-20 19:12:37 [main] INFO  liquibase.util - Total change sets:            3
2026-06-20 19:12:37 [main] INFO  liquibase.util - Update summary generated
2026-06-20 19:12:37 [main] INFO  liquibase.lockservice - Successfully released change log lock
2026-06-20 19:12:37 [main] INFO  liquibase.command - Command execution complete
2026-06-20 19:12:37 [main] INFO  o.f.eventregistry.impl.EventRegistryEngineImpl - EventRegistryEngine default created
2026-06-20 19:12:37 [main] INFO  o.flowable.app.spring.SpringAppEngineConfiguration - Executing configure() of class org.flowable.idm.spring.configurator.SpringIdmEngineConfigurator (priority:150000)
2026-06-20 19:12:37 [main] INFO  org.flowable.idm.engine.impl.IdmEngineImpl - IdmEngine default created
2026-06-20 19:12:37 [main] INFO  o.flowable.app.spring.SpringAppEngineConfiguration - Executing configure() of class org.flowable.dmn.spring.configurator.SpringDmnEngineConfigurator (priority:200000)
2026-06-20 19:12:37 [main] INFO  liquibase.changelog - Reading from `2026mysql_ds`.ACT_DMN_DATABASECHANGELOG
2026-06-20 19:12:37 [main] INFO  liquibase.changelog - Reading from `2026mysql_ds`.ACT_DMN_DATABASECHANGELOG
2026-06-20 19:12:37 [main] INFO  liquibase.util - UPDATE SUMMARY
2026-06-20 19:12:37 [main] INFO  liquibase.util - Run:                          0
2026-06-20 19:12:37 [main] INFO  liquibase.util - Previously run:               9
2026-06-20 19:12:37 [main] INFO  liquibase.util - Filtered out:                 0
2026-06-20 19:12:37 [main] INFO  liquibase.util - -------------------------------
2026-06-20 19:12:37 [main] INFO  liquibase.util - Total change sets:            9
2026-06-20 19:12:37 [main] INFO  liquibase.util - Update summary generated
2026-06-20 19:12:37 [main] INFO  liquibase.lockservice - Successfully released change log lock
2026-06-20 19:12:37 [main] INFO  liquibase.command - Command execution complete
2026-06-20 19:12:37 [main] INFO  org.flowable.dmn.engine.impl.DmnEngineImpl - DmnEngine default created
2026-06-20 19:12:37 [main] INFO  o.flowable.app.spring.SpringAppEngineConfiguration - Executing configure() of class org.flowable.cmmn.spring.configurator.SpringCmmnEngineConfigurator (priority:500000)
2026-06-20 19:12:38 [main] INFO  liquibase.changelog - Reading from `2026mysql_ds`.ACT_CMMN_DATABASECHANGELOG
2026-06-20 19:12:38 [main] INFO  liquibase.changelog - Reading from `2026mysql_ds`.ACT_CMMN_DATABASECHANGELOG
2026-06-20 19:12:38 [main] INFO  liquibase.util - UPDATE SUMMARY
2026-06-20 19:12:38 [main] INFO  liquibase.util - Run:                          0
2026-06-20 19:12:38 [main] INFO  liquibase.util - Previously run:              16
2026-06-20 19:12:38 [main] INFO  liquibase.util - Filtered out:                 1
2026-06-20 19:12:38 [main] INFO  liquibase.util - -------------------------------
2026-06-20 19:12:38 [main] INFO  liquibase.util - Total change sets:           17
2026-06-20 19:12:38 [main] INFO  liquibase.util - FILTERED CHANGE SETS SUMMARY
2026-06-20 19:12:38 [main] INFO  liquibase.util - DBMS mismatch:                1
2026-06-20 19:12:38 [main] INFO  liquibase.util - Update summary generated
2026-06-20 19:12:38 [main] INFO  liquibase.lockservice - Successfully released change log lock
2026-06-20 19:12:38 [main] INFO  liquibase.command - Command execution complete
2026-06-20 19:12:38 [main] INFO  org.flowable.cmmn.engine.impl.CmmnEngineImpl - CmmnEngine default created
2026-06-20 19:12:38 [main] INFO  liquibase.changelog - Reading from `2026mysql_ds`.ACT_APP_DATABASECHANGELOG
2026-06-20 19:12:38 [main] INFO  liquibase.changelog - Reading from `2026mysql_ds`.ACT_APP_DATABASECHANGELOG
2026-06-20 19:12:38 [main] INFO  liquibase.util - UPDATE SUMMARY
2026-06-20 19:12:38 [main] INFO  liquibase.util - Run:                          0
2026-06-20 19:12:38 [main] INFO  liquibase.util - Previously run:               3
2026-06-20 19:12:38 [main] INFO  liquibase.util - Filtered out:                 0
2026-06-20 19:12:38 [main] INFO  liquibase.util - -------------------------------
2026-06-20 19:12:38 [main] INFO  liquibase.util - Total change sets:            3
2026-06-20 19:12:38 [main] INFO  liquibase.util - Update summary generated
2026-06-20 19:12:38 [main] INFO  liquibase.lockservice - Successfully released change log lock
2026-06-20 19:12:38 [main] INFO  liquibase.command - Command execution complete
2026-06-20 19:12:38 [main] INFO  org.flowable.app.engine.impl.AppEngineImpl - AppEngine default created
2026-06-20 19:12:39 [main] INFO  o.s.b.actuate.endpoint.web.EndpointLinksResolver - Exposing 1 endpoint(s) beneath base path '/actuator'
2026-06-20 19:12:39 [main] INFO  o.s.security.web.DefaultSecurityFilterChain - Will secure any request with [org.springframework.security.web.session.DisableEncodeUrlFilter@5d66c2d0, org.springframework.security.web.context.request.async.WebAsyncManagerIntegrationFilter@3ad36b98, org.springframework.security.web.context.SecurityContextHolderFilter@513779fc, org.springframework.security.web.header.HeaderWriterFilter@49e4d31e, org.springframework.web.filter.CorsFilter@79d3c655, org.springframework.security.web.authentication.logout.LogoutFilter@2d3c3789, org.xiaoxu.auth.TokenAuthenticationFilter@7603cfc2, org.springframework.security.web.savedrequest.RequestCacheAwareFilter@7ab3009a, org.springframework.security.web.servletapi.SecurityContextHolderAwareRequestFilter@73a42dd0, org.springframework.security.web.authentication.AnonymousAuthenticationFilter@27d96af4, org.springframework.security.web.session.SessionManagementFilter@5afdeb5a, org.springframework.security.web.access.ExceptionTranslationFilter@21231089, org.springframework.security.web.access.intercept.AuthorizationFilter@8fa2de8]
2026-06-20 19:12:40 [main] INFO  com.xxl.job.core.executor.XxlJobExecutor - >>>>>>>>>>> xxl-job register jobhandler success, name:sendLeaveApprovalNotify, jobHandler:com.xxl.job.core.handler.impl.MethodJobHandler@4ab7ff4[class org.xiaoxu.workflow.job.ApprovalNotifyJobHandler#sendLeaveApprovalNotify]
2026-06-20 19:12:40 [main] INFO  com.xxl.job.core.executor.XxlJobExecutor - >>>>>>>>>>> xxl-job register jobhandler success, name:sendFulfillmentApprovalNotify, jobHandler:com.xxl.job.core.handler.impl.MethodJobHandler@3008a367[class org.xiaoxu.workflow.job.ApprovalNotifyJobHandler#sendFulfillmentApprovalNotify]
2026-06-20 19:12:40 [main] INFO  o.f.j.s.impl.asyncexecutor.AbstractAsyncExecutor - Starting up the async job executor [org.flowable.spring.job.service.SpringAsyncExecutor] for engine cmmn
2026-06-20 19:12:40 [Thread-8] INFO  o.f.j.s.i.asyncexecutor.ResetExpiredJobsRunnable - starting to reset expired jobs for engine cmmn
2026-06-20 19:12:40 [main] INFO  o.f.j.s.impl.asyncexecutor.AbstractAsyncExecutor - Starting up the async job executor [org.flowable.spring.job.service.SpringAsyncExecutor] for engine bpmn
2026-06-20 19:12:40 [Thread-6] INFO  o.f.j.s.i.a.AcquireAsyncJobsDueRunnable - starting to acquire async jobs due for engine cmmn
2026-06-20 19:12:40 [Thread-7] INFO  o.f.j.s.i.asyncexecutor.AcquireTimerJobsRunnable - starting to acquire async jobs due for engine cmmn
2026-06-20 19:12:40 [main] INFO  o.f.s.configurator.DefaultAutoDeploymentStrategy - Deploying resources [file [E:\programs\java_arsenal\permission-system\target\classes\processes\fulfillment-approval.bpmn20.xml], file [E:\programs\java_arsenal\permission-system\target\classes\processes\leave-request.bpmn20.xml]] for engine org.flowable.engine.impl.ProcessEngineImpl@38c2f9f8 deployment name hint SpringBootAutoDeployment
2026-06-20 19:12:40 [Thread-11] INFO  o.f.j.s.i.asyncexecutor.ResetExpiredJobsRunnable - starting to reset expired jobs for engine bpmn
2026-06-20 19:12:40 [Thread-10] INFO  o.f.j.s.i.asyncexecutor.AcquireTimerJobsRunnable - starting to acquire async jobs due for engine bpmn
2026-06-20 19:12:40 [Thread-9] INFO  o.f.j.s.i.a.AcquireAsyncJobsDueRunnable - starting to acquire async jobs due for engine bpmn
2026-06-20 19:12:40 [main] INFO  org.apache.coyote.http11.Http11NioProtocol - Starting ProtocolHandler ["http-nio-13690"]
2026-06-20 19:12:41 [main] INFO  o.s.boot.web.embedded.tomcat.TomcatWebServer - Tomcat started on port 13690 (http) with context path ''
2026-06-20 19:12:41 [main] INFO  org.xiaoxu.PermissionApplication - Started PermissionApplication in 14.303 seconds (process running for 15.843)
2026-06-20 19:12:41 [Thread-5] INFO  com.xxl.job.core.server.EmbedServer - >>>>>>>>>>> xxl-job remoting server start success, nettype = class com.xxl.job.core.server.EmbedServer, port = 9998
2026-06-20 19:12:41 [RMI TCP Connection(5)-192.168.1.2] INFO  o.a.c.core.ContainerBase.[Tomcat].[localhost].[/] - Initializing Spring DispatcherServlet 'dispatcherServlet'
2026-06-20 19:12:41 [RMI TCP Connection(5)-192.168.1.2] INFO  org.springframework.web.servlet.DispatcherServlet - Initializing Servlet 'dispatcherServlet'
2026-06-20 19:12:41 [RMI TCP Connection(5)-192.168.1.2] INFO  org.springframework.web.servlet.DispatcherServlet - Completed initialization in 3 ms
2026-06-20 19:13:55 [http-nio-13690-exec-3] INFO  org.xiaoxu.service.MenuService - 用户[1]的角色IDs: [1]
2026-06-20 19:13:55 [http-nio-13690-exec-3] INFO  org.xiaoxu.service.MenuService - 用户[1]的菜单IDs: [1, 2, 3, 4, 5, 6, 7, 8, 9, 10, 11, 12, 13, 14, 15, 16, 100, 101, 102, 103, 104, 105, 106, 107, 108, 109, 110, 120]
2026-06-20 19:14:17 [http-nio-13690-exec-1] INFO  org.xiaoxu.service.MenuService - 用户[1]的角色IDs: [1]
2026-06-20 19:14:17 [http-nio-13690-exec-1] INFO  org.xiaoxu.service.MenuService - 用户[1]的菜单IDs: [1, 2, 3, 4, 5, 6, 7, 8, 9, 10, 11, 12, 13, 14, 15, 16, 100, 101, 102, 103, 104, 105, 106, 107, 108, 109, 110, 120]
2026-06-20 19:14:25 [http-nio-13690-exec-8] INFO  org.xiaoxu.service.MenuService - 用户[1]的角色IDs: [1]
2026-06-20 19:14:25 [http-nio-13690-exec-8] INFO  org.xiaoxu.service.MenuService - 用户[1]的菜单IDs: [1, 2, 3, 4, 5, 6, 7, 8, 9, 10, 11, 12, 13, 14, 15, 16, 100, 101, 102, 103, 104, 105, 106, 107, 108, 109, 110, 120]
2026-06-20 19:14:38 [http-nio-13690-exec-4] WARN  org.xiaoxu.auth.TokenAuthenticationFilter - Token 已失效: Redis 中不存在该 token
2026-06-20 19:14:38 [http-nio-13690-exec-3] WARN  org.xiaoxu.auth.TokenAuthenticationFilter - Token 已失效: Redis 中不存在该 token
2026-06-20 19:14:41 [http-nio-13690-exec-2] INFO  org.xiaoxu.service.MenuService - 用户[1]的角色IDs: [1]
2026-06-20 19:14:41 [http-nio-13690-exec-2] INFO  org.xiaoxu.service.MenuService - 用户[1]的菜单IDs: [1, 2, 130, 3, 4, 5, 6, 7, 8, 9, 10, 11, 12, 13, 14, 15, 16, 100, 101, 102, 103, 104, 105, 106, 107, 108, 109, 110, 120]
2026-06-20 19:16:16 [http-nio-13690-exec-7] ERROR o.xiaoxu.common.excepiton.GlobalExceptionHandler - 权限不足：Access Denied
2026-06-20 19:16:51 [http-nio-13690-exec-3] INFO  org.xiaoxu.service.MenuService - 用户[1]的角色IDs: [1]
2026-06-20 19:16:51 [http-nio-13690-exec-3] INFO  org.xiaoxu.service.MenuService - 用户[1]的菜单IDs: [1, 2, 130, 3, 4, 5, 6, 7, 8, 9, 10, 11, 12, 13, 14, 15, 16, 100, 101, 102, 103, 104, 105, 106, 107, 108, 109, 110, 120]
2026-06-20 19:16:52 [http-nio-13690-exec-9] INFO  org.xiaoxu.service.MenuService - 用户[1]的角色IDs: [1]
2026-06-20 19:16:52 [http-nio-13690-exec-9] INFO  org.xiaoxu.service.MenuService - 用户[1]的菜单IDs: [1, 2, 130, 3, 4, 5, 6, 7, 8, 9, 10, 11, 12, 13, 14, 15, 16, 100, 101, 102, 103, 104, 105, 106, 107, 108, 109, 110, 120]
2026-06-20 19:17:21 [Thread-5] INFO  com.xxl.job.core.server.EmbedServer - >>>>>>>>>>> xxl-job remoting server stop.
2026-06-20 19:17:21 [xxl-job, executor ExecutorRegistryThread] INFO  com.xxl.job.core.thread.ExecutorRegistryThread - >>>>>>>>>>> xxl-job registry-remove success, registryParam:RegistryParam{registryGroup='EXECUTOR', registryKey='permission-job-executor', registryValue='http://192.168.1.2:9998/'}, registryResult:ReturnT [code=200, msg=null, content=null]
2026-06-20 19:17:21 [xxl-job, executor ExecutorRegistryThread] INFO  com.xxl.job.core.thread.ExecutorRegistryThread - >>>>>>>>>>> xxl-job, executor registry thread destroy.
2026-06-20 19:17:21 [SpringApplicationShutdownHook] INFO  com.xxl.job.core.server.EmbedServer - >>>>>>>>>>> xxl-job remoting server destroy success.
2026-06-20 19:17:21 [xxl-job, executor JobLogFileCleanThread] INFO  com.xxl.job.core.thread.JobLogFileCleanThread - >>>>>>>>>>> xxl-job, executor JobLogFileCleanThread thread destroy.
2026-06-20 19:17:21 [xxl-job, executor TriggerCallbackThread] INFO  com.xxl.job.core.thread.TriggerCallbackThread - >>>>>>>>>>> xxl-job, executor callback thread destroy.
2026-06-20 19:17:21 [Thread-4] INFO  com.xxl.job.core.thread.TriggerCallbackThread - >>>>>>>>>>> xxl-job, executor retry callback thread destroy.
2026-06-20 19:17:21 [SpringApplicationShutdownHook] INFO  o.f.j.s.impl.asyncexecutor.AbstractAsyncExecutor - Shutting down the async job executor [org.flowable.spring.job.service.SpringAsyncExecutor] for engine cmmn
2026-06-20 19:17:21 [flowable-cmmn-acquire-async-jobs] INFO  o.f.j.s.i.a.AcquireAsyncJobsDueRunnable - stopped async job due acquisition for engine cmmn
2026-06-20 19:17:21 [flowable-cmmn-acquire-timer-jobs] INFO  o.f.j.s.i.asyncexecutor.AcquireTimerJobsRunnable - stopped async job due acquisition for engine cmmn
2026-06-20 19:17:21 [flowable-cmmn-reset-expired-jobs] INFO  o.f.j.s.i.asyncexecutor.ResetExpiredJobsRunnable - stopped resetting expired jobs for engine cmmn
2026-06-20 19:17:21 [SpringApplicationShutdownHook] INFO  o.f.j.s.impl.asyncexecutor.AbstractAsyncExecutor - Shutting down the async job executor [org.flowable.spring.job.service.SpringAsyncExecutor] for engine bpmn
2026-06-20 19:17:21 [flowable-bpmn-reset-expired-jobs] INFO  o.f.j.s.i.asyncexecutor.ResetExpiredJobsRunnable - stopped resetting expired jobs for engine bpmn
2026-06-20 19:17:21 [flowable-bpmn-acquire-timer-jobs] INFO  o.f.j.s.i.asyncexecutor.AcquireTimerJobsRunnable - stopped async job due acquisition for engine bpmn
2026-06-20 19:17:21 [flowable-bpmn-acquire-async-jobs] INFO  o.f.j.s.i.a.AcquireAsyncJobsDueRunnable - stopped async job due acquisition for engine bpmn
2026-06-20 19:17:21 [SpringApplicationShutdownHook] INFO  com.zaxxer.hikari.HikariDataSource - HikariPool-1 - Shutdown initiated...
2026-06-20 19:17:21 [SpringApplicationShutdownHook] INFO  com.zaxxer.hikari.HikariDataSource - HikariPool-1 - Shutdown completed.
2026-06-20 19:17:28 [background-preinit] INFO  org.hibernate.validator.internal.util.Version - HV000001: Hibernate Validator 8.0.1.Final
2026-06-20 19:17:28 [main] INFO  org.xiaoxu.PermissionApplication - Starting PermissionApplication using Java 17.0.12 with PID 35916 (E:\programs\java_arsenal\permission-system\target\classes started by tingq in E:\programs\java_arsenal)
2026-06-20 19:17:28 [main] INFO  org.xiaoxu.PermissionApplication - The following 1 profile is active: "local"
2026-06-20 19:17:29 [main] INFO  o.s.d.r.config.RepositoryConfigurationDelegate - Multiple Spring Data modules found, entering strict repository configuration mode
2026-06-20 19:17:29 [main] INFO  o.s.d.r.config.RepositoryConfigurationDelegate - Bootstrapping Spring Data Redis repositories in DEFAULT mode.
2026-06-20 19:17:29 [main] INFO  o.s.d.r.config.RepositoryConfigurationDelegate - Finished Spring Data repository scanning in 49 ms. Found 0 Redis repository interfaces.
2026-06-20 19:17:30 [main] WARN  o.s.c.s.PostProcessorRegistrationDelegate$BeanPostProcessorChecker - Bean 'com.alicp.jetcache.anno.config.JetCacheProxyConfiguration' of type [com.alicp.jetcache.anno.config.JetCacheProxyConfiguration$$SpringCGLIB$$0] is not eligible for getting processed by all BeanPostProcessors (for example: not eligible for auto-proxying). Is this bean getting eagerly injected into a currently created BeanPostProcessor [meterRegistryPostProcessor]? Check the corresponding BeanPostProcessor declaration and its dependencies.
2026-06-20 19:17:30 [main] WARN  o.s.c.s.PostProcessorRegistrationDelegate$BeanPostProcessorChecker - Bean 'com.alicp.jetcache.anno.config.CommonConfiguration' of type [com.alicp.jetcache.anno.config.CommonConfiguration$$SpringCGLIB$$0] is not eligible for getting processed by all BeanPostProcessors (for example: not eligible for auto-proxying). Is this bean getting eagerly injected into a currently created BeanPostProcessor [meterRegistryPostProcessor]? Check the corresponding BeanPostProcessor declaration and its dependencies.
2026-06-20 19:17:31 [main] INFO  o.s.boot.web.embedded.tomcat.TomcatWebServer - Tomcat initialized with port 13690 (http)
2026-06-20 19:17:31 [main] INFO  org.apache.coyote.http11.Http11NioProtocol - Initializing ProtocolHandler ["http-nio-13690"]
2026-06-20 19:17:31 [main] INFO  org.apache.catalina.core.StandardService - Starting service [Tomcat]
2026-06-20 19:17:31 [main] INFO  org.apache.catalina.core.StandardEngine - Starting Servlet engine: [Apache Tomcat/10.1.18]
2026-06-20 19:17:31 [main] INFO  o.a.c.core.ContainerBase.[Tomcat].[localhost].[/] - Initializing Spring embedded WebApplicationContext
2026-06-20 19:17:31 [main] INFO  o.s.b.w.s.c.ServletWebServerApplicationContext - Root WebApplicationContext: initialization completed in 3231 ms
2026-06-20 19:17:31 [main] INFO  org.redisson.Version - Redisson 3.24.3
2026-06-20 19:17:32 [redisson-netty-2-5] INFO  o.r.connection.pool.MasterPubSubConnectionPool - 1 connections initialized for 192.168.200.128/192.168.200.128:6379
2026-06-20 19:17:32 [redisson-netty-2-19] INFO  org.redisson.connection.pool.MasterConnectionPool - 24 connections initialized for 192.168.200.128/192.168.200.128:6379
2026-06-20 19:17:34 [main] INFO  org.xiaoxu.service.OssService - OSS 客户端初始化完成, bucket=oss-inshanghai
2026-06-20 19:17:34 [main] INFO  o.xiaoxu.workflow.approval.ApprovalHandlerRegistry - 审批回调注册完成，已注册业务: [fulfillment-approval, leave-request]
2026-06-20 19:17:35 [main] INFO  o.f.spring.boot.cmmn.CmmnEngineAutoConfiguration - No deployment resources were found for autodeployment
2026-06-20 19:17:35 [main] INFO  o.f.spring.boot.dmn.DmnEngineAutoConfiguration - No deployment resources were found for autodeployment
2026-06-20 19:17:35 [main] INFO  o.f.s.b.e.EventRegistryAutoConfiguration - No deployment resources were found for autodeployment
2026-06-20 19:17:35 [main] INFO  o.f.spring.boot.app.AppEngineAutoConfiguration - No deployment resources were found for autodeployment
2026-06-20 19:17:35 [main] INFO  o.flowable.app.spring.SpringAppEngineConfiguration - Found 5 Engine Configurators in total:
2026-06-20 19:17:35 [main] INFO  o.flowable.app.spring.SpringAppEngineConfiguration - class org.flowable.engine.spring.configurator.SpringProcessEngineConfigurator (priority:50000)
2026-06-20 19:17:35 [main] INFO  o.flowable.app.spring.SpringAppEngineConfiguration - class org.flowable.eventregistry.spring.configurator.SpringEventRegistryConfigurator (priority:100000)
2026-06-20 19:17:35 [main] INFO  o.flowable.app.spring.SpringAppEngineConfiguration - class org.flowable.idm.spring.configurator.SpringIdmEngineConfigurator (priority:150000)
2026-06-20 19:17:35 [main] INFO  o.flowable.app.spring.SpringAppEngineConfiguration - class org.flowable.dmn.spring.configurator.SpringDmnEngineConfigurator (priority:200000)
2026-06-20 19:17:35 [main] INFO  o.flowable.app.spring.SpringAppEngineConfiguration - class org.flowable.cmmn.spring.configurator.SpringCmmnEngineConfigurator (priority:500000)
2026-06-20 19:17:35 [main] INFO  o.flowable.app.spring.SpringAppEngineConfiguration - Executing beforeInit() of class org.flowable.engine.spring.configurator.SpringProcessEngineConfigurator (priority:50000)
2026-06-20 19:17:35 [main] INFO  o.flowable.app.spring.SpringAppEngineConfiguration - Executing beforeInit() of class org.flowable.eventregistry.spring.configurator.SpringEventRegistryConfigurator (priority:100000)
2026-06-20 19:17:35 [main] INFO  o.flowable.app.spring.SpringAppEngineConfiguration - Executing beforeInit() of class org.flowable.idm.spring.configurator.SpringIdmEngineConfigurator (priority:150000)
2026-06-20 19:17:35 [main] INFO  o.flowable.app.spring.SpringAppEngineConfiguration - Executing beforeInit() of class org.flowable.dmn.spring.configurator.SpringDmnEngineConfigurator (priority:200000)
2026-06-20 19:17:35 [main] INFO  o.flowable.app.spring.SpringAppEngineConfiguration - Executing beforeInit() of class org.flowable.cmmn.spring.configurator.SpringCmmnEngineConfigurator (priority:500000)
2026-06-20 19:17:35 [main] INFO  com.zaxxer.hikari.HikariDataSource - HikariPool-1 - Starting...
2026-06-20 19:17:35 [main] INFO  com.zaxxer.hikari.pool.HikariPool - HikariPool-1 - Added connection com.mysql.cj.jdbc.ConnectionImpl@61d4e070
2026-06-20 19:17:35 [main] INFO  com.zaxxer.hikari.HikariDataSource - HikariPool-1 - Start completed.
2026-06-20 19:17:37 [main] INFO  o.flowable.app.spring.SpringAppEngineConfiguration - Executing configure() of class org.flowable.engine.spring.configurator.SpringProcessEngineConfigurator (priority:50000)
2026-06-20 19:17:37 [main] INFO  org.flowable.engine.impl.ProcessEngineImpl - ProcessEngine default created
2026-06-20 19:17:37 [main] INFO  o.flowable.engine.impl.cmd.ValidateV5EntitiesCmd - Total of v5 deployments found: 0
2026-06-20 19:17:37 [main] INFO  o.flowable.app.spring.SpringAppEngineConfiguration - Executing configure() of class org.flowable.eventregistry.spring.configurator.SpringEventRegistryConfigurator (priority:100000)
2026-06-20 19:17:38 [main] INFO  liquibase.changelog - Reading from `2026mysql_ds`.FLW_EV_DATABASECHANGELOG
2026-06-20 19:17:38 [main] INFO  liquibase.changelog - Reading from `2026mysql_ds`.FLW_EV_DATABASECHANGELOG
2026-06-20 19:17:38 [main] INFO  liquibase.util - UPDATE SUMMARY
2026-06-20 19:17:38 [main] INFO  liquibase.util - Run:                          0
2026-06-20 19:17:38 [main] INFO  liquibase.util - Previously run:               3
2026-06-20 19:17:38 [main] INFO  liquibase.util - Filtered out:                 0
2026-06-20 19:17:38 [main] INFO  liquibase.util - -------------------------------
2026-06-20 19:17:38 [main] INFO  liquibase.util - Total change sets:            3
2026-06-20 19:17:38 [main] INFO  liquibase.util - Update summary generated
2026-06-20 19:17:38 [main] INFO  liquibase.lockservice - Successfully released change log lock
2026-06-20 19:17:38 [main] INFO  liquibase.command - Command execution complete
2026-06-20 19:17:38 [main] INFO  o.f.eventregistry.impl.EventRegistryEngineImpl - EventRegistryEngine default created
2026-06-20 19:17:38 [main] INFO  o.flowable.app.spring.SpringAppEngineConfiguration - Executing configure() of class org.flowable.idm.spring.configurator.SpringIdmEngineConfigurator (priority:150000)
2026-06-20 19:17:38 [main] INFO  org.flowable.idm.engine.impl.IdmEngineImpl - IdmEngine default created
2026-06-20 19:17:38 [main] INFO  o.flowable.app.spring.SpringAppEngineConfiguration - Executing configure() of class org.flowable.dmn.spring.configurator.SpringDmnEngineConfigurator (priority:200000)
2026-06-20 19:17:39 [main] INFO  liquibase.changelog - Reading from `2026mysql_ds`.ACT_DMN_DATABASECHANGELOG
2026-06-20 19:17:39 [main] INFO  liquibase.changelog - Reading from `2026mysql_ds`.ACT_DMN_DATABASECHANGELOG
2026-06-20 19:17:39 [main] INFO  liquibase.util - UPDATE SUMMARY
2026-06-20 19:17:39 [main] INFO  liquibase.util - Run:                          0
2026-06-20 19:17:39 [main] INFO  liquibase.util - Previously run:               9
2026-06-20 19:17:39 [main] INFO  liquibase.util - Filtered out:                 0
2026-06-20 19:17:39 [main] INFO  liquibase.util - -------------------------------
2026-06-20 19:17:39 [main] INFO  liquibase.util - Total change sets:            9
2026-06-20 19:17:39 [main] INFO  liquibase.util - Update summary generated
2026-06-20 19:17:39 [main] INFO  liquibase.lockservice - Successfully released change log lock
2026-06-20 19:17:39 [main] INFO  liquibase.command - Command execution complete
2026-06-20 19:17:39 [main] INFO  org.flowable.dmn.engine.impl.DmnEngineImpl - DmnEngine default created
2026-06-20 19:17:39 [main] INFO  o.flowable.app.spring.SpringAppEngineConfiguration - Executing configure() of class org.flowable.cmmn.spring.configurator.SpringCmmnEngineConfigurator (priority:500000)
2026-06-20 19:17:39 [main] INFO  liquibase.changelog - Reading from `2026mysql_ds`.ACT_CMMN_DATABASECHANGELOG
2026-06-20 19:17:39 [main] INFO  liquibase.changelog - Reading from `2026mysql_ds`.ACT_CMMN_DATABASECHANGELOG
2026-06-20 19:17:39 [main] INFO  liquibase.util - UPDATE SUMMARY
2026-06-20 19:17:39 [main] INFO  liquibase.util - Run:                          0
2026-06-20 19:17:39 [main] INFO  liquibase.util - Previously run:              16
2026-06-20 19:17:39 [main] INFO  liquibase.util - Filtered out:                 1
2026-06-20 19:17:39 [main] INFO  liquibase.util - -------------------------------
2026-06-20 19:17:39 [main] INFO  liquibase.util - Total change sets:           17
2026-06-20 19:17:39 [main] INFO  liquibase.util - FILTERED CHANGE SETS SUMMARY
2026-06-20 19:17:39 [main] INFO  liquibase.util - DBMS mismatch:                1
2026-06-20 19:17:39 [main] INFO  liquibase.util - Update summary generated
2026-06-20 19:17:39 [main] INFO  liquibase.lockservice - Successfully released change log lock
2026-06-20 19:17:39 [main] INFO  liquibase.command - Command execution complete
2026-06-20 19:17:39 [main] INFO  org.flowable.cmmn.engine.impl.CmmnEngineImpl - CmmnEngine default created
2026-06-20 19:17:40 [main] INFO  liquibase.changelog - Reading from `2026mysql_ds`.ACT_APP_DATABASECHANGELOG
2026-06-20 19:17:40 [main] INFO  liquibase.changelog - Reading from `2026mysql_ds`.ACT_APP_DATABASECHANGELOG
2026-06-20 19:17:40 [main] INFO  liquibase.util - UPDATE SUMMARY
2026-06-20 19:17:40 [main] INFO  liquibase.util - Run:                          0
2026-06-20 19:17:40 [main] INFO  liquibase.util - Previously run:               3
2026-06-20 19:17:40 [main] INFO  liquibase.util - Filtered out:                 0
2026-06-20 19:17:40 [main] INFO  liquibase.util - -------------------------------
2026-06-20 19:17:40 [main] INFO  liquibase.util - Total change sets:            3
2026-06-20 19:17:40 [main] INFO  liquibase.util - Update summary generated
2026-06-20 19:17:40 [main] INFO  liquibase.lockservice - Successfully released change log lock
2026-06-20 19:17:40 [main] INFO  liquibase.command - Command execution complete
2026-06-20 19:17:40 [main] INFO  org.flowable.app.engine.impl.AppEngineImpl - AppEngine default created
2026-06-20 19:17:40 [main] INFO  o.s.b.actuate.endpoint.web.EndpointLinksResolver - Exposing 1 endpoint(s) beneath base path '/actuator'
2026-06-20 19:17:40 [main] INFO  o.s.security.web.DefaultSecurityFilterChain - Will secure any request with [org.springframework.security.web.session.DisableEncodeUrlFilter@4b086fdc, org.springframework.security.web.context.request.async.WebAsyncManagerIntegrationFilter@72e78ee5, org.springframework.security.web.context.SecurityContextHolderFilter@8fa2de8, org.springframework.security.web.header.HeaderWriterFilter@3cb09733, org.springframework.web.filter.CorsFilter@1ecf784f, org.springframework.security.web.authentication.logout.LogoutFilter@16a34e67, org.xiaoxu.auth.TokenAuthenticationFilter@2bfa5678, org.springframework.security.web.savedrequest.RequestCacheAwareFilter@5d66c2d0, org.springframework.security.web.servletapi.SecurityContextHolderAwareRequestFilter@72702865, org.springframework.security.web.authentication.AnonymousAuthenticationFilter@78a51fb6, org.springframework.security.web.session.SessionManagementFilter@452eda2f, org.springframework.security.web.access.ExceptionTranslationFilter@2b25a884, org.springframework.security.web.access.intercept.AuthorizationFilter@98e0b16]
2026-06-20 19:17:41 [main] INFO  com.xxl.job.core.executor.XxlJobExecutor - >>>>>>>>>>> xxl-job register jobhandler success, name:sendLeaveApprovalNotify, jobHandler:com.xxl.job.core.handler.impl.MethodJobHandler@6fe2d647[class org.xiaoxu.workflow.job.ApprovalNotifyJobHandler#sendLeaveApprovalNotify]
2026-06-20 19:17:41 [main] INFO  com.xxl.job.core.executor.XxlJobExecutor - >>>>>>>>>>> xxl-job register jobhandler success, name:sendFulfillmentApprovalNotify, jobHandler:com.xxl.job.core.handler.impl.MethodJobHandler@29e5155e[class org.xiaoxu.workflow.job.ApprovalNotifyJobHandler#sendFulfillmentApprovalNotify]
2026-06-20 19:17:41 [main] INFO  o.f.j.s.impl.asyncexecutor.AbstractAsyncExecutor - Starting up the async job executor [org.flowable.spring.job.service.SpringAsyncExecutor] for engine cmmn
2026-06-20 19:17:41 [Thread-8] INFO  o.f.j.s.i.asyncexecutor.ResetExpiredJobsRunnable - starting to reset expired jobs for engine cmmn
2026-06-20 19:17:41 [main] INFO  o.f.j.s.impl.asyncexecutor.AbstractAsyncExecutor - Starting up the async job executor [org.flowable.spring.job.service.SpringAsyncExecutor] for engine bpmn
2026-06-20 19:17:41 [Thread-6] INFO  o.f.j.s.i.a.AcquireAsyncJobsDueRunnable - starting to acquire async jobs due for engine cmmn
2026-06-20 19:17:41 [Thread-7] INFO  o.f.j.s.i.asyncexecutor.AcquireTimerJobsRunnable - starting to acquire async jobs due for engine cmmn
2026-06-20 19:17:41 [main] INFO  o.f.s.configurator.DefaultAutoDeploymentStrategy - Deploying resources [file [E:\programs\java_arsenal\permission-system\target\classes\processes\fulfillment-approval.bpmn20.xml], file [E:\programs\java_arsenal\permission-system\target\classes\processes\leave-request.bpmn20.xml]] for engine org.flowable.engine.impl.ProcessEngineImpl@20126399 deployment name hint SpringBootAutoDeployment
2026-06-20 19:17:41 [Thread-9] INFO  o.f.j.s.i.a.AcquireAsyncJobsDueRunnable - starting to acquire async jobs due for engine bpmn
2026-06-20 19:17:41 [Thread-11] INFO  o.f.j.s.i.asyncexecutor.ResetExpiredJobsRunnable - starting to reset expired jobs for engine bpmn
2026-06-20 19:17:41 [Thread-10] INFO  o.f.j.s.i.asyncexecutor.AcquireTimerJobsRunnable - starting to acquire async jobs due for engine bpmn
2026-06-20 19:17:41 [main] INFO  org.apache.coyote.http11.Http11NioProtocol - Starting ProtocolHandler ["http-nio-13690"]
2026-06-20 19:17:41 [main] INFO  o.s.boot.web.embedded.tomcat.TomcatWebServer - Tomcat started on port 13690 (http) with context path ''
2026-06-20 19:17:41 [main] INFO  org.xiaoxu.PermissionApplication - Started PermissionApplication in 14.339 seconds (process running for 15.626)
2026-06-20 19:17:41 [Thread-5] INFO  com.xxl.job.core.server.EmbedServer - >>>>>>>>>>> xxl-job remoting server start success, nettype = class com.xxl.job.core.server.EmbedServer, port = 9998
2026-06-20 19:17:41 [http-nio-13690-exec-1] INFO  o.a.c.core.ContainerBase.[Tomcat].[localhost].[/] - Initializing Spring DispatcherServlet 'dispatcherServlet'
2026-06-20 19:17:41 [http-nio-13690-exec-1] INFO  org.springframework.web.servlet.DispatcherServlet - Initializing Servlet 'dispatcherServlet'
2026-06-20 19:17:41 [http-nio-13690-exec-1] INFO  org.springframework.web.servlet.DispatcherServlet - Completed initialization in 1 ms
2026-06-20 19:17:56 [Thread-5] INFO  com.xxl.job.core.server.EmbedServer - >>>>>>>>>>> xxl-job remoting server stop.
2026-06-20 19:17:56 [xxl-job, executor ExecutorRegistryThread] INFO  com.xxl.job.core.thread.ExecutorRegistryThread - >>>>>>>>>>> xxl-job registry-remove success, registryParam:RegistryParam{registryGroup='EXECUTOR', registryKey='permission-job-executor', registryValue='http://192.168.1.2:9998/'}, registryResult:ReturnT [code=200, msg=null, content=null]
2026-06-20 19:17:56 [xxl-job, executor ExecutorRegistryThread] INFO  com.xxl.job.core.thread.ExecutorRegistryThread - >>>>>>>>>>> xxl-job, executor registry thread destroy.
2026-06-20 19:17:56 [SpringApplicationShutdownHook] INFO  com.xxl.job.core.server.EmbedServer - >>>>>>>>>>> xxl-job remoting server destroy success.
2026-06-20 19:17:56 [xxl-job, executor JobLogFileCleanThread] INFO  com.xxl.job.core.thread.JobLogFileCleanThread - >>>>>>>>>>> xxl-job, executor JobLogFileCleanThread thread destroy.
2026-06-20 19:17:56 [xxl-job, executor TriggerCallbackThread] INFO  com.xxl.job.core.thread.TriggerCallbackThread - >>>>>>>>>>> xxl-job, executor callback thread destroy.
2026-06-20 19:17:56 [Thread-4] INFO  com.xxl.job.core.thread.TriggerCallbackThread - >>>>>>>>>>> xxl-job, executor retry callback thread destroy.
2026-06-20 19:17:56 [SpringApplicationShutdownHook] INFO  o.f.j.s.impl.asyncexecutor.AbstractAsyncExecutor - Shutting down the async job executor [org.flowable.spring.job.service.SpringAsyncExecutor] for engine cmmn
2026-06-20 19:17:56 [flowable-cmmn-acquire-async-jobs] INFO  o.f.j.s.i.a.AcquireAsyncJobsDueRunnable - stopped async job due acquisition for engine cmmn
2026-06-20 19:17:56 [flowable-cmmn-acquire-timer-jobs] INFO  o.f.j.s.i.asyncexecutor.AcquireTimerJobsRunnable - stopped async job due acquisition for engine cmmn
2026-06-20 19:17:56 [flowable-cmmn-reset-expired-jobs] INFO  o.f.j.s.i.asyncexecutor.ResetExpiredJobsRunnable - stopped resetting expired jobs for engine cmmn
2026-06-20 19:17:57 [SpringApplicationShutdownHook] INFO  o.f.j.s.impl.asyncexecutor.AbstractAsyncExecutor - Shutting down the async job executor [org.flowable.spring.job.service.SpringAsyncExecutor] for engine bpmn
2026-06-20 19:17:57 [flowable-bpmn-acquire-timer-jobs] INFO  o.f.j.s.i.asyncexecutor.AcquireTimerJobsRunnable - stopped async job due acquisition for engine bpmn
2026-06-20 19:17:57 [flowable-bpmn-reset-expired-jobs] INFO  o.f.j.s.i.asyncexecutor.ResetExpiredJobsRunnable - stopped resetting expired jobs for engine bpmn
2026-06-20 19:17:57 [flowable-bpmn-acquire-async-jobs] INFO  o.f.j.s.i.a.AcquireAsyncJobsDueRunnable - stopped async job due acquisition for engine bpmn
2026-06-20 19:17:57 [SpringApplicationShutdownHook] INFO  com.zaxxer.hikari.HikariDataSource - HikariPool-1 - Shutdown initiated...
2026-06-20 19:17:57 [SpringApplicationShutdownHook] INFO  com.zaxxer.hikari.HikariDataSource - HikariPool-1 - Shutdown completed.
2026-06-20 19:18:02 [background-preinit] INFO  org.hibernate.validator.internal.util.Version - HV000001: Hibernate Validator 8.0.1.Final
2026-06-20 19:18:02 [main] INFO  org.xiaoxu.PermissionApplication - Starting PermissionApplication using Java 17.0.12 with PID 48960 (E:\programs\java_arsenal\permission-system\target\classes started by tingq in E:\programs\java_arsenal)
2026-06-20 19:18:02 [main] INFO  org.xiaoxu.PermissionApplication - The following 1 profile is active: "local"
2026-06-20 19:18:04 [main] INFO  o.s.d.r.config.RepositoryConfigurationDelegate - Multiple Spring Data modules found, entering strict repository configuration mode
2026-06-20 19:18:04 [main] INFO  o.s.d.r.config.RepositoryConfigurationDelegate - Bootstrapping Spring Data Redis repositories in DEFAULT mode.
2026-06-20 19:18:04 [main] INFO  o.s.d.r.config.RepositoryConfigurationDelegate - Finished Spring Data repository scanning in 34 ms. Found 0 Redis repository interfaces.
2026-06-20 19:18:04 [main] WARN  o.s.c.s.PostProcessorRegistrationDelegate$BeanPostProcessorChecker - Bean 'com.alicp.jetcache.anno.config.JetCacheProxyConfiguration' of type [com.alicp.jetcache.anno.config.JetCacheProxyConfiguration$$SpringCGLIB$$0] is not eligible for getting processed by all BeanPostProcessors (for example: not eligible for auto-proxying). Is this bean getting eagerly injected into a currently created BeanPostProcessor [meterRegistryPostProcessor]? Check the corresponding BeanPostProcessor declaration and its dependencies.
2026-06-20 19:18:05 [main] WARN  o.s.c.s.PostProcessorRegistrationDelegate$BeanPostProcessorChecker - Bean 'com.alicp.jetcache.anno.config.CommonConfiguration' of type [com.alicp.jetcache.anno.config.CommonConfiguration$$SpringCGLIB$$0] is not eligible for getting processed by all BeanPostProcessors (for example: not eligible for auto-proxying). Is this bean getting eagerly injected into a currently created BeanPostProcessor [meterRegistryPostProcessor]? Check the corresponding BeanPostProcessor declaration and its dependencies.
2026-06-20 19:18:05 [main] INFO  o.s.boot.web.embedded.tomcat.TomcatWebServer - Tomcat initialized with port 13690 (http)
2026-06-20 19:18:05 [main] INFO  org.apache.coyote.http11.Http11NioProtocol - Initializing ProtocolHandler ["http-nio-13690"]
2026-06-20 19:18:05 [main] INFO  org.apache.catalina.core.StandardService - Starting service [Tomcat]
2026-06-20 19:18:05 [main] INFO  org.apache.catalina.core.StandardEngine - Starting Servlet engine: [Apache Tomcat/10.1.18]
2026-06-20 19:18:05 [main] INFO  o.a.c.core.ContainerBase.[Tomcat].[localhost].[/] - Initializing Spring embedded WebApplicationContext
2026-06-20 19:18:05 [main] INFO  o.s.b.w.s.c.ServletWebServerApplicationContext - Root WebApplicationContext: initialization completed in 2730 ms
2026-06-20 19:18:06 [main] INFO  org.redisson.Version - Redisson 3.24.3
2026-06-20 19:18:06 [redisson-netty-2-5] INFO  o.r.connection.pool.MasterPubSubConnectionPool - 1 connections initialized for 192.168.200.128/192.168.200.128:6379
2026-06-20 19:18:06 [redisson-netty-2-19] INFO  org.redisson.connection.pool.MasterConnectionPool - 24 connections initialized for 192.168.200.128/192.168.200.128:6379
2026-06-20 19:18:08 [main] INFO  org.xiaoxu.service.OssService - OSS 客户端初始化完成, bucket=oss-inshanghai
2026-06-20 19:18:08 [main] INFO  o.xiaoxu.workflow.approval.ApprovalHandlerRegistry - 审批回调注册完成，已注册业务: [fulfillment-approval, leave-request]
2026-06-20 19:18:08 [main] INFO  o.f.spring.boot.cmmn.CmmnEngineAutoConfiguration - No deployment resources were found for autodeployment
2026-06-20 19:18:09 [main] INFO  o.f.spring.boot.dmn.DmnEngineAutoConfiguration - No deployment resources were found for autodeployment
2026-06-20 19:18:09 [main] INFO  o.f.s.b.e.EventRegistryAutoConfiguration - No deployment resources were found for autodeployment
2026-06-20 19:18:09 [main] INFO  o.f.spring.boot.app.AppEngineAutoConfiguration - No deployment resources were found for autodeployment
2026-06-20 19:18:09 [main] INFO  o.flowable.app.spring.SpringAppEngineConfiguration - Found 5 Engine Configurators in total:
2026-06-20 19:18:09 [main] INFO  o.flowable.app.spring.SpringAppEngineConfiguration - class org.flowable.engine.spring.configurator.SpringProcessEngineConfigurator (priority:50000)
2026-06-20 19:18:09 [main] INFO  o.flowable.app.spring.SpringAppEngineConfiguration - class org.flowable.eventregistry.spring.configurator.SpringEventRegistryConfigurator (priority:100000)
2026-06-20 19:18:09 [main] INFO  o.flowable.app.spring.SpringAppEngineConfiguration - class org.flowable.idm.spring.configurator.SpringIdmEngineConfigurator (priority:150000)
2026-06-20 19:18:09 [main] INFO  o.flowable.app.spring.SpringAppEngineConfiguration - class org.flowable.dmn.spring.configurator.SpringDmnEngineConfigurator (priority:200000)
2026-06-20 19:18:09 [main] INFO  o.flowable.app.spring.SpringAppEngineConfiguration - class org.flowable.cmmn.spring.configurator.SpringCmmnEngineConfigurator (priority:500000)
2026-06-20 19:18:09 [main] INFO  o.flowable.app.spring.SpringAppEngineConfiguration - Executing beforeInit() of class org.flowable.engine.spring.configurator.SpringProcessEngineConfigurator (priority:50000)
2026-06-20 19:18:09 [main] INFO  o.flowable.app.spring.SpringAppEngineConfiguration - Executing beforeInit() of class org.flowable.eventregistry.spring.configurator.SpringEventRegistryConfigurator (priority:100000)
2026-06-20 19:18:09 [main] INFO  o.flowable.app.spring.SpringAppEngineConfiguration - Executing beforeInit() of class org.flowable.idm.spring.configurator.SpringIdmEngineConfigurator (priority:150000)
2026-06-20 19:18:09 [main] INFO  o.flowable.app.spring.SpringAppEngineConfiguration - Executing beforeInit() of class org.flowable.dmn.spring.configurator.SpringDmnEngineConfigurator (priority:200000)
2026-06-20 19:18:09 [main] INFO  o.flowable.app.spring.SpringAppEngineConfiguration - Executing beforeInit() of class org.flowable.cmmn.spring.configurator.SpringCmmnEngineConfigurator (priority:500000)
2026-06-20 19:18:09 [main] INFO  com.zaxxer.hikari.HikariDataSource - HikariPool-1 - Starting...
2026-06-20 19:18:09 [main] INFO  com.zaxxer.hikari.pool.HikariPool - HikariPool-1 - Added connection com.mysql.cj.jdbc.ConnectionImpl@4c9ed40
2026-06-20 19:18:09 [main] INFO  com.zaxxer.hikari.HikariDataSource - HikariPool-1 - Start completed.
2026-06-20 19:18:10 [main] INFO  o.flowable.app.spring.SpringAppEngineConfiguration - Executing configure() of class org.flowable.engine.spring.configurator.SpringProcessEngineConfigurator (priority:50000)
2026-06-20 19:18:10 [main] INFO  org.flowable.engine.impl.ProcessEngineImpl - ProcessEngine default created
2026-06-20 19:18:10 [main] INFO  o.flowable.engine.impl.cmd.ValidateV5EntitiesCmd - Total of v5 deployments found: 0
2026-06-20 19:18:10 [main] INFO  o.flowable.app.spring.SpringAppEngineConfiguration - Executing configure() of class org.flowable.eventregistry.spring.configurator.SpringEventRegistryConfigurator (priority:100000)
2026-06-20 19:18:11 [main] INFO  liquibase.changelog - Reading from `2026mysql_ds`.FLW_EV_DATABASECHANGELOG
2026-06-20 19:18:11 [main] INFO  liquibase.changelog - Reading from `2026mysql_ds`.FLW_EV_DATABASECHANGELOG
2026-06-20 19:18:11 [main] INFO  liquibase.util - UPDATE SUMMARY
2026-06-20 19:18:11 [main] INFO  liquibase.util - Run:                          0
2026-06-20 19:18:11 [main] INFO  liquibase.util - Previously run:               3
2026-06-20 19:18:11 [main] INFO  liquibase.util - Filtered out:                 0
2026-06-20 19:18:11 [main] INFO  liquibase.util - -------------------------------
2026-06-20 19:18:11 [main] INFO  liquibase.util - Total change sets:            3
2026-06-20 19:18:11 [main] INFO  liquibase.util - Update summary generated
2026-06-20 19:18:11 [main] INFO  liquibase.lockservice - Successfully released change log lock
2026-06-20 19:18:11 [main] INFO  liquibase.command - Command execution complete
2026-06-20 19:18:11 [main] INFO  o.f.eventregistry.impl.EventRegistryEngineImpl - EventRegistryEngine default created
2026-06-20 19:18:11 [main] INFO  o.flowable.app.spring.SpringAppEngineConfiguration - Executing configure() of class org.flowable.idm.spring.configurator.SpringIdmEngineConfigurator (priority:150000)
2026-06-20 19:18:11 [main] INFO  org.flowable.idm.engine.impl.IdmEngineImpl - IdmEngine default created
2026-06-20 19:18:11 [main] INFO  o.flowable.app.spring.SpringAppEngineConfiguration - Executing configure() of class org.flowable.dmn.spring.configurator.SpringDmnEngineConfigurator (priority:200000)
2026-06-20 19:18:11 [main] INFO  liquibase.changelog - Reading from `2026mysql_ds`.ACT_DMN_DATABASECHANGELOG
2026-06-20 19:18:11 [main] INFO  liquibase.changelog - Reading from `2026mysql_ds`.ACT_DMN_DATABASECHANGELOG
2026-06-20 19:18:11 [main] INFO  liquibase.util - UPDATE SUMMARY
2026-06-20 19:18:11 [main] INFO  liquibase.util - Run:                          0
2026-06-20 19:18:11 [main] INFO  liquibase.util - Previously run:               9
2026-06-20 19:18:11 [main] INFO  liquibase.util - Filtered out:                 0
2026-06-20 19:18:11 [main] INFO  liquibase.util - -------------------------------
2026-06-20 19:18:11 [main] INFO  liquibase.util - Total change sets:            9
2026-06-20 19:18:11 [main] INFO  liquibase.util - Update summary generated
2026-06-20 19:18:11 [main] INFO  liquibase.lockservice - Successfully released change log lock
2026-06-20 19:18:11 [main] INFO  liquibase.command - Command execution complete
2026-06-20 19:18:11 [main] INFO  org.flowable.dmn.engine.impl.DmnEngineImpl - DmnEngine default created
2026-06-20 19:18:11 [main] INFO  o.flowable.app.spring.SpringAppEngineConfiguration - Executing configure() of class org.flowable.cmmn.spring.configurator.SpringCmmnEngineConfigurator (priority:500000)
2026-06-20 19:18:12 [main] INFO  liquibase.changelog - Reading from `2026mysql_ds`.ACT_CMMN_DATABASECHANGELOG
2026-06-20 19:18:12 [main] INFO  liquibase.changelog - Reading from `2026mysql_ds`.ACT_CMMN_DATABASECHANGELOG
2026-06-20 19:18:12 [main] INFO  liquibase.util - UPDATE SUMMARY
2026-06-20 19:18:12 [main] INFO  liquibase.util - Run:                          0
2026-06-20 19:18:12 [main] INFO  liquibase.util - Previously run:              16
2026-06-20 19:18:12 [main] INFO  liquibase.util - Filtered out:                 1
2026-06-20 19:18:12 [main] INFO  liquibase.util - -------------------------------
2026-06-20 19:18:12 [main] INFO  liquibase.util - Total change sets:           17
2026-06-20 19:18:12 [main] INFO  liquibase.util - FILTERED CHANGE SETS SUMMARY
2026-06-20 19:18:12 [main] INFO  liquibase.util - DBMS mismatch:                1
2026-06-20 19:18:12 [main] INFO  liquibase.util - Update summary generated
2026-06-20 19:18:12 [main] INFO  liquibase.lockservice - Successfully released change log lock
2026-06-20 19:18:12 [main] INFO  liquibase.command - Command execution complete
2026-06-20 19:18:12 [main] INFO  org.flowable.cmmn.engine.impl.CmmnEngineImpl - CmmnEngine default created
2026-06-20 19:18:12 [main] INFO  liquibase.changelog - Reading from `2026mysql_ds`.ACT_APP_DATABASECHANGELOG
2026-06-20 19:18:12 [main] INFO  liquibase.changelog - Reading from `2026mysql_ds`.ACT_APP_DATABASECHANGELOG
2026-06-20 19:18:12 [main] INFO  liquibase.util - UPDATE SUMMARY
2026-06-20 19:18:12 [main] INFO  liquibase.util - Run:                          0
2026-06-20 19:18:12 [main] INFO  liquibase.util - Previously run:               3
2026-06-20 19:18:12 [main] INFO  liquibase.util - Filtered out:                 0
2026-06-20 19:18:12 [main] INFO  liquibase.util - -------------------------------
2026-06-20 19:18:12 [main] INFO  liquibase.util - Total change sets:            3
2026-06-20 19:18:12 [main] INFO  liquibase.util - Update summary generated
2026-06-20 19:18:12 [main] INFO  liquibase.lockservice - Successfully released change log lock
2026-06-20 19:18:12 [main] INFO  liquibase.command - Command execution complete
2026-06-20 19:18:12 [main] INFO  org.flowable.app.engine.impl.AppEngineImpl - AppEngine default created
2026-06-20 19:18:13 [main] INFO  o.s.b.actuate.endpoint.web.EndpointLinksResolver - Exposing 1 endpoint(s) beneath base path '/actuator'
2026-06-20 19:18:13 [main] INFO  o.s.security.web.DefaultSecurityFilterChain - Will secure any request with [org.springframework.security.web.session.DisableEncodeUrlFilter@1c486bf5, org.springframework.security.web.context.request.async.WebAsyncManagerIntegrationFilter@380e9789, org.springframework.security.web.context.SecurityContextHolderFilter@38807f41, org.springframework.security.web.header.HeaderWriterFilter@10a163eb, org.springframework.web.filter.CorsFilter@e2696e8, org.springframework.security.web.authentication.logout.LogoutFilter@384523b7, org.xiaoxu.auth.TokenAuthenticationFilter@2b55ea4d, org.springframework.security.web.savedrequest.RequestCacheAwareFilter@312ef7be, org.springframework.security.web.servletapi.SecurityContextHolderAwareRequestFilter@52abd35, org.springframework.security.web.authentication.AnonymousAuthenticationFilter@64649a13, org.springframework.security.web.session.SessionManagementFilter@694970c1, org.springframework.security.web.access.ExceptionTranslationFilter@6cb18bfb, org.springframework.security.web.access.intercept.AuthorizationFilter@39a1cc4a]
2026-06-20 19:18:14 [main] INFO  com.xxl.job.core.executor.XxlJobExecutor - >>>>>>>>>>> xxl-job register jobhandler success, name:sendLeaveApprovalNotify, jobHandler:com.xxl.job.core.handler.impl.MethodJobHandler@60394608[class org.xiaoxu.workflow.job.ApprovalNotifyJobHandler#sendLeaveApprovalNotify]
2026-06-20 19:18:14 [main] INFO  com.xxl.job.core.executor.XxlJobExecutor - >>>>>>>>>>> xxl-job register jobhandler success, name:sendFulfillmentApprovalNotify, jobHandler:com.xxl.job.core.handler.impl.MethodJobHandler@506794a9[class org.xiaoxu.workflow.job.ApprovalNotifyJobHandler#sendFulfillmentApprovalNotify]
2026-06-20 19:18:14 [main] INFO  o.f.j.s.impl.asyncexecutor.AbstractAsyncExecutor - Starting up the async job executor [org.flowable.spring.job.service.SpringAsyncExecutor] for engine cmmn
2026-06-20 19:18:14 [Thread-8] INFO  o.f.j.s.i.asyncexecutor.ResetExpiredJobsRunnable - starting to reset expired jobs for engine cmmn
2026-06-20 19:18:14 [main] INFO  o.f.j.s.impl.asyncexecutor.AbstractAsyncExecutor - Starting up the async job executor [org.flowable.spring.job.service.SpringAsyncExecutor] for engine bpmn
2026-06-20 19:18:14 [Thread-7] INFO  o.f.j.s.i.asyncexecutor.AcquireTimerJobsRunnable - starting to acquire async jobs due for engine cmmn
2026-06-20 19:18:14 [Thread-6] INFO  o.f.j.s.i.a.AcquireAsyncJobsDueRunnable - starting to acquire async jobs due for engine cmmn
2026-06-20 19:18:14 [main] INFO  o.f.s.configurator.DefaultAutoDeploymentStrategy - Deploying resources [file [E:\programs\java_arsenal\permission-system\target\classes\processes\fulfillment-approval.bpmn20.xml], file [E:\programs\java_arsenal\permission-system\target\classes\processes\leave-request.bpmn20.xml]] for engine org.flowable.engine.impl.ProcessEngineImpl@50bb4ece deployment name hint SpringBootAutoDeployment
2026-06-20 19:18:14 [Thread-10] INFO  o.f.j.s.i.asyncexecutor.AcquireTimerJobsRunnable - starting to acquire async jobs due for engine bpmn
2026-06-20 19:18:14 [Thread-9] INFO  o.f.j.s.i.a.AcquireAsyncJobsDueRunnable - starting to acquire async jobs due for engine bpmn
2026-06-20 19:18:14 [Thread-11] INFO  o.f.j.s.i.asyncexecutor.ResetExpiredJobsRunnable - starting to reset expired jobs for engine bpmn
2026-06-20 19:18:14 [main] INFO  org.apache.coyote.http11.Http11NioProtocol - Starting ProtocolHandler ["http-nio-13690"]
2026-06-20 19:18:14 [main] INFO  o.s.boot.web.embedded.tomcat.TomcatWebServer - Tomcat started on port 13690 (http) with context path ''
2026-06-20 19:18:14 [main] INFO  org.xiaoxu.PermissionApplication - Started PermissionApplication in 11.981 seconds (process running for 13.18)
2026-06-20 19:18:14 [Thread-5] INFO  com.xxl.job.core.server.EmbedServer - >>>>>>>>>>> xxl-job remoting server start success, nettype = class com.xxl.job.core.server.EmbedServer, port = 9998
2026-06-20 19:18:14 [RMI TCP Connection(3)-192.168.1.2] INFO  o.a.c.core.ContainerBase.[Tomcat].[localhost].[/] - Initializing Spring DispatcherServlet 'dispatcherServlet'
2026-06-20 19:18:14 [RMI TCP Connection(3)-192.168.1.2] INFO  org.springframework.web.servlet.DispatcherServlet - Initializing Servlet 'dispatcherServlet'
2026-06-20 19:18:14 [RMI TCP Connection(3)-192.168.1.2] INFO  org.springframework.web.servlet.DispatcherServlet - Completed initialization in 3 ms
2026-06-20 19:19:14 [http-nio-13690-exec-4] INFO  org.xiaoxu.service.MenuService - 用户[1]的角色IDs: [1]
2026-06-20 19:19:14 [http-nio-13690-exec-4] INFO  org.xiaoxu.service.MenuService - 用户[1]的菜单IDs: [1, 2, 130, 3, 4, 5, 6, 7, 8, 9, 10, 11, 12, 13, 14, 15, 16, 100, 101, 102, 103, 104, 105, 106, 107, 108, 109, 110, 120]
2026-06-20 19:19:45 [http-nio-13690-exec-3] INFO  org.xiaoxu.service.MenuService - 用户[6]的角色IDs: [13]
2026-06-20 19:19:45 [http-nio-13690-exec-3] INFO  org.xiaoxu.service.MenuService - 用户[6]的菜单IDs: [100, 101, 104, 105]
2026-06-20 19:22:35 [http-nio-13690-exec-4] INFO  org.xiaoxu.service.MenuService - 用户[1]的角色IDs: [1]
2026-06-20 19:22:35 [http-nio-13690-exec-4] INFO  org.xiaoxu.service.MenuService - 用户[1]的菜单IDs: [1, 2, 130, 3, 4, 5, 6, 7, 8, 9, 10, 11, 12, 13, 14, 15, 16, 100, 101, 102, 103, 104, 105, 106, 107, 108, 109, 110, 120]
2026-06-20 19:22:50 [http-nio-13690-exec-1] INFO  org.xiaoxu.service.MenuService - 用户[1]的角色IDs: [1]
2026-06-20 19:22:50 [http-nio-13690-exec-1] INFO  org.xiaoxu.service.MenuService - 用户[1]的菜单IDs: [1, 2, 130, 3, 4, 5, 6, 7, 8, 9, 10, 11, 12, 13, 14, 15, 16, 100, 101, 102, 103, 104, 105, 106, 107, 108, 109, 110, 120]
2026-06-20 19:23:03 [http-nio-13690-exec-7] INFO  org.xiaoxu.service.MenuService - 用户[2]的角色IDs: [3]
2026-06-20 19:23:03 [http-nio-13690-exec-7] INFO  org.xiaoxu.service.MenuService - 用户[2]的菜单IDs: [3, 4, 6, 10]
2026-06-20 19:25:07 [Thread-5] INFO  com.xxl.job.core.server.EmbedServer - >>>>>>>>>>> xxl-job remoting server stop.
2026-06-20 19:25:07 [xxl-job, executor ExecutorRegistryThread] INFO  com.xxl.job.core.thread.ExecutorRegistryThread - >>>>>>>>>>> xxl-job registry-remove success, registryParam:RegistryParam{registryGroup='EXECUTOR', registryKey='permission-job-executor', registryValue='http://192.168.1.2:9998/'}, registryResult:ReturnT [code=200, msg=null, content=null]
2026-06-20 19:25:07 [xxl-job, executor ExecutorRegistryThread] INFO  com.xxl.job.core.thread.ExecutorRegistryThread - >>>>>>>>>>> xxl-job, executor registry thread destroy.
2026-06-20 19:25:07 [SpringApplicationShutdownHook] INFO  com.xxl.job.core.server.EmbedServer - >>>>>>>>>>> xxl-job remoting server destroy success.
2026-06-20 19:25:07 [xxl-job, executor JobLogFileCleanThread] INFO  com.xxl.job.core.thread.JobLogFileCleanThread - >>>>>>>>>>> xxl-job, executor JobLogFileCleanThread thread destroy.
2026-06-20 19:25:07 [xxl-job, executor TriggerCallbackThread] INFO  com.xxl.job.core.thread.TriggerCallbackThread - >>>>>>>>>>> xxl-job, executor callback thread destroy.
2026-06-20 19:25:07 [Thread-4] INFO  com.xxl.job.core.thread.TriggerCallbackThread - >>>>>>>>>>> xxl-job, executor retry callback thread destroy.
2026-06-20 19:25:07 [SpringApplicationShutdownHook] INFO  o.f.j.s.impl.asyncexecutor.AbstractAsyncExecutor - Shutting down the async job executor [org.flowable.spring.job.service.SpringAsyncExecutor] for engine cmmn
2026-06-20 19:25:07 [flowable-cmmn-acquire-async-jobs] INFO  o.f.j.s.i.a.AcquireAsyncJobsDueRunnable - stopped async job due acquisition for engine cmmn
2026-06-20 19:25:07 [flowable-cmmn-acquire-timer-jobs] INFO  o.f.j.s.i.asyncexecutor.AcquireTimerJobsRunnable - stopped async job due acquisition for engine cmmn
2026-06-20 19:25:07 [flowable-cmmn-reset-expired-jobs] INFO  o.f.j.s.i.asyncexecutor.ResetExpiredJobsRunnable - stopped resetting expired jobs for engine cmmn
2026-06-20 19:25:07 [SpringApplicationShutdownHook] INFO  o.f.j.s.impl.asyncexecutor.AbstractAsyncExecutor - Shutting down the async job executor [org.flowable.spring.job.service.SpringAsyncExecutor] for engine bpmn
2026-06-20 19:25:07 [flowable-bpmn-acquire-async-jobs] INFO  o.f.j.s.i.a.AcquireAsyncJobsDueRunnable - stopped async job due acquisition for engine bpmn
2026-06-20 19:25:07 [flowable-bpmn-reset-expired-jobs] INFO  o.f.j.s.i.asyncexecutor.ResetExpiredJobsRunnable - stopped resetting expired jobs for engine bpmn
2026-06-20 19:25:07 [flowable-bpmn-acquire-timer-jobs] INFO  o.f.j.s.i.asyncexecutor.AcquireTimerJobsRunnable - stopped async job due acquisition for engine bpmn
2026-06-20 19:25:07 [SpringApplicationShutdownHook] INFO  com.zaxxer.hikari.HikariDataSource - HikariPool-1 - Shutdown initiated...
2026-06-20 21:47:55 [background-preinit] INFO  org.hibernate.validator.internal.util.Version - HV000001: Hibernate Validator 8.0.1.Final
2026-06-20 21:47:55 [main] INFO  org.xiaoxu.PermissionApplication - Starting PermissionApplication using Java 17.0.12 with PID 69216 (E:\programs\java_arsenal\permission-system\target\classes started by tingq in E:\programs\java_arsenal)
2026-06-20 21:47:55 [main] INFO  org.xiaoxu.PermissionApplication - The following 1 profile is active: "local"
2026-06-20 21:47:57 [main] INFO  o.s.d.r.config.RepositoryConfigurationDelegate - Multiple Spring Data modules found, entering strict repository configuration mode
2026-06-20 21:47:57 [main] INFO  o.s.d.r.config.RepositoryConfigurationDelegate - Bootstrapping Spring Data Redis repositories in DEFAULT mode.
2026-06-20 21:47:57 [main] INFO  o.s.d.r.config.RepositoryConfigurationDelegate - Finished Spring Data repository scanning in 40 ms. Found 0 Redis repository interfaces.
2026-06-20 21:47:57 [main] WARN  o.s.c.s.PostProcessorRegistrationDelegate$BeanPostProcessorChecker - Bean 'com.alicp.jetcache.anno.config.JetCacheProxyConfiguration' of type [com.alicp.jetcache.anno.config.JetCacheProxyConfiguration$$SpringCGLIB$$0] is not eligible for getting processed by all BeanPostProcessors (for example: not eligible for auto-proxying). Is this bean getting eagerly injected into a currently created BeanPostProcessor [meterRegistryPostProcessor]? Check the corresponding BeanPostProcessor declaration and its dependencies.
2026-06-20 21:47:58 [main] WARN  o.s.c.s.PostProcessorRegistrationDelegate$BeanPostProcessorChecker - Bean 'com.alicp.jetcache.anno.config.CommonConfiguration' of type [com.alicp.jetcache.anno.config.CommonConfiguration$$SpringCGLIB$$0] is not eligible for getting processed by all BeanPostProcessors (for example: not eligible for auto-proxying). Is this bean getting eagerly injected into a currently created BeanPostProcessor [meterRegistryPostProcessor]? Check the corresponding BeanPostProcessor declaration and its dependencies.
2026-06-20 21:47:58 [main] INFO  o.s.boot.web.embedded.tomcat.TomcatWebServer - Tomcat initialized with port 13690 (http)
2026-06-20 21:47:58 [main] INFO  org.apache.coyote.http11.Http11NioProtocol - Initializing ProtocolHandler ["http-nio-13690"]
2026-06-20 21:47:58 [main] INFO  org.apache.catalina.core.StandardService - Starting service [Tomcat]
2026-06-20 21:47:58 [main] INFO  org.apache.catalina.core.StandardEngine - Starting Servlet engine: [Apache Tomcat/10.1.18]
2026-06-20 21:47:58 [main] INFO  o.a.c.core.ContainerBase.[Tomcat].[localhost].[/] - Initializing Spring embedded WebApplicationContext
2026-06-20 21:47:58 [main] INFO  o.s.b.w.s.c.ServletWebServerApplicationContext - Root WebApplicationContext: initialization completed in 3282 ms
2026-06-20 21:47:59 [main] INFO  org.redisson.Version - Redisson 3.24.3
2026-06-20 21:47:59 [redisson-netty-2-5] INFO  o.r.connection.pool.MasterPubSubConnectionPool - 1 connections initialized for 192.168.200.128/192.168.200.128:6379
2026-06-20 21:48:00 [redisson-netty-2-19] INFO  org.redisson.connection.pool.MasterConnectionPool - 24 connections initialized for 192.168.200.128/192.168.200.128:6379
2026-06-20 21:48:01 [main] INFO  org.xiaoxu.service.OssService - OSS 客户端初始化完成, bucket=oss-inshanghai
2026-06-20 21:48:01 [main] INFO  o.xiaoxu.workflow.approval.ApprovalHandlerRegistry - 审批回调注册完成，已注册业务: [fulfillment-approval, leave-request]
2026-06-20 21:48:02 [main] INFO  o.f.spring.boot.cmmn.CmmnEngineAutoConfiguration - No deployment resources were found for autodeployment
2026-06-20 21:48:02 [main] INFO  o.f.spring.boot.dmn.DmnEngineAutoConfiguration - No deployment resources were found for autodeployment
2026-06-20 21:48:02 [main] INFO  o.f.s.b.e.EventRegistryAutoConfiguration - No deployment resources were found for autodeployment
2026-06-20 21:48:03 [main] INFO  o.f.spring.boot.app.AppEngineAutoConfiguration - No deployment resources were found for autodeployment
2026-06-20 21:48:03 [main] INFO  o.flowable.app.spring.SpringAppEngineConfiguration - Found 5 Engine Configurators in total:
2026-06-20 21:48:03 [main] INFO  o.flowable.app.spring.SpringAppEngineConfiguration - class org.flowable.engine.spring.configurator.SpringProcessEngineConfigurator (priority:50000)
2026-06-20 21:48:03 [main] INFO  o.flowable.app.spring.SpringAppEngineConfiguration - class org.flowable.eventregistry.spring.configurator.SpringEventRegistryConfigurator (priority:100000)
2026-06-20 21:48:03 [main] INFO  o.flowable.app.spring.SpringAppEngineConfiguration - class org.flowable.idm.spring.configurator.SpringIdmEngineConfigurator (priority:150000)
2026-06-20 21:48:03 [main] INFO  o.flowable.app.spring.SpringAppEngineConfiguration - class org.flowable.dmn.spring.configurator.SpringDmnEngineConfigurator (priority:200000)
2026-06-20 21:48:03 [main] INFO  o.flowable.app.spring.SpringAppEngineConfiguration - class org.flowable.cmmn.spring.configurator.SpringCmmnEngineConfigurator (priority:500000)
2026-06-20 21:48:03 [main] INFO  o.flowable.app.spring.SpringAppEngineConfiguration - Executing beforeInit() of class org.flowable.engine.spring.configurator.SpringProcessEngineConfigurator (priority:50000)
2026-06-20 21:48:03 [main] INFO  o.flowable.app.spring.SpringAppEngineConfiguration - Executing beforeInit() of class org.flowable.eventregistry.spring.configurator.SpringEventRegistryConfigurator (priority:100000)
2026-06-20 21:48:03 [main] INFO  o.flowable.app.spring.SpringAppEngineConfiguration - Executing beforeInit() of class org.flowable.idm.spring.configurator.SpringIdmEngineConfigurator (priority:150000)
2026-06-20 21:48:03 [main] INFO  o.flowable.app.spring.SpringAppEngineConfiguration - Executing beforeInit() of class org.flowable.dmn.spring.configurator.SpringDmnEngineConfigurator (priority:200000)
2026-06-20 21:48:03 [main] INFO  o.flowable.app.spring.SpringAppEngineConfiguration - Executing beforeInit() of class org.flowable.cmmn.spring.configurator.SpringCmmnEngineConfigurator (priority:500000)
2026-06-20 21:48:03 [main] INFO  com.zaxxer.hikari.HikariDataSource - HikariPool-1 - Starting...
2026-06-20 21:48:03 [main] INFO  com.zaxxer.hikari.pool.HikariPool - HikariPool-1 - Added connection com.mysql.cj.jdbc.ConnectionImpl@5acbef42
2026-06-20 21:48:03 [main] INFO  com.zaxxer.hikari.HikariDataSource - HikariPool-1 - Start completed.
2026-06-20 21:48:04 [main] INFO  o.flowable.app.spring.SpringAppEngineConfiguration - Executing configure() of class org.flowable.engine.spring.configurator.SpringProcessEngineConfigurator (priority:50000)
2026-06-20 21:48:05 [main] INFO  org.flowable.engine.impl.ProcessEngineImpl - ProcessEngine default created
2026-06-20 21:48:05 [main] INFO  o.flowable.engine.impl.cmd.ValidateV5EntitiesCmd - Total of v5 deployments found: 0
2026-06-20 21:48:05 [main] INFO  o.flowable.app.spring.SpringAppEngineConfiguration - Executing configure() of class org.flowable.eventregistry.spring.configurator.SpringEventRegistryConfigurator (priority:100000)
2026-06-20 21:48:06 [main] INFO  liquibase.changelog - Reading from `2026mysql_ds`.FLW_EV_DATABASECHANGELOG
2026-06-20 21:48:06 [main] INFO  liquibase.changelog - Reading from `2026mysql_ds`.FLW_EV_DATABASECHANGELOG
2026-06-20 21:48:06 [main] INFO  liquibase.util - UPDATE SUMMARY
2026-06-20 21:48:06 [main] INFO  liquibase.util - Run:                          0
2026-06-20 21:48:06 [main] INFO  liquibase.util - Previously run:               3
2026-06-20 21:48:06 [main] INFO  liquibase.util - Filtered out:                 0
2026-06-20 21:48:06 [main] INFO  liquibase.util - -------------------------------
2026-06-20 21:48:06 [main] INFO  liquibase.util - Total change sets:            3
2026-06-20 21:48:06 [main] INFO  liquibase.util - Update summary generated
2026-06-20 21:48:06 [main] INFO  liquibase.lockservice - Successfully released change log lock
2026-06-20 21:48:06 [main] INFO  liquibase.command - Command execution complete
2026-06-20 21:48:06 [main] INFO  o.f.eventregistry.impl.EventRegistryEngineImpl - EventRegistryEngine default created
2026-06-20 21:48:06 [main] INFO  o.flowable.app.spring.SpringAppEngineConfiguration - Executing configure() of class org.flowable.idm.spring.configurator.SpringIdmEngineConfigurator (priority:150000)
2026-06-20 21:48:06 [main] INFO  org.flowable.idm.engine.impl.IdmEngineImpl - IdmEngine default created
2026-06-20 21:48:06 [main] INFO  o.flowable.app.spring.SpringAppEngineConfiguration - Executing configure() of class org.flowable.dmn.spring.configurator.SpringDmnEngineConfigurator (priority:200000)
2026-06-20 21:48:06 [main] INFO  liquibase.changelog - Reading from `2026mysql_ds`.ACT_DMN_DATABASECHANGELOG
2026-06-20 21:48:06 [main] INFO  liquibase.changelog - Reading from `2026mysql_ds`.ACT_DMN_DATABASECHANGELOG
2026-06-20 21:48:06 [main] INFO  liquibase.util - UPDATE SUMMARY
2026-06-20 21:48:06 [main] INFO  liquibase.util - Run:                          0
2026-06-20 21:48:06 [main] INFO  liquibase.util - Previously run:               9
2026-06-20 21:48:06 [main] INFO  liquibase.util - Filtered out:                 0
2026-06-20 21:48:06 [main] INFO  liquibase.util - -------------------------------
2026-06-20 21:48:06 [main] INFO  liquibase.util - Total change sets:            9
2026-06-20 21:48:06 [main] INFO  liquibase.util - Update summary generated
2026-06-20 21:48:06 [main] INFO  liquibase.lockservice - Successfully released change log lock
2026-06-20 21:48:06 [main] INFO  liquibase.command - Command execution complete
2026-06-20 21:48:06 [main] INFO  org.flowable.dmn.engine.impl.DmnEngineImpl - DmnEngine default created
2026-06-20 21:48:06 [main] INFO  o.flowable.app.spring.SpringAppEngineConfiguration - Executing configure() of class org.flowable.cmmn.spring.configurator.SpringCmmnEngineConfigurator (priority:500000)
2026-06-20 21:48:07 [main] INFO  liquibase.changelog - Reading from `2026mysql_ds`.ACT_CMMN_DATABASECHANGELOG
2026-06-20 21:48:07 [main] INFO  liquibase.changelog - Reading from `2026mysql_ds`.ACT_CMMN_DATABASECHANGELOG
2026-06-20 21:48:07 [main] INFO  liquibase.util - UPDATE SUMMARY
2026-06-20 21:48:07 [main] INFO  liquibase.util - Run:                          0
2026-06-20 21:48:07 [main] INFO  liquibase.util - Previously run:              16
2026-06-20 21:48:07 [main] INFO  liquibase.util - Filtered out:                 1
2026-06-20 21:48:07 [main] INFO  liquibase.util - -------------------------------
2026-06-20 21:48:07 [main] INFO  liquibase.util - Total change sets:           17
2026-06-20 21:48:07 [main] INFO  liquibase.util - FILTERED CHANGE SETS SUMMARY
2026-06-20 21:48:07 [main] INFO  liquibase.util - DBMS mismatch:                1
2026-06-20 21:48:07 [main] INFO  liquibase.util - Update summary generated
2026-06-20 21:48:07 [main] INFO  liquibase.lockservice - Successfully released change log lock
2026-06-20 21:48:07 [main] INFO  liquibase.command - Command execution complete
2026-06-20 21:48:07 [main] INFO  org.flowable.cmmn.engine.impl.CmmnEngineImpl - CmmnEngine default created
2026-06-20 21:48:07 [main] INFO  liquibase.changelog - Reading from `2026mysql_ds`.ACT_APP_DATABASECHANGELOG
2026-06-20 21:48:07 [main] INFO  liquibase.changelog - Reading from `2026mysql_ds`.ACT_APP_DATABASECHANGELOG
2026-06-20 21:48:07 [main] INFO  liquibase.util - UPDATE SUMMARY
2026-06-20 21:48:07 [main] INFO  liquibase.util - Run:                          0
2026-06-20 21:48:07 [main] INFO  liquibase.util - Previously run:               3
2026-06-20 21:48:07 [main] INFO  liquibase.util - Filtered out:                 0
2026-06-20 21:48:07 [main] INFO  liquibase.util - -------------------------------
2026-06-20 21:48:07 [main] INFO  liquibase.util - Total change sets:            3
2026-06-20 21:48:07 [main] INFO  liquibase.util - Update summary generated
2026-06-20 21:48:07 [main] INFO  liquibase.lockservice - Successfully released change log lock
2026-06-20 21:48:07 [main] INFO  liquibase.command - Command execution complete
2026-06-20 21:48:07 [main] INFO  org.flowable.app.engine.impl.AppEngineImpl - AppEngine default created
2026-06-20 21:48:08 [main] INFO  o.s.b.actuate.endpoint.web.EndpointLinksResolver - Exposing 1 endpoint(s) beneath base path '/actuator'
2026-06-20 21:48:08 [main] INFO  o.s.security.web.DefaultSecurityFilterChain - Will secure any request with [org.springframework.security.web.session.DisableEncodeUrlFilter@2d277a9a, org.springframework.security.web.context.request.async.WebAsyncManagerIntegrationFilter@6bfdf320, org.springframework.security.web.context.SecurityContextHolderFilter@1d4f758d, org.springframework.security.web.header.HeaderWriterFilter@79b094a3, org.springframework.web.filter.CorsFilter@744673f3, org.springframework.security.web.authentication.logout.LogoutFilter@5bee83b5, org.xiaoxu.auth.TokenAuthenticationFilter@7a6e0f3c, org.springframework.security.web.savedrequest.RequestCacheAwareFilter@21d46900, org.springframework.security.web.servletapi.SecurityContextHolderAwareRequestFilter@41327ce3, org.springframework.security.web.authentication.AnonymousAuthenticationFilter@44233945, org.springframework.security.web.session.SessionManagementFilter@43ff3929, org.springframework.security.web.access.ExceptionTranslationFilter@41518c1d, org.springframework.security.web.access.intercept.AuthorizationFilter@29f936dc]
2026-06-20 21:48:09 [main] INFO  com.xxl.job.core.executor.XxlJobExecutor - >>>>>>>>>>> xxl-job register jobhandler success, name:sendFulfillmentApprovalNotify, jobHandler:com.xxl.job.core.handler.impl.MethodJobHandler@4541cb5a[class org.xiaoxu.workflow.job.ApprovalNotifyJobHandler#sendFulfillmentApprovalNotify]
2026-06-20 21:48:09 [main] INFO  com.xxl.job.core.executor.XxlJobExecutor - >>>>>>>>>>> xxl-job register jobhandler success, name:sendLeaveApprovalNotify, jobHandler:com.xxl.job.core.handler.impl.MethodJobHandler@3b2f0b96[class org.xiaoxu.workflow.job.ApprovalNotifyJobHandler#sendLeaveApprovalNotify]
2026-06-20 21:48:09 [main] INFO  o.f.j.s.impl.asyncexecutor.AbstractAsyncExecutor - Starting up the async job executor [org.flowable.spring.job.service.SpringAsyncExecutor] for engine cmmn
2026-06-20 21:48:09 [Thread-8] INFO  o.f.j.s.i.asyncexecutor.ResetExpiredJobsRunnable - starting to reset expired jobs for engine cmmn
2026-06-20 21:48:09 [main] INFO  o.f.j.s.impl.asyncexecutor.AbstractAsyncExecutor - Starting up the async job executor [org.flowable.spring.job.service.SpringAsyncExecutor] for engine bpmn
2026-06-20 21:48:09 [Thread-7] INFO  o.f.j.s.i.asyncexecutor.AcquireTimerJobsRunnable - starting to acquire async jobs due for engine cmmn
2026-06-20 21:48:09 [Thread-6] INFO  o.f.j.s.i.a.AcquireAsyncJobsDueRunnable - starting to acquire async jobs due for engine cmmn
2026-06-20 21:48:09 [main] INFO  o.f.s.configurator.DefaultAutoDeploymentStrategy - Deploying resources [file [E:\programs\java_arsenal\permission-system\target\classes\processes\fulfillment-approval.bpmn20.xml], file [E:\programs\java_arsenal\permission-system\target\classes\processes\leave-request.bpmn20.xml]] for engine org.flowable.engine.impl.ProcessEngineImpl@3ffbe9f8 deployment name hint SpringBootAutoDeployment
2026-06-20 21:48:09 [Thread-9] INFO  o.f.j.s.i.a.AcquireAsyncJobsDueRunnable - starting to acquire async jobs due for engine bpmn
2026-06-20 21:48:09 [Thread-10] INFO  o.f.j.s.i.asyncexecutor.AcquireTimerJobsRunnable - starting to acquire async jobs due for engine bpmn
2026-06-20 21:48:09 [Thread-11] INFO  o.f.j.s.i.asyncexecutor.ResetExpiredJobsRunnable - starting to reset expired jobs for engine bpmn
2026-06-20 21:48:09 [main] INFO  org.apache.coyote.http11.Http11NioProtocol - Starting ProtocolHandler ["http-nio-13690"]
2026-06-20 21:48:09 [main] INFO  o.s.boot.web.embedded.tomcat.TomcatWebServer - Tomcat started on port 13690 (http) with context path ''
2026-06-20 21:48:09 [main] INFO  org.xiaoxu.PermissionApplication - Started PermissionApplication in 15.149 seconds (process running for 16.434)
2026-06-20 21:48:09 [Thread-5] INFO  com.xxl.job.core.server.EmbedServer - >>>>>>>>>>> xxl-job remoting server start success, nettype = class com.xxl.job.core.server.EmbedServer, port = 9998
2026-06-20 21:48:10 [RMI TCP Connection(1)-192.168.1.2] INFO  o.a.c.core.ContainerBase.[Tomcat].[localhost].[/] - Initializing Spring DispatcherServlet 'dispatcherServlet'
2026-06-20 21:48:10 [RMI TCP Connection(1)-192.168.1.2] INFO  org.springframework.web.servlet.DispatcherServlet - Initializing Servlet 'dispatcherServlet'
2026-06-20 21:48:10 [RMI TCP Connection(1)-192.168.1.2] INFO  org.springframework.web.servlet.DispatcherServlet - Completed initialization in 1 ms
2026-06-20 21:48:13 [http-nio-13690-exec-10] INFO  org.xiaoxu.service.MenuService - 用户[2]的角色IDs: [3]
2026-06-20 21:48:13 [http-nio-13690-exec-10] INFO  org.xiaoxu.service.MenuService - 用户[2]的菜单IDs: [3, 4, 6, 10]
2026-06-20 21:48:18 [http-nio-13690-exec-5] INFO  org.xiaoxu.service.MenuService - 用户[1]的角色IDs: [1]
2026-06-20 21:48:18 [http-nio-13690-exec-5] INFO  org.xiaoxu.service.MenuService - 用户[1]的菜单IDs: [1, 2, 130, 3, 4, 5, 6, 7, 8, 9, 10, 11, 12, 13, 14, 15, 16, 100, 101, 102, 103, 104, 105, 106, 107, 108, 109, 110, 120]
2026-06-20 21:48:59 [http-nio-13690-exec-3] INFO  org.xiaoxu.service.MenuService - 用户[1]的角色IDs: [1]
2026-06-20 21:48:59 [http-nio-13690-exec-3] INFO  org.xiaoxu.service.MenuService - 用户[1]的菜单IDs: [1, 2, 130, 3, 4, 5, 6, 7, 8, 9, 10, 11, 12, 13, 14, 15, 16, 100, 101, 102, 103, 104, 105, 106, 107, 108, 109, 110, 120]
2026-06-20 21:49:09 [http-nio-13690-exec-8] INFO  org.xiaoxu.service.MenuService - 用户[1]的角色IDs: [1]
2026-06-20 21:49:09 [http-nio-13690-exec-8] INFO  org.xiaoxu.service.MenuService - 用户[1]的菜单IDs: [1, 2, 130, 3, 4, 5, 6, 7, 8, 9, 10, 11, 12, 13, 14, 15, 16, 100, 101, 102, 103, 104, 105, 106, 107, 108, 109, 110, 120]
