2026-06-19 09:13:56 [background-preinit] INFO  org.hibernate.validator.internal.util.Version - HV000001: Hibernate Validator 8.0.1.Final
2026-06-19 09:13:56 [main] INFO  org.xiaoxu.PermissionApplication - Starting PermissionApplication using Java 17.0.12 with PID 27304 (E:\programs\java_arsenal\permission-system\target\classes started by tingq in E:\programs\java_arsenal)
2026-06-19 09:13:56 [main] INFO  org.xiaoxu.PermissionApplication - The following 1 profile is active: "pro"
2026-06-19 09:13:59 [main] INFO  o.s.d.r.config.RepositoryConfigurationDelegate - Multiple Spring Data modules found, entering strict repository configuration mode
2026-06-19 09:13:59 [main] INFO  o.s.d.r.config.RepositoryConfigurationDelegate - Bootstrapping Spring Data Redis repositories in DEFAULT mode.
2026-06-19 09:13:59 [main] INFO  o.s.d.r.config.RepositoryConfigurationDelegate - Finished Spring Data repository scanning in 48 ms. Found 0 Redis repository interfaces.
2026-06-19 09:13:59 [main] WARN  o.s.c.s.PostProcessorRegistrationDelegate$BeanPostProcessorChecker - Bean 'com.alicp.jetcache.anno.config.JetCacheProxyConfiguration' of type [com.alicp.jetcache.anno.config.JetCacheProxyConfiguration$$SpringCGLIB$$0] is not eligible for getting processed by all BeanPostProcessors (for example: not eligible for auto-proxying). Is this bean getting eagerly injected into a currently created BeanPostProcessor [meterRegistryPostProcessor]? Check the corresponding BeanPostProcessor declaration and its dependencies.
2026-06-19 09:13:59 [main] WARN  o.s.c.s.PostProcessorRegistrationDelegate$BeanPostProcessorChecker - Bean 'com.alicp.jetcache.anno.config.CommonConfiguration' of type [com.alicp.jetcache.anno.config.CommonConfiguration$$SpringCGLIB$$0] is not eligible for getting processed by all BeanPostProcessors (for example: not eligible for auto-proxying). Is this bean getting eagerly injected into a currently created BeanPostProcessor [meterRegistryPostProcessor]? Check the corresponding BeanPostProcessor declaration and its dependencies.
2026-06-19 09:14:00 [main] INFO  o.s.boot.web.embedded.tomcat.TomcatWebServer - Tomcat initialized with port 13690 (http)
2026-06-19 09:14:00 [main] INFO  org.apache.coyote.http11.Http11NioProtocol - Initializing ProtocolHandler ["http-nio-13690"]
2026-06-19 09:14:00 [main] INFO  org.apache.catalina.core.StandardService - Starting service [Tomcat]
2026-06-19 09:14:00 [main] INFO  org.apache.catalina.core.StandardEngine - Starting Servlet engine: [Apache Tomcat/10.1.18]
2026-06-19 09:14:00 [main] INFO  o.a.c.core.ContainerBase.[Tomcat].[localhost].[/] - Initializing Spring embedded WebApplicationContext
2026-06-19 09:14:00 [main] INFO  o.s.b.w.s.c.ServletWebServerApplicationContext - Root WebApplicationContext: initialization completed in 3999 ms
2026-06-19 09:14:01 [main] INFO  org.redisson.Version - Redisson 3.24.3
2026-06-19 09:14:01 [redisson-netty-2-5] INFO  o.r.connection.pool.MasterPubSubConnectionPool - 1 connections initialized for 192.168.200.128/192.168.200.128:6379
2026-06-19 09:14:01 [redisson-netty-2-19] INFO  org.redisson.connection.pool.MasterConnectionPool - 24 connections initialized for 192.168.200.128/192.168.200.128:6379
2026-06-19 09:14:03 [main] INFO  o.xiaoxu.workflow.approval.ApprovalHandlerRegistry - 审批回调注册完成，已注册业务: [fulfillment-approval, leave-request]
2026-06-19 09:14:03 [main] INFO  o.f.spring.boot.cmmn.CmmnEngineAutoConfiguration - No deployment resources were found for autodeployment
2026-06-19 09:14:03 [main] INFO  o.f.spring.boot.dmn.DmnEngineAutoConfiguration - No deployment resources were found for autodeployment
2026-06-19 09:14:04 [main] INFO  o.f.s.b.e.EventRegistryAutoConfiguration - No deployment resources were found for autodeployment
2026-06-19 09:14:04 [main] INFO  o.f.spring.boot.app.AppEngineAutoConfiguration - No deployment resources were found for autodeployment
2026-06-19 09:14:04 [main] INFO  o.flowable.app.spring.SpringAppEngineConfiguration - Found 5 Engine Configurators in total:
2026-06-19 09:14:04 [main] INFO  o.flowable.app.spring.SpringAppEngineConfiguration - class org.flowable.engine.spring.configurator.SpringProcessEngineConfigurator (priority:50000)
2026-06-19 09:14:04 [main] INFO  o.flowable.app.spring.SpringAppEngineConfiguration - class org.flowable.eventregistry.spring.configurator.SpringEventRegistryConfigurator (priority:100000)
2026-06-19 09:14:04 [main] INFO  o.flowable.app.spring.SpringAppEngineConfiguration - class org.flowable.idm.spring.configurator.SpringIdmEngineConfigurator (priority:150000)
2026-06-19 09:14:04 [main] INFO  o.flowable.app.spring.SpringAppEngineConfiguration - class org.flowable.dmn.spring.configurator.SpringDmnEngineConfigurator (priority:200000)
2026-06-19 09:14:04 [main] INFO  o.flowable.app.spring.SpringAppEngineConfiguration - class org.flowable.cmmn.spring.configurator.SpringCmmnEngineConfigurator (priority:500000)
2026-06-19 09:14:04 [main] INFO  o.flowable.app.spring.SpringAppEngineConfiguration - Executing beforeInit() of class org.flowable.engine.spring.configurator.SpringProcessEngineConfigurator (priority:50000)
2026-06-19 09:14:04 [main] INFO  o.flowable.app.spring.SpringAppEngineConfiguration - Executing beforeInit() of class org.flowable.eventregistry.spring.configurator.SpringEventRegistryConfigurator (priority:100000)
2026-06-19 09:14:04 [main] INFO  o.flowable.app.spring.SpringAppEngineConfiguration - Executing beforeInit() of class org.flowable.idm.spring.configurator.SpringIdmEngineConfigurator (priority:150000)
2026-06-19 09:14:04 [main] INFO  o.flowable.app.spring.SpringAppEngineConfiguration - Executing beforeInit() of class org.flowable.dmn.spring.configurator.SpringDmnEngineConfigurator (priority:200000)
2026-06-19 09:14:04 [main] INFO  o.flowable.app.spring.SpringAppEngineConfiguration - Executing beforeInit() of class org.flowable.cmmn.spring.configurator.SpringCmmnEngineConfigurator (priority:500000)
2026-06-19 09:14:04 [main] INFO  com.zaxxer.hikari.HikariDataSource - HikariPool-1 - Starting...
2026-06-19 09:14:04 [main] INFO  com.zaxxer.hikari.pool.HikariPool - HikariPool-1 - Added connection com.mysql.cj.jdbc.ConnectionImpl@7672dd7a
2026-06-19 09:14:04 [main] INFO  com.zaxxer.hikari.HikariDataSource - HikariPool-1 - Start completed.
2026-06-19 09:14:05 [main] INFO  o.flowable.app.spring.SpringAppEngineConfiguration - Executing configure() of class org.flowable.engine.spring.configurator.SpringProcessEngineConfigurator (priority:50000)
2026-06-19 09:14:06 [main] INFO  org.flowable.engine.impl.ProcessEngineImpl - ProcessEngine default created
2026-06-19 09:14:06 [main] INFO  o.flowable.engine.impl.cmd.ValidateV5EntitiesCmd - Total of v5 deployments found: 0
2026-06-19 09:14:06 [main] INFO  o.flowable.app.spring.SpringAppEngineConfiguration - Executing configure() of class org.flowable.eventregistry.spring.configurator.SpringEventRegistryConfigurator (priority:100000)
2026-06-19 09:14:07 [main] INFO  liquibase.changelog - Reading from `2026mysql_ds`.FLW_EV_DATABASECHANGELOG
2026-06-19 09:14:07 [main] INFO  liquibase.changelog - Reading from `2026mysql_ds`.FLW_EV_DATABASECHANGELOG
2026-06-19 09:14:07 [main] INFO  liquibase.util - UPDATE SUMMARY
2026-06-19 09:14:07 [main] INFO  liquibase.util - Run:                          0
2026-06-19 09:14:07 [main] INFO  liquibase.util - Previously run:               3
2026-06-19 09:14:07 [main] INFO  liquibase.util - Filtered out:                 0
2026-06-19 09:14:07 [main] INFO  liquibase.util - -------------------------------
2026-06-19 09:14:07 [main] INFO  liquibase.util - Total change sets:            3
2026-06-19 09:14:07 [main] INFO  liquibase.util - Update summary generated
2026-06-19 09:14:07 [main] INFO  liquibase.lockservice - Successfully released change log lock
2026-06-19 09:14:07 [main] INFO  liquibase.command - Command execution complete
2026-06-19 09:14:07 [main] INFO  o.f.eventregistry.impl.EventRegistryEngineImpl - EventRegistryEngine default created
2026-06-19 09:14:07 [main] INFO  o.flowable.app.spring.SpringAppEngineConfiguration - Executing configure() of class org.flowable.idm.spring.configurator.SpringIdmEngineConfigurator (priority:150000)
2026-06-19 09:14:07 [main] INFO  org.flowable.idm.engine.impl.IdmEngineImpl - IdmEngine default created
2026-06-19 09:14:07 [main] INFO  o.flowable.app.spring.SpringAppEngineConfiguration - Executing configure() of class org.flowable.dmn.spring.configurator.SpringDmnEngineConfigurator (priority:200000)
2026-06-19 09:14:07 [main] INFO  liquibase.changelog - Reading from `2026mysql_ds`.ACT_DMN_DATABASECHANGELOG
2026-06-19 09:14:07 [main] INFO  liquibase.changelog - Reading from `2026mysql_ds`.ACT_DMN_DATABASECHANGELOG
2026-06-19 09:14:07 [main] INFO  liquibase.util - UPDATE SUMMARY
2026-06-19 09:14:07 [main] INFO  liquibase.util - Run:                          0
2026-06-19 09:14:07 [main] INFO  liquibase.util - Previously run:               9
2026-06-19 09:14:07 [main] INFO  liquibase.util - Filtered out:                 0
2026-06-19 09:14:07 [main] INFO  liquibase.util - -------------------------------
2026-06-19 09:14:07 [main] INFO  liquibase.util - Total change sets:            9
2026-06-19 09:14:07 [main] INFO  liquibase.util - Update summary generated
2026-06-19 09:14:07 [main] INFO  liquibase.lockservice - Successfully released change log lock
2026-06-19 09:14:07 [main] INFO  liquibase.command - Command execution complete
2026-06-19 09:14:07 [main] INFO  org.flowable.dmn.engine.impl.DmnEngineImpl - DmnEngine default created
2026-06-19 09:14:07 [main] INFO  o.flowable.app.spring.SpringAppEngineConfiguration - Executing configure() of class org.flowable.cmmn.spring.configurator.SpringCmmnEngineConfigurator (priority:500000)
2026-06-19 09:14:08 [main] INFO  liquibase.changelog - Reading from `2026mysql_ds`.ACT_CMMN_DATABASECHANGELOG
2026-06-19 09:14:08 [main] INFO  liquibase.changelog - Reading from `2026mysql_ds`.ACT_CMMN_DATABASECHANGELOG
2026-06-19 09:14:08 [main] INFO  liquibase.util - UPDATE SUMMARY
2026-06-19 09:14:08 [main] INFO  liquibase.util - Run:                          0
2026-06-19 09:14:08 [main] INFO  liquibase.util - Previously run:              16
2026-06-19 09:14:08 [main] INFO  liquibase.util - Filtered out:                 1
2026-06-19 09:14:08 [main] INFO  liquibase.util - -------------------------------
2026-06-19 09:14:08 [main] INFO  liquibase.util - Total change sets:           17
2026-06-19 09:14:08 [main] INFO  liquibase.util - FILTERED CHANGE SETS SUMMARY
2026-06-19 09:14:08 [main] INFO  liquibase.util - DBMS mismatch:                1
2026-06-19 09:14:08 [main] INFO  liquibase.util - Update summary generated
2026-06-19 09:14:08 [main] INFO  liquibase.lockservice - Successfully released change log lock
2026-06-19 09:14:08 [main] INFO  liquibase.command - Command execution complete
2026-06-19 09:14:08 [main] INFO  org.flowable.cmmn.engine.impl.CmmnEngineImpl - CmmnEngine default created
2026-06-19 09:14:08 [main] INFO  liquibase.changelog - Reading from `2026mysql_ds`.ACT_APP_DATABASECHANGELOG
2026-06-19 09:14:08 [main] INFO  liquibase.changelog - Reading from `2026mysql_ds`.ACT_APP_DATABASECHANGELOG
2026-06-19 09:14:08 [main] INFO  liquibase.util - UPDATE SUMMARY
2026-06-19 09:14:08 [main] INFO  liquibase.util - Run:                          0
2026-06-19 09:14:08 [main] INFO  liquibase.util - Previously run:               3
2026-06-19 09:14:08 [main] INFO  liquibase.util - Filtered out:                 0
2026-06-19 09:14:08 [main] INFO  liquibase.util - -------------------------------
2026-06-19 09:14:08 [main] INFO  liquibase.util - Total change sets:            3
2026-06-19 09:14:08 [main] INFO  liquibase.util - Update summary generated
2026-06-19 09:14:08 [main] INFO  liquibase.lockservice - Successfully released change log lock
2026-06-19 09:14:09 [main] INFO  liquibase.command - Command execution complete
2026-06-19 09:14:09 [main] INFO  org.flowable.app.engine.impl.AppEngineImpl - AppEngine default created
2026-06-19 09:14:09 [main] INFO  o.s.b.actuate.endpoint.web.EndpointLinksResolver - Exposing 1 endpoint(s) beneath base path '/actuator'
2026-06-19 09:14:09 [main] INFO  o.s.security.web.DefaultSecurityFilterChain - Will secure any request with [org.springframework.security.web.session.DisableEncodeUrlFilter@2dc601d1, org.springframework.security.web.context.request.async.WebAsyncManagerIntegrationFilter@545e05f0, org.springframework.security.web.context.SecurityContextHolderFilter@4555e3a, org.springframework.security.web.header.HeaderWriterFilter@76793278, org.springframework.web.filter.CorsFilter@62e586a6, org.springframework.security.web.authentication.logout.LogoutFilter@3ad2cb65, org.xiaoxu.auth.TokenAuthenticationFilter@5c78f456, org.springframework.security.web.savedrequest.RequestCacheAwareFilter@39c4e849, org.springframework.security.web.servletapi.SecurityContextHolderAwareRequestFilter@f47d46d, org.springframework.security.web.authentication.AnonymousAuthenticationFilter@61260741, org.springframework.security.web.session.SessionManagementFilter@591ebb5c, org.springframework.security.web.access.ExceptionTranslationFilter@a6b14ab, org.springframework.security.web.access.intercept.AuthorizationFilter@20a2adef]
2026-06-19 09:14:10 [main] INFO  o.f.j.s.impl.asyncexecutor.AbstractAsyncExecutor - Starting up the async job executor [org.flowable.spring.job.service.SpringAsyncExecutor] for engine cmmn
2026-06-19 09:14:10 [Thread-4] INFO  o.f.j.s.i.asyncexecutor.ResetExpiredJobsRunnable - starting to reset expired jobs for engine cmmn
2026-06-19 09:14:10 [main] INFO  o.f.j.s.impl.asyncexecutor.AbstractAsyncExecutor - Starting up the async job executor [org.flowable.spring.job.service.SpringAsyncExecutor] for engine bpmn
2026-06-19 09:14:10 [Thread-3] INFO  o.f.j.s.i.asyncexecutor.AcquireTimerJobsRunnable - starting to acquire async jobs due for engine cmmn
2026-06-19 09:14:10 [Thread-2] INFO  o.f.j.s.i.a.AcquireAsyncJobsDueRunnable - starting to acquire async jobs due for engine cmmn
2026-06-19 09:14:10 [main] INFO  o.f.s.configurator.DefaultAutoDeploymentStrategy - Deploying resources [file [E:\programs\java_arsenal\permission-system\target\classes\processes\fulfillment-approval.bpmn20.xml], file [E:\programs\java_arsenal\permission-system\target\classes\processes\leave-request.bpmn20.xml]] for engine org.flowable.engine.impl.ProcessEngineImpl@24a57e4e deployment name hint SpringBootAutoDeployment
2026-06-19 09:14:10 [Thread-6] INFO  o.f.j.s.i.asyncexecutor.AcquireTimerJobsRunnable - starting to acquire async jobs due for engine bpmn
2026-06-19 09:14:10 [Thread-5] INFO  o.f.j.s.i.a.AcquireAsyncJobsDueRunnable - starting to acquire async jobs due for engine bpmn
2026-06-19 09:14:10 [Thread-7] INFO  o.f.j.s.i.asyncexecutor.ResetExpiredJobsRunnable - starting to reset expired jobs for engine bpmn
2026-06-19 09:14:10 [main] INFO  org.apache.coyote.http11.Http11NioProtocol - Starting ProtocolHandler ["http-nio-13690"]
2026-06-19 09:14:10 [main] INFO  o.s.boot.web.embedded.tomcat.TomcatWebServer - Tomcat started on port 13690 (http) with context path ''
2026-06-19 09:14:10 [main] INFO  org.xiaoxu.PermissionApplication - Started PermissionApplication in 15.051 seconds (process running for 16.365)
2026-06-19 09:14:10 [RMI TCP Connection(5)-192.168.1.2] INFO  o.a.c.core.ContainerBase.[Tomcat].[localhost].[/] - Initializing Spring DispatcherServlet 'dispatcherServlet'
2026-06-19 09:14:10 [RMI TCP Connection(5)-192.168.1.2] INFO  org.springframework.web.servlet.DispatcherServlet - Initializing Servlet 'dispatcherServlet'
2026-06-19 09:14:10 [RMI TCP Connection(5)-192.168.1.2] INFO  org.springframework.web.servlet.DispatcherServlet - Completed initialization in 3 ms
2026-06-19 09:15:00 [http-nio-13690-exec-7] WARN  o.xiaoxu.common.excepiton.GlobalExceptionHandler - 认证内部业务异常: 用户名不存在
2026-06-19 09:15:25 [http-nio-13690-exec-7] INFO  org.xiaoxu.service.MenuService - 用户[1]的角色IDs: [1]
2026-06-19 09:15:25 [http-nio-13690-exec-7] INFO  org.xiaoxu.service.MenuService - 用户[1]的菜单IDs: [1, 2, 3, 4, 5, 6, 7, 8, 9, 10, 11, 12, 13, 14, 15, 16, 100, 101, 102, 103, 104, 105, 106, 107, 108, 109]
2026-06-19 09:32:16 [http-nio-13690-exec-8] INFO  org.xiaoxu.service.MenuService - 用户[1]的角色IDs: [1]
2026-06-19 09:32:16 [http-nio-13690-exec-8] INFO  org.xiaoxu.service.MenuService - 用户[1]的菜单IDs: [1, 2, 3, 4, 5, 6, 7, 8, 9, 10, 11, 12, 13, 14, 15, 16, 100, 101, 102, 103, 104, 105, 106, 107, 108, 109, 110]
2026-06-19 09:32:52 [http-nio-13690-exec-1] INFO  org.xiaoxu.service.MenuService - 用户[1]的角色IDs: [1]
2026-06-19 09:32:52 [http-nio-13690-exec-1] INFO  org.xiaoxu.service.MenuService - 用户[1]的菜单IDs: [1, 2, 3, 4, 5, 6, 7, 8, 9, 10, 11, 12, 13, 14, 15, 16, 100, 101, 102, 103, 104, 105, 106, 107, 108, 109, 110]
2026-06-19 09:32:54 [http-nio-13690-exec-6] WARN  o.xiaoxu.common.excepiton.GlobalExceptionHandler - 请求的资源不存在 : api/workflow/admin/all 
2026-06-19 09:32:58 [http-nio-13690-exec-7] WARN  o.xiaoxu.common.excepiton.GlobalExceptionHandler - 请求的资源不存在 : api/workflow/admin/all 
2026-06-19 09:32:59 [http-nio-13690-exec-8] WARN  o.xiaoxu.common.excepiton.GlobalExceptionHandler - 请求的资源不存在 : api/workflow/admin/all 
2026-06-19 09:32:59 [http-nio-13690-exec-2] WARN  o.xiaoxu.common.excepiton.GlobalExceptionHandler - 请求的资源不存在 : api/workflow/admin/all 
2026-06-19 09:32:59 [http-nio-13690-exec-3] WARN  o.xiaoxu.common.excepiton.GlobalExceptionHandler - 请求的资源不存在 : api/workflow/admin/all 
2026-06-19 09:33:00 [http-nio-13690-exec-9] WARN  o.xiaoxu.common.excepiton.GlobalExceptionHandler - 请求的资源不存在 : api/workflow/admin/all 
2026-06-19 09:33:00 [http-nio-13690-exec-10] WARN  o.xiaoxu.common.excepiton.GlobalExceptionHandler - 请求的资源不存在 : api/workflow/admin/all 
2026-06-19 09:33:16 [SpringApplicationShutdownHook] INFO  o.f.j.s.impl.asyncexecutor.AbstractAsyncExecutor - Shutting down the async job executor [org.flowable.spring.job.service.SpringAsyncExecutor] for engine cmmn
2026-06-19 09:33:16 [flowable-cmmn-reset-expired-jobs] INFO  o.f.j.s.i.asyncexecutor.ResetExpiredJobsRunnable - stopped resetting expired jobs for engine cmmn
2026-06-19 09:33:16 [flowable-cmmn-acquire-async-jobs] INFO  o.f.j.s.i.a.AcquireAsyncJobsDueRunnable - stopped async job due acquisition for engine cmmn
2026-06-19 09:33:16 [flowable-cmmn-acquire-timer-jobs] INFO  o.f.j.s.i.asyncexecutor.AcquireTimerJobsRunnable - stopped async job due acquisition for engine cmmn
2026-06-19 09:33:16 [SpringApplicationShutdownHook] INFO  o.f.j.s.impl.asyncexecutor.AbstractAsyncExecutor - Shutting down the async job executor [org.flowable.spring.job.service.SpringAsyncExecutor] for engine bpmn
2026-06-19 09:33:16 [flowable-bpmn-acquire-timer-jobs] INFO  o.f.j.s.i.asyncexecutor.AcquireTimerJobsRunnable - stopped async job due acquisition for engine bpmn
2026-06-19 09:33:16 [flowable-bpmn-acquire-async-jobs] INFO  o.f.j.s.i.a.AcquireAsyncJobsDueRunnable - stopped async job due acquisition for engine bpmn
2026-06-19 09:33:16 [flowable-bpmn-reset-expired-jobs] INFO  o.f.j.s.i.asyncexecutor.ResetExpiredJobsRunnable - stopped resetting expired jobs for engine bpmn
2026-06-19 09:33:16 [SpringApplicationShutdownHook] INFO  com.zaxxer.hikari.HikariDataSource - HikariPool-1 - Shutdown initiated...
2026-06-19 09:33:16 [SpringApplicationShutdownHook] INFO  com.zaxxer.hikari.HikariDataSource - HikariPool-1 - Shutdown completed.
2026-06-19 09:33:23 [background-preinit] INFO  org.hibernate.validator.internal.util.Version - HV000001: Hibernate Validator 8.0.1.Final
2026-06-19 09:33:23 [main] INFO  org.xiaoxu.PermissionApplication - Starting PermissionApplication using Java 17.0.12 with PID 14948 (E:\programs\java_arsenal\permission-system\target\classes started by tingq in E:\programs\java_arsenal)
2026-06-19 09:33:23 [main] INFO  org.xiaoxu.PermissionApplication - The following 1 profile is active: "pro"
2026-06-19 09:33:25 [main] INFO  o.s.d.r.config.RepositoryConfigurationDelegate - Multiple Spring Data modules found, entering strict repository configuration mode
2026-06-19 09:33:25 [main] INFO  o.s.d.r.config.RepositoryConfigurationDelegate - Bootstrapping Spring Data Redis repositories in DEFAULT mode.
2026-06-19 09:33:25 [main] INFO  o.s.d.r.config.RepositoryConfigurationDelegate - Finished Spring Data repository scanning in 34 ms. Found 0 Redis repository interfaces.
2026-06-19 09:33:26 [main] WARN  o.s.c.s.PostProcessorRegistrationDelegate$BeanPostProcessorChecker - Bean 'com.alicp.jetcache.anno.config.JetCacheProxyConfiguration' of type [com.alicp.jetcache.anno.config.JetCacheProxyConfiguration$$SpringCGLIB$$0] is not eligible for getting processed by all BeanPostProcessors (for example: not eligible for auto-proxying). Is this bean getting eagerly injected into a currently created BeanPostProcessor [meterRegistryPostProcessor]? Check the corresponding BeanPostProcessor declaration and its dependencies.
2026-06-19 09:33:26 [main] WARN  o.s.c.s.PostProcessorRegistrationDelegate$BeanPostProcessorChecker - Bean 'com.alicp.jetcache.anno.config.CommonConfiguration' of type [com.alicp.jetcache.anno.config.CommonConfiguration$$SpringCGLIB$$0] is not eligible for getting processed by all BeanPostProcessors (for example: not eligible for auto-proxying). Is this bean getting eagerly injected into a currently created BeanPostProcessor [meterRegistryPostProcessor]? Check the corresponding BeanPostProcessor declaration and its dependencies.
2026-06-19 09:33:26 [main] INFO  o.s.boot.web.embedded.tomcat.TomcatWebServer - Tomcat initialized with port 13690 (http)
2026-06-19 09:33:26 [main] INFO  org.apache.coyote.http11.Http11NioProtocol - Initializing ProtocolHandler ["http-nio-13690"]
2026-06-19 09:33:26 [main] INFO  org.apache.catalina.core.StandardService - Starting service [Tomcat]
2026-06-19 09:33:26 [main] INFO  org.apache.catalina.core.StandardEngine - Starting Servlet engine: [Apache Tomcat/10.1.18]
2026-06-19 09:33:26 [main] INFO  o.a.c.core.ContainerBase.[Tomcat].[localhost].[/] - Initializing Spring embedded WebApplicationContext
2026-06-19 09:33:26 [main] INFO  o.s.b.w.s.c.ServletWebServerApplicationContext - Root WebApplicationContext: initialization completed in 3010 ms
2026-06-19 09:33:27 [main] INFO  org.redisson.Version - Redisson 3.24.3
2026-06-19 09:33:27 [redisson-netty-2-5] INFO  o.r.connection.pool.MasterPubSubConnectionPool - 1 connections initialized for 192.168.200.128/192.168.200.128:6379
2026-06-19 09:33:27 [redisson-netty-2-19] INFO  org.redisson.connection.pool.MasterConnectionPool - 24 connections initialized for 192.168.200.128/192.168.200.128:6379
2026-06-19 09:33:28 [main] INFO  o.xiaoxu.workflow.approval.ApprovalHandlerRegistry - 审批回调注册完成，已注册业务: [fulfillment-approval, leave-request]
2026-06-19 09:33:29 [main] INFO  o.f.spring.boot.cmmn.CmmnEngineAutoConfiguration - No deployment resources were found for autodeployment
2026-06-19 09:33:29 [main] INFO  o.f.spring.boot.dmn.DmnEngineAutoConfiguration - No deployment resources were found for autodeployment
2026-06-19 09:33:29 [main] INFO  o.f.s.b.e.EventRegistryAutoConfiguration - No deployment resources were found for autodeployment
2026-06-19 09:33:29 [main] INFO  o.f.spring.boot.app.AppEngineAutoConfiguration - No deployment resources were found for autodeployment
2026-06-19 09:33:29 [main] INFO  o.flowable.app.spring.SpringAppEngineConfiguration - Found 5 Engine Configurators in total:
2026-06-19 09:33:29 [main] INFO  o.flowable.app.spring.SpringAppEngineConfiguration - class org.flowable.engine.spring.configurator.SpringProcessEngineConfigurator (priority:50000)
2026-06-19 09:33:29 [main] INFO  o.flowable.app.spring.SpringAppEngineConfiguration - class org.flowable.eventregistry.spring.configurator.SpringEventRegistryConfigurator (priority:100000)
2026-06-19 09:33:29 [main] INFO  o.flowable.app.spring.SpringAppEngineConfiguration - class org.flowable.idm.spring.configurator.SpringIdmEngineConfigurator (priority:150000)
2026-06-19 09:33:29 [main] INFO  o.flowable.app.spring.SpringAppEngineConfiguration - class org.flowable.dmn.spring.configurator.SpringDmnEngineConfigurator (priority:200000)
2026-06-19 09:33:29 [main] INFO  o.flowable.app.spring.SpringAppEngineConfiguration - class org.flowable.cmmn.spring.configurator.SpringCmmnEngineConfigurator (priority:500000)
2026-06-19 09:33:29 [main] INFO  o.flowable.app.spring.SpringAppEngineConfiguration - Executing beforeInit() of class org.flowable.engine.spring.configurator.SpringProcessEngineConfigurator (priority:50000)
2026-06-19 09:33:29 [main] INFO  o.flowable.app.spring.SpringAppEngineConfiguration - Executing beforeInit() of class org.flowable.eventregistry.spring.configurator.SpringEventRegistryConfigurator (priority:100000)
2026-06-19 09:33:29 [main] INFO  o.flowable.app.spring.SpringAppEngineConfiguration - Executing beforeInit() of class org.flowable.idm.spring.configurator.SpringIdmEngineConfigurator (priority:150000)
2026-06-19 09:33:29 [main] INFO  o.flowable.app.spring.SpringAppEngineConfiguration - Executing beforeInit() of class org.flowable.dmn.spring.configurator.SpringDmnEngineConfigurator (priority:200000)
2026-06-19 09:33:29 [main] INFO  o.flowable.app.spring.SpringAppEngineConfiguration - Executing beforeInit() of class org.flowable.cmmn.spring.configurator.SpringCmmnEngineConfigurator (priority:500000)
2026-06-19 09:33:30 [main] INFO  com.zaxxer.hikari.HikariDataSource - HikariPool-1 - Starting...
2026-06-19 09:33:30 [main] INFO  com.zaxxer.hikari.pool.HikariPool - HikariPool-1 - Added connection com.mysql.cj.jdbc.ConnectionImpl@6fc84468
2026-06-19 09:33:30 [main] INFO  com.zaxxer.hikari.HikariDataSource - HikariPool-1 - Start completed.
2026-06-19 09:33:31 [main] INFO  o.flowable.app.spring.SpringAppEngineConfiguration - Executing configure() of class org.flowable.engine.spring.configurator.SpringProcessEngineConfigurator (priority:50000)
2026-06-19 09:33:32 [main] INFO  org.flowable.engine.impl.ProcessEngineImpl - ProcessEngine default created
2026-06-19 09:33:32 [main] INFO  o.flowable.engine.impl.cmd.ValidateV5EntitiesCmd - Total of v5 deployments found: 0
2026-06-19 09:33:32 [main] INFO  o.flowable.app.spring.SpringAppEngineConfiguration - Executing configure() of class org.flowable.eventregistry.spring.configurator.SpringEventRegistryConfigurator (priority:100000)
2026-06-19 09:33:33 [main] INFO  liquibase.changelog - Reading from `2026mysql_ds`.FLW_EV_DATABASECHANGELOG
2026-06-19 09:33:33 [main] INFO  liquibase.changelog - Reading from `2026mysql_ds`.FLW_EV_DATABASECHANGELOG
2026-06-19 09:33:33 [main] INFO  liquibase.util - UPDATE SUMMARY
2026-06-19 09:33:33 [main] INFO  liquibase.util - Run:                          0
2026-06-19 09:33:33 [main] INFO  liquibase.util - Previously run:               3
2026-06-19 09:33:33 [main] INFO  liquibase.util - Filtered out:                 0
2026-06-19 09:33:33 [main] INFO  liquibase.util - -------------------------------
2026-06-19 09:33:33 [main] INFO  liquibase.util - Total change sets:            3
2026-06-19 09:33:33 [main] INFO  liquibase.util - Update summary generated
2026-06-19 09:33:33 [main] INFO  liquibase.lockservice - Successfully released change log lock
2026-06-19 09:33:33 [main] INFO  liquibase.command - Command execution complete
2026-06-19 09:33:33 [main] INFO  o.f.eventregistry.impl.EventRegistryEngineImpl - EventRegistryEngine default created
2026-06-19 09:33:33 [main] INFO  o.flowable.app.spring.SpringAppEngineConfiguration - Executing configure() of class org.flowable.idm.spring.configurator.SpringIdmEngineConfigurator (priority:150000)
2026-06-19 09:33:33 [main] INFO  org.flowable.idm.engine.impl.IdmEngineImpl - IdmEngine default created
2026-06-19 09:33:33 [main] INFO  o.flowable.app.spring.SpringAppEngineConfiguration - Executing configure() of class org.flowable.dmn.spring.configurator.SpringDmnEngineConfigurator (priority:200000)
2026-06-19 09:33:33 [main] INFO  liquibase.changelog - Reading from `2026mysql_ds`.ACT_DMN_DATABASECHANGELOG
2026-06-19 09:33:33 [main] INFO  liquibase.changelog - Reading from `2026mysql_ds`.ACT_DMN_DATABASECHANGELOG
2026-06-19 09:33:33 [main] INFO  liquibase.util - UPDATE SUMMARY
2026-06-19 09:33:33 [main] INFO  liquibase.util - Run:                          0
2026-06-19 09:33:33 [main] INFO  liquibase.util - Previously run:               9
2026-06-19 09:33:33 [main] INFO  liquibase.util - Filtered out:                 0
2026-06-19 09:33:33 [main] INFO  liquibase.util - -------------------------------
2026-06-19 09:33:33 [main] INFO  liquibase.util - Total change sets:            9
2026-06-19 09:33:33 [main] INFO  liquibase.util - Update summary generated
2026-06-19 09:33:33 [main] INFO  liquibase.lockservice - Successfully released change log lock
2026-06-19 09:33:33 [main] INFO  liquibase.command - Command execution complete
2026-06-19 09:33:33 [main] INFO  org.flowable.dmn.engine.impl.DmnEngineImpl - DmnEngine default created
2026-06-19 09:33:33 [main] INFO  o.flowable.app.spring.SpringAppEngineConfiguration - Executing configure() of class org.flowable.cmmn.spring.configurator.SpringCmmnEngineConfigurator (priority:500000)
2026-06-19 09:33:34 [main] INFO  liquibase.changelog - Reading from `2026mysql_ds`.ACT_CMMN_DATABASECHANGELOG
2026-06-19 09:33:34 [main] INFO  liquibase.changelog - Reading from `2026mysql_ds`.ACT_CMMN_DATABASECHANGELOG
2026-06-19 09:33:34 [main] INFO  liquibase.util - UPDATE SUMMARY
2026-06-19 09:33:34 [main] INFO  liquibase.util - Run:                          0
2026-06-19 09:33:34 [main] INFO  liquibase.util - Previously run:              16
2026-06-19 09:33:34 [main] INFO  liquibase.util - Filtered out:                 1
2026-06-19 09:33:34 [main] INFO  liquibase.util - -------------------------------
2026-06-19 09:33:34 [main] INFO  liquibase.util - Total change sets:           17
2026-06-19 09:33:34 [main] INFO  liquibase.util - FILTERED CHANGE SETS SUMMARY
2026-06-19 09:33:34 [main] INFO  liquibase.util - DBMS mismatch:                1
2026-06-19 09:33:34 [main] INFO  liquibase.util - Update summary generated
2026-06-19 09:33:34 [main] INFO  liquibase.lockservice - Successfully released change log lock
2026-06-19 09:33:34 [main] INFO  liquibase.command - Command execution complete
2026-06-19 09:33:34 [main] INFO  org.flowable.cmmn.engine.impl.CmmnEngineImpl - CmmnEngine default created
2026-06-19 09:33:34 [main] INFO  liquibase.changelog - Reading from `2026mysql_ds`.ACT_APP_DATABASECHANGELOG
2026-06-19 09:33:34 [main] INFO  liquibase.changelog - Reading from `2026mysql_ds`.ACT_APP_DATABASECHANGELOG
2026-06-19 09:33:34 [main] INFO  liquibase.util - UPDATE SUMMARY
2026-06-19 09:33:34 [main] INFO  liquibase.util - Run:                          0
2026-06-19 09:33:34 [main] INFO  liquibase.util - Previously run:               3
2026-06-19 09:33:34 [main] INFO  liquibase.util - Filtered out:                 0
2026-06-19 09:33:34 [main] INFO  liquibase.util - -------------------------------
2026-06-19 09:33:34 [main] INFO  liquibase.util - Total change sets:            3
2026-06-19 09:33:34 [main] INFO  liquibase.util - Update summary generated
2026-06-19 09:33:34 [main] INFO  liquibase.lockservice - Successfully released change log lock
2026-06-19 09:33:34 [main] INFO  liquibase.command - Command execution complete
2026-06-19 09:33:34 [main] INFO  org.flowable.app.engine.impl.AppEngineImpl - AppEngine default created
2026-06-19 09:33:34 [main] INFO  o.s.b.actuate.endpoint.web.EndpointLinksResolver - Exposing 1 endpoint(s) beneath base path '/actuator'
2026-06-19 09:33:34 [main] INFO  o.s.security.web.DefaultSecurityFilterChain - Will secure any request with [org.springframework.security.web.session.DisableEncodeUrlFilter@152a5364, org.springframework.security.web.context.request.async.WebAsyncManagerIntegrationFilter@21038107, org.springframework.security.web.context.SecurityContextHolderFilter@a1a0af6, org.springframework.security.web.header.HeaderWriterFilter@591b8063, org.springframework.web.filter.CorsFilter@10508ba6, org.springframework.security.web.authentication.logout.LogoutFilter@673d8f66, org.xiaoxu.auth.TokenAuthenticationFilter@50d4775b, org.springframework.security.web.savedrequest.RequestCacheAwareFilter@3ad2cb65, org.springframework.security.web.servletapi.SecurityContextHolderAwareRequestFilter@18c90c59, org.springframework.security.web.authentication.AnonymousAuthenticationFilter@47d91535, org.springframework.security.web.session.SessionManagementFilter@28268909, org.springframework.security.web.access.ExceptionTranslationFilter@68c0565, org.springframework.security.web.access.intercept.AuthorizationFilter@85ddc3e]
2026-06-19 09:33:35 [main] INFO  o.f.j.s.impl.asyncexecutor.AbstractAsyncExecutor - Starting up the async job executor [org.flowable.spring.job.service.SpringAsyncExecutor] for engine cmmn
2026-06-19 09:33:35 [Thread-4] INFO  o.f.j.s.i.asyncexecutor.ResetExpiredJobsRunnable - starting to reset expired jobs for engine cmmn
2026-06-19 09:33:35 [main] INFO  o.f.j.s.impl.asyncexecutor.AbstractAsyncExecutor - Starting up the async job executor [org.flowable.spring.job.service.SpringAsyncExecutor] for engine bpmn
2026-06-19 09:33:35 [Thread-2] INFO  o.f.j.s.i.a.AcquireAsyncJobsDueRunnable - starting to acquire async jobs due for engine cmmn
2026-06-19 09:33:35 [Thread-3] INFO  o.f.j.s.i.asyncexecutor.AcquireTimerJobsRunnable - starting to acquire async jobs due for engine cmmn
2026-06-19 09:33:35 [main] INFO  o.f.s.configurator.DefaultAutoDeploymentStrategy - Deploying resources [file [E:\programs\java_arsenal\permission-system\target\classes\processes\fulfillment-approval.bpmn20.xml], file [E:\programs\java_arsenal\permission-system\target\classes\processes\leave-request.bpmn20.xml]] for engine org.flowable.engine.impl.ProcessEngineImpl@138173b deployment name hint SpringBootAutoDeployment
2026-06-19 09:33:35 [Thread-7] INFO  o.f.j.s.i.asyncexecutor.ResetExpiredJobsRunnable - starting to reset expired jobs for engine bpmn
2026-06-19 09:33:35 [Thread-5] INFO  o.f.j.s.i.a.AcquireAsyncJobsDueRunnable - starting to acquire async jobs due for engine bpmn
2026-06-19 09:33:35 [Thread-6] INFO  o.f.j.s.i.asyncexecutor.AcquireTimerJobsRunnable - starting to acquire async jobs due for engine bpmn
2026-06-19 09:33:35 [main] INFO  org.apache.coyote.http11.Http11NioProtocol - Starting ProtocolHandler ["http-nio-13690"]
2026-06-19 09:33:35 [main] INFO  o.s.boot.web.embedded.tomcat.TomcatWebServer - Tomcat started on port 13690 (http) with context path ''
2026-06-19 09:33:35 [main] INFO  org.xiaoxu.PermissionApplication - Started PermissionApplication in 12.883 seconds (process running for 14.635)
2026-06-19 09:33:36 [RMI TCP Connection(2)-192.168.1.2] INFO  o.a.c.core.ContainerBase.[Tomcat].[localhost].[/] - Initializing Spring DispatcherServlet 'dispatcherServlet'
2026-06-19 09:33:36 [RMI TCP Connection(2)-192.168.1.2] INFO  org.springframework.web.servlet.DispatcherServlet - Initializing Servlet 'dispatcherServlet'
2026-06-19 09:33:36 [RMI TCP Connection(2)-192.168.1.2] INFO  org.springframework.web.servlet.DispatcherServlet - Completed initialization in 2 ms
2026-06-19 09:33:40 [http-nio-13690-exec-4] INFO  org.xiaoxu.service.MenuService - 用户[1]的角色IDs: [1]
2026-06-19 09:33:41 [http-nio-13690-exec-4] INFO  org.xiaoxu.service.MenuService - 用户[1]的菜单IDs: [1, 2, 3, 4, 5, 6, 7, 8, 9, 10, 11, 12, 13, 14, 15, 16, 100, 101, 102, 103, 104, 105, 106, 107, 108, 109, 110]
2026-06-19 09:33:41 [http-nio-13690-exec-3] ERROR o.xiaoxu.common.excepiton.GlobalExceptionHandler - 权限不足：Access Denied
2026-06-19 09:33:43 [http-nio-13690-exec-6] ERROR o.xiaoxu.common.excepiton.GlobalExceptionHandler - 权限不足：Access Denied
2026-06-19 09:33:44 [http-nio-13690-exec-7] ERROR o.xiaoxu.common.excepiton.GlobalExceptionHandler - 权限不足：Access Denied
2026-06-19 09:33:44 [http-nio-13690-exec-8] ERROR o.xiaoxu.common.excepiton.GlobalExceptionHandler - 权限不足：Access Denied
2026-06-19 09:33:44 [http-nio-13690-exec-9] ERROR o.xiaoxu.common.excepiton.GlobalExceptionHandler - 权限不足：Access Denied
2026-06-19 09:34:00 [http-nio-13690-exec-2] WARN  org.xiaoxu.auth.TokenAuthenticationFilter - Token 已失效: Redis 中不存在该 token
2026-06-19 09:34:02 [http-nio-13690-exec-10] INFO  org.xiaoxu.service.MenuService - 用户[1]的角色IDs: [1]
2026-06-19 09:34:02 [http-nio-13690-exec-10] INFO  org.xiaoxu.service.MenuService - 用户[1]的菜单IDs: [1, 2, 3, 4, 5, 6, 7, 8, 9, 10, 11, 12, 13, 14, 15, 16, 100, 101, 102, 103, 104, 105, 106, 107, 108, 109, 110]
2026-06-19 09:38:36 [http-nio-13690-exec-7] INFO  org.xiaoxu.service.MenuService - 用户[1]的角色IDs: [1]
2026-06-19 09:38:36 [http-nio-13690-exec-7] INFO  org.xiaoxu.service.MenuService - 用户[1]的菜单IDs: [1, 2, 3, 4, 5, 6, 7, 8, 9, 10, 11, 12, 13, 14, 15, 16, 100, 101, 102, 103, 104, 105, 106, 107, 108, 109, 110]
2026-06-19 09:45:09 [http-nio-13690-exec-2] INFO  org.xiaoxu.service.MenuService - 用户[1]的角色IDs: [1]
2026-06-19 09:45:09 [http-nio-13690-exec-2] INFO  org.xiaoxu.service.MenuService - 用户[1]的菜单IDs: [1, 2, 3, 4, 5, 6, 7, 8, 9, 10, 11, 12, 13, 14, 15, 16, 100, 101, 102, 103, 104, 105, 106, 107, 108, 109, 110]
2026-06-19 10:11:32 [http-nio-13690-exec-5] INFO  org.xiaoxu.service.MenuService - 用户[1]的角色IDs: [1]
2026-06-19 10:11:33 [http-nio-13690-exec-5] INFO  org.xiaoxu.service.MenuService - 用户[1]的菜单IDs: [1, 2, 3, 4, 5, 6, 7, 8, 9, 10, 11, 12, 13, 14, 15, 16, 100, 101, 102, 103, 104, 105, 106, 107, 108, 109, 110]
2026-06-19 10:14:08 [http-nio-13690-exec-3] INFO  org.xiaoxu.service.MenuService - 用户[1]的角色IDs: [1]
2026-06-19 10:14:08 [http-nio-13690-exec-3] INFO  org.xiaoxu.service.MenuService - 用户[1]的菜单IDs: [1, 2, 3, 4, 5, 6, 7, 8, 9, 10, 11, 12, 13, 14, 15, 16, 100, 101, 102, 103, 104, 105, 106, 107, 108, 109, 110]
2026-06-19 10:22:10 [http-nio-13690-exec-9] INFO  org.xiaoxu.service.MenuService - 用户[1]的角色IDs: [1]
2026-06-19 10:22:10 [http-nio-13690-exec-9] INFO  org.xiaoxu.service.MenuService - 用户[1]的菜单IDs: [1, 2, 3, 4, 5, 6, 7, 8, 9, 10, 11, 12, 13, 14, 15, 16, 100, 101, 102, 103, 104, 105, 106, 107, 108, 109, 110]
2026-06-19 10:29:41 [SpringApplicationShutdownHook] INFO  o.f.j.s.impl.asyncexecutor.AbstractAsyncExecutor - Shutting down the async job executor [org.flowable.spring.job.service.SpringAsyncExecutor] for engine cmmn
2026-06-19 10:29:41 [flowable-cmmn-reset-expired-jobs] INFO  o.f.j.s.i.asyncexecutor.ResetExpiredJobsRunnable - stopped resetting expired jobs for engine cmmn
2026-06-19 10:29:41 [flowable-cmmn-acquire-async-jobs] INFO  o.f.j.s.i.a.AcquireAsyncJobsDueRunnable - stopped async job due acquisition for engine cmmn
2026-06-19 10:29:41 [flowable-cmmn-acquire-timer-jobs] INFO  o.f.j.s.i.asyncexecutor.AcquireTimerJobsRunnable - stopped async job due acquisition for engine cmmn
2026-06-19 10:29:42 [SpringApplicationShutdownHook] INFO  o.f.j.s.impl.asyncexecutor.AbstractAsyncExecutor - Shutting down the async job executor [org.flowable.spring.job.service.SpringAsyncExecutor] for engine bpmn
2026-06-19 10:29:42 [flowable-bpmn-acquire-timer-jobs] INFO  o.f.j.s.i.asyncexecutor.AcquireTimerJobsRunnable - stopped async job due acquisition for engine bpmn
2026-06-19 10:29:42 [flowable-bpmn-reset-expired-jobs] INFO  o.f.j.s.i.asyncexecutor.ResetExpiredJobsRunnable - stopped resetting expired jobs for engine bpmn
2026-06-19 10:29:42 [flowable-bpmn-acquire-async-jobs] INFO  o.f.j.s.i.a.AcquireAsyncJobsDueRunnable - stopped async job due acquisition for engine bpmn
2026-06-19 10:29:42 [SpringApplicationShutdownHook] INFO  com.zaxxer.hikari.HikariDataSource - HikariPool-1 - Shutdown initiated...
2026-06-19 10:29:42 [SpringApplicationShutdownHook] INFO  com.zaxxer.hikari.HikariDataSource - HikariPool-1 - Shutdown completed.
2026-06-19 10:29:51 [background-preinit] INFO  org.hibernate.validator.internal.util.Version - HV000001: Hibernate Validator 8.0.1.Final
2026-06-19 10:29:51 [main] INFO  org.xiaoxu.PermissionApplication - Starting PermissionApplication using Java 17.0.12 with PID 23288 (E:\programs\java_arsenal\permission-system\target\classes started by tingq in E:\programs\java_arsenal)
2026-06-19 10:29:51 [main] INFO  org.xiaoxu.PermissionApplication - The following 1 profile is active: "pro"
2026-06-19 10:29:52 [main] INFO  o.s.d.r.config.RepositoryConfigurationDelegate - Multiple Spring Data modules found, entering strict repository configuration mode
2026-06-19 10:29:52 [main] INFO  o.s.d.r.config.RepositoryConfigurationDelegate - Bootstrapping Spring Data Redis repositories in DEFAULT mode.
2026-06-19 10:29:52 [main] INFO  o.s.d.r.config.RepositoryConfigurationDelegate - Finished Spring Data repository scanning in 39 ms. Found 0 Redis repository interfaces.
2026-06-19 10:29:53 [main] WARN  o.s.c.s.PostProcessorRegistrationDelegate$BeanPostProcessorChecker - Bean 'com.alicp.jetcache.anno.config.JetCacheProxyConfiguration' of type [com.alicp.jetcache.anno.config.JetCacheProxyConfiguration$$SpringCGLIB$$0] is not eligible for getting processed by all BeanPostProcessors (for example: not eligible for auto-proxying). Is this bean getting eagerly injected into a currently created BeanPostProcessor [meterRegistryPostProcessor]? Check the corresponding BeanPostProcessor declaration and its dependencies.
2026-06-19 10:29:53 [main] WARN  o.s.c.s.PostProcessorRegistrationDelegate$BeanPostProcessorChecker - Bean 'com.alicp.jetcache.anno.config.CommonConfiguration' of type [com.alicp.jetcache.anno.config.CommonConfiguration$$SpringCGLIB$$0] is not eligible for getting processed by all BeanPostProcessors (for example: not eligible for auto-proxying). Is this bean getting eagerly injected into a currently created BeanPostProcessor [meterRegistryPostProcessor]? Check the corresponding BeanPostProcessor declaration and its dependencies.
2026-06-19 10:29:53 [main] INFO  o.s.boot.web.embedded.tomcat.TomcatWebServer - Tomcat initialized with port 13690 (http)
2026-06-19 10:29:53 [main] INFO  org.apache.coyote.http11.Http11NioProtocol - Initializing ProtocolHandler ["http-nio-13690"]
2026-06-19 10:29:53 [main] INFO  org.apache.catalina.core.StandardService - Starting service [Tomcat]
2026-06-19 10:29:53 [main] INFO  org.apache.catalina.core.StandardEngine - Starting Servlet engine: [Apache Tomcat/10.1.18]
2026-06-19 10:29:53 [main] INFO  o.a.c.core.ContainerBase.[Tomcat].[localhost].[/] - Initializing Spring embedded WebApplicationContext
2026-06-19 10:29:53 [main] INFO  o.s.b.w.s.c.ServletWebServerApplicationContext - Root WebApplicationContext: initialization completed in 2870 ms
2026-06-19 10:29:54 [main] INFO  org.redisson.Version - Redisson 3.24.3
2026-06-19 10:29:54 [redisson-netty-2-6] INFO  o.r.connection.pool.MasterPubSubConnectionPool - 1 connections initialized for 192.168.200.128/192.168.200.128:6379
2026-06-19 10:29:54 [redisson-netty-2-19] INFO  org.redisson.connection.pool.MasterConnectionPool - 24 connections initialized for 192.168.200.128/192.168.200.128:6379
2026-06-19 10:29:55 [main] INFO  o.xiaoxu.workflow.approval.ApprovalHandlerRegistry - 审批回调注册完成，已注册业务: [fulfillment-approval, leave-request]
2026-06-19 10:29:56 [main] INFO  o.f.spring.boot.cmmn.CmmnEngineAutoConfiguration - No deployment resources were found for autodeployment
2026-06-19 10:29:56 [main] INFO  o.f.spring.boot.dmn.DmnEngineAutoConfiguration - No deployment resources were found for autodeployment
2026-06-19 10:29:56 [main] INFO  o.f.s.b.e.EventRegistryAutoConfiguration - No deployment resources were found for autodeployment
2026-06-19 10:29:56 [main] INFO  o.f.spring.boot.app.AppEngineAutoConfiguration - No deployment resources were found for autodeployment
2026-06-19 10:29:56 [main] INFO  o.flowable.app.spring.SpringAppEngineConfiguration - Found 5 Engine Configurators in total:
2026-06-19 10:29:56 [main] INFO  o.flowable.app.spring.SpringAppEngineConfiguration - class org.flowable.engine.spring.configurator.SpringProcessEngineConfigurator (priority:50000)
2026-06-19 10:29:56 [main] INFO  o.flowable.app.spring.SpringAppEngineConfiguration - class org.flowable.eventregistry.spring.configurator.SpringEventRegistryConfigurator (priority:100000)
2026-06-19 10:29:56 [main] INFO  o.flowable.app.spring.SpringAppEngineConfiguration - class org.flowable.idm.spring.configurator.SpringIdmEngineConfigurator (priority:150000)
2026-06-19 10:29:56 [main] INFO  o.flowable.app.spring.SpringAppEngineConfiguration - class org.flowable.dmn.spring.configurator.SpringDmnEngineConfigurator (priority:200000)
2026-06-19 10:29:56 [main] INFO  o.flowable.app.spring.SpringAppEngineConfiguration - class org.flowable.cmmn.spring.configurator.SpringCmmnEngineConfigurator (priority:500000)
2026-06-19 10:29:56 [main] INFO  o.flowable.app.spring.SpringAppEngineConfiguration - Executing beforeInit() of class org.flowable.engine.spring.configurator.SpringProcessEngineConfigurator (priority:50000)
2026-06-19 10:29:56 [main] INFO  o.flowable.app.spring.SpringAppEngineConfiguration - Executing beforeInit() of class org.flowable.eventregistry.spring.configurator.SpringEventRegistryConfigurator (priority:100000)
2026-06-19 10:29:56 [main] INFO  o.flowable.app.spring.SpringAppEngineConfiguration - Executing beforeInit() of class org.flowable.idm.spring.configurator.SpringIdmEngineConfigurator (priority:150000)
2026-06-19 10:29:56 [main] INFO  o.flowable.app.spring.SpringAppEngineConfiguration - Executing beforeInit() of class org.flowable.dmn.spring.configurator.SpringDmnEngineConfigurator (priority:200000)
2026-06-19 10:29:56 [main] INFO  o.flowable.app.spring.SpringAppEngineConfiguration - Executing beforeInit() of class org.flowable.cmmn.spring.configurator.SpringCmmnEngineConfigurator (priority:500000)
2026-06-19 10:29:56 [main] INFO  com.zaxxer.hikari.HikariDataSource - HikariPool-1 - Starting...
2026-06-19 10:29:57 [main] INFO  com.zaxxer.hikari.pool.HikariPool - HikariPool-1 - Added connection com.mysql.cj.jdbc.ConnectionImpl@443d94ae
2026-06-19 10:29:57 [main] INFO  com.zaxxer.hikari.HikariDataSource - HikariPool-1 - Start completed.
2026-06-19 10:29:58 [main] INFO  o.flowable.app.spring.SpringAppEngineConfiguration - Executing configure() of class org.flowable.engine.spring.configurator.SpringProcessEngineConfigurator (priority:50000)
2026-06-19 10:29:58 [main] INFO  org.flowable.engine.impl.ProcessEngineImpl - ProcessEngine default created
2026-06-19 10:29:58 [main] INFO  o.flowable.engine.impl.cmd.ValidateV5EntitiesCmd - Total of v5 deployments found: 0
2026-06-19 10:29:58 [main] INFO  o.flowable.app.spring.SpringAppEngineConfiguration - Executing configure() of class org.flowable.eventregistry.spring.configurator.SpringEventRegistryConfigurator (priority:100000)
2026-06-19 10:29:59 [main] INFO  liquibase.changelog - Reading from `2026mysql_ds`.FLW_EV_DATABASECHANGELOG
2026-06-19 10:29:59 [main] INFO  liquibase.changelog - Reading from `2026mysql_ds`.FLW_EV_DATABASECHANGELOG
2026-06-19 10:29:59 [main] INFO  liquibase.util - UPDATE SUMMARY
2026-06-19 10:29:59 [main] INFO  liquibase.util - Run:                          0
2026-06-19 10:29:59 [main] INFO  liquibase.util - Previously run:               3
2026-06-19 10:29:59 [main] INFO  liquibase.util - Filtered out:                 0
2026-06-19 10:29:59 [main] INFO  liquibase.util - -------------------------------
2026-06-19 10:29:59 [main] INFO  liquibase.util - Total change sets:            3
2026-06-19 10:29:59 [main] INFO  liquibase.util - Update summary generated
2026-06-19 10:29:59 [main] INFO  liquibase.lockservice - Successfully released change log lock
2026-06-19 10:29:59 [main] INFO  liquibase.command - Command execution complete
2026-06-19 10:29:59 [main] INFO  o.f.eventregistry.impl.EventRegistryEngineImpl - EventRegistryEngine default created
2026-06-19 10:29:59 [main] INFO  o.flowable.app.spring.SpringAppEngineConfiguration - Executing configure() of class org.flowable.idm.spring.configurator.SpringIdmEngineConfigurator (priority:150000)
2026-06-19 10:29:59 [main] INFO  org.flowable.idm.engine.impl.IdmEngineImpl - IdmEngine default created
2026-06-19 10:29:59 [main] INFO  o.flowable.app.spring.SpringAppEngineConfiguration - Executing configure() of class org.flowable.dmn.spring.configurator.SpringDmnEngineConfigurator (priority:200000)
2026-06-19 10:30:00 [main] INFO  liquibase.changelog - Reading from `2026mysql_ds`.ACT_DMN_DATABASECHANGELOG
2026-06-19 10:30:00 [main] INFO  liquibase.changelog - Reading from `2026mysql_ds`.ACT_DMN_DATABASECHANGELOG
2026-06-19 10:30:00 [main] INFO  liquibase.util - UPDATE SUMMARY
2026-06-19 10:30:00 [main] INFO  liquibase.util - Run:                          0
2026-06-19 10:30:00 [main] INFO  liquibase.util - Previously run:               9
2026-06-19 10:30:00 [main] INFO  liquibase.util - Filtered out:                 0
2026-06-19 10:30:00 [main] INFO  liquibase.util - -------------------------------
2026-06-19 10:30:00 [main] INFO  liquibase.util - Total change sets:            9
2026-06-19 10:30:00 [main] INFO  liquibase.util - Update summary generated
2026-06-19 10:30:00 [main] INFO  liquibase.lockservice - Successfully released change log lock
2026-06-19 10:30:00 [main] INFO  liquibase.command - Command execution complete
2026-06-19 10:30:00 [main] INFO  org.flowable.dmn.engine.impl.DmnEngineImpl - DmnEngine default created
2026-06-19 10:30:00 [main] INFO  o.flowable.app.spring.SpringAppEngineConfiguration - Executing configure() of class org.flowable.cmmn.spring.configurator.SpringCmmnEngineConfigurator (priority:500000)
2026-06-19 10:30:01 [main] INFO  liquibase.changelog - Reading from `2026mysql_ds`.ACT_CMMN_DATABASECHANGELOG
2026-06-19 10:30:01 [main] INFO  liquibase.changelog - Reading from `2026mysql_ds`.ACT_CMMN_DATABASECHANGELOG
2026-06-19 10:30:01 [main] INFO  liquibase.util - UPDATE SUMMARY
2026-06-19 10:30:01 [main] INFO  liquibase.util - Run:                          0
2026-06-19 10:30:01 [main] INFO  liquibase.util - Previously run:              16
2026-06-19 10:30:01 [main] INFO  liquibase.util - Filtered out:                 1
2026-06-19 10:30:01 [main] INFO  liquibase.util - -------------------------------
2026-06-19 10:30:01 [main] INFO  liquibase.util - Total change sets:           17
2026-06-19 10:30:01 [main] INFO  liquibase.util - FILTERED CHANGE SETS SUMMARY
2026-06-19 10:30:01 [main] INFO  liquibase.util - DBMS mismatch:                1
2026-06-19 10:30:01 [main] INFO  liquibase.util - Update summary generated
2026-06-19 10:30:01 [main] INFO  liquibase.lockservice - Successfully released change log lock
2026-06-19 10:30:01 [main] INFO  liquibase.command - Command execution complete
2026-06-19 10:30:01 [main] INFO  org.flowable.cmmn.engine.impl.CmmnEngineImpl - CmmnEngine default created
2026-06-19 10:30:01 [main] INFO  liquibase.changelog - Reading from `2026mysql_ds`.ACT_APP_DATABASECHANGELOG
2026-06-19 10:30:01 [main] INFO  liquibase.changelog - Reading from `2026mysql_ds`.ACT_APP_DATABASECHANGELOG
2026-06-19 10:30:01 [main] INFO  liquibase.util - UPDATE SUMMARY
2026-06-19 10:30:01 [main] INFO  liquibase.util - Run:                          0
2026-06-19 10:30:01 [main] INFO  liquibase.util - Previously run:               3
2026-06-19 10:30:01 [main] INFO  liquibase.util - Filtered out:                 0
2026-06-19 10:30:01 [main] INFO  liquibase.util - -------------------------------
2026-06-19 10:30:01 [main] INFO  liquibase.util - Total change sets:            3
2026-06-19 10:30:01 [main] INFO  liquibase.util - Update summary generated
2026-06-19 10:30:01 [main] INFO  liquibase.lockservice - Successfully released change log lock
2026-06-19 10:30:01 [main] INFO  liquibase.command - Command execution complete
2026-06-19 10:30:01 [main] INFO  org.flowable.app.engine.impl.AppEngineImpl - AppEngine default created
2026-06-19 10:30:02 [main] INFO  o.s.b.actuate.endpoint.web.EndpointLinksResolver - Exposing 1 endpoint(s) beneath base path '/actuator'
2026-06-19 10:30:02 [main] INFO  o.s.security.web.DefaultSecurityFilterChain - Will secure any request with [org.springframework.security.web.session.DisableEncodeUrlFilter@3421c1e9, org.springframework.security.web.context.request.async.WebAsyncManagerIntegrationFilter@26cd89e9, org.springframework.security.web.context.SecurityContextHolderFilter@8e4f57e, org.springframework.security.web.header.HeaderWriterFilter@2a2b0fc, org.springframework.web.filter.CorsFilter@69a3bf40, org.springframework.security.web.authentication.logout.LogoutFilter@7581fb03, org.xiaoxu.auth.TokenAuthenticationFilter@24668b5b, org.springframework.security.web.savedrequest.RequestCacheAwareFilter@4c351f4c, org.springframework.security.web.servletapi.SecurityContextHolderAwareRequestFilter@6b0e01f9, org.springframework.security.web.authentication.AnonymousAuthenticationFilter@415deab5, org.springframework.security.web.session.SessionManagementFilter@741198fb, org.springframework.security.web.access.ExceptionTranslationFilter@13f47949, org.springframework.security.web.access.intercept.AuthorizationFilter@5e373815]
2026-06-19 10:30:03 [main] INFO  o.f.j.s.impl.asyncexecutor.AbstractAsyncExecutor - Starting up the async job executor [org.flowable.spring.job.service.SpringAsyncExecutor] for engine cmmn
2026-06-19 10:30:03 [Thread-4] INFO  o.f.j.s.i.asyncexecutor.ResetExpiredJobsRunnable - starting to reset expired jobs for engine cmmn
2026-06-19 10:30:03 [main] INFO  o.f.j.s.impl.asyncexecutor.AbstractAsyncExecutor - Starting up the async job executor [org.flowable.spring.job.service.SpringAsyncExecutor] for engine bpmn
2026-06-19 10:30:03 [Thread-3] INFO  o.f.j.s.i.asyncexecutor.AcquireTimerJobsRunnable - starting to acquire async jobs due for engine cmmn
2026-06-19 10:30:03 [Thread-2] INFO  o.f.j.s.i.a.AcquireAsyncJobsDueRunnable - starting to acquire async jobs due for engine cmmn
2026-06-19 10:30:03 [main] INFO  o.f.s.configurator.DefaultAutoDeploymentStrategy - Deploying resources [file [E:\programs\java_arsenal\permission-system\target\classes\processes\fulfillment-approval.bpmn20.xml], file [E:\programs\java_arsenal\permission-system\target\classes\processes\leave-request.bpmn20.xml]] for engine org.flowable.engine.impl.ProcessEngineImpl@32300150 deployment name hint SpringBootAutoDeployment
2026-06-19 10:30:03 [Thread-6] INFO  o.f.j.s.i.asyncexecutor.AcquireTimerJobsRunnable - starting to acquire async jobs due for engine bpmn
2026-06-19 10:30:03 [Thread-5] INFO  o.f.j.s.i.a.AcquireAsyncJobsDueRunnable - starting to acquire async jobs due for engine bpmn
2026-06-19 10:30:03 [Thread-7] INFO  o.f.j.s.i.asyncexecutor.ResetExpiredJobsRunnable - starting to reset expired jobs for engine bpmn
2026-06-19 10:30:03 [main] INFO  org.apache.coyote.http11.Http11NioProtocol - Starting ProtocolHandler ["http-nio-13690"]
2026-06-19 10:30:03 [main] INFO  o.s.boot.web.embedded.tomcat.TomcatWebServer - Tomcat started on port 13690 (http) with context path ''
2026-06-19 10:30:03 [main] INFO  org.xiaoxu.PermissionApplication - Started PermissionApplication in 12.779 seconds (process running for 14.451)
2026-06-19 10:30:03 [RMI TCP Connection(6)-192.168.1.2] INFO  o.a.c.core.ContainerBase.[Tomcat].[localhost].[/] - Initializing Spring DispatcherServlet 'dispatcherServlet'
2026-06-19 10:30:03 [RMI TCP Connection(6)-192.168.1.2] INFO  org.springframework.web.servlet.DispatcherServlet - Initializing Servlet 'dispatcherServlet'
2026-06-19 10:30:03 [RMI TCP Connection(6)-192.168.1.2] INFO  org.springframework.web.servlet.DispatcherServlet - Completed initialization in 2 ms
2026-06-19 10:31:14 [http-nio-13690-exec-3] INFO  org.xiaoxu.service.MenuService - 用户[1]的角色IDs: [1]
2026-06-19 10:31:14 [http-nio-13690-exec-3] INFO  org.xiaoxu.service.MenuService - 用户[1]的菜单IDs: [1, 2, 3, 4, 5, 6, 7, 8, 9, 10, 11, 12, 13, 14, 15, 16, 100, 101, 102, 103, 104, 105, 106, 107, 108, 109, 110]
2026-06-19 10:31:15 [http-nio-13690-exec-6] INFO  org.xiaoxu.service.MenuService - 用户[1]的角色IDs: [1]
2026-06-19 10:31:15 [http-nio-13690-exec-6] INFO  org.xiaoxu.service.MenuService - 用户[1]的菜单IDs: [1, 2, 3, 4, 5, 6, 7, 8, 9, 10, 11, 12, 13, 14, 15, 16, 100, 101, 102, 103, 104, 105, 106, 107, 108, 109, 110]
2026-06-19 10:36:21 [http-nio-13690-exec-5] INFO  org.xiaoxu.service.MenuService - 用户[1]的角色IDs: [1]
2026-06-19 10:36:21 [http-nio-13690-exec-5] INFO  org.xiaoxu.service.MenuService - 用户[1]的菜单IDs: [1, 2, 3, 4, 5, 6, 7, 8, 9, 10, 11, 12, 13, 14, 15, 16, 100, 101, 102, 103, 104, 105, 106, 107, 108, 109, 110]
2026-06-19 10:43:17 [http-nio-13690-exec-8] INFO  org.xiaoxu.service.MenuService - 用户[1]的角色IDs: [1]
2026-06-19 10:43:17 [http-nio-13690-exec-8] INFO  org.xiaoxu.service.MenuService - 用户[1]的菜单IDs: [1, 2, 3, 4, 5, 6, 7, 8, 9, 10, 11, 12, 13, 14, 15, 16, 100, 101, 102, 103, 104, 105, 106, 107, 108, 109, 110]
2026-06-19 10:43:20 [http-nio-13690-exec-2] INFO  org.xiaoxu.service.MenuService - 用户[1]的角色IDs: [1]
2026-06-19 10:43:20 [http-nio-13690-exec-2] INFO  org.xiaoxu.service.MenuService - 用户[1]的菜单IDs: [1, 2, 3, 4, 5, 6, 7, 8, 9, 10, 11, 12, 13, 14, 15, 16, 100, 101, 102, 103, 104, 105, 106, 107, 108, 109, 110]
2026-06-19 10:44:18 [http-nio-13690-exec-10] INFO  org.xiaoxu.service.MenuService - 用户[1]的角色IDs: [1]
2026-06-19 10:44:18 [http-nio-13690-exec-10] INFO  org.xiaoxu.service.MenuService - 用户[1]的菜单IDs: [1, 2, 3, 4, 5, 6, 7, 8, 9, 10, 11, 12, 13, 14, 15, 16, 100, 101, 102, 103, 104, 105, 106, 107, 108, 109, 110]
2026-06-19 10:44:20 [http-nio-13690-exec-2] INFO  org.xiaoxu.service.MenuService - 用户[1]的角色IDs: [1]
2026-06-19 10:44:20 [http-nio-13690-exec-2] INFO  org.xiaoxu.service.MenuService - 用户[1]的菜单IDs: [1, 2, 3, 4, 5, 6, 7, 8, 9, 10, 11, 12, 13, 14, 15, 16, 100, 101, 102, 103, 104, 105, 106, 107, 108, 109, 110]
2026-06-19 10:44:38 [http-nio-13690-exec-6] INFO  org.xiaoxu.service.MenuService - 用户[1]的角色IDs: [1]
2026-06-19 10:44:38 [http-nio-13690-exec-6] INFO  org.xiaoxu.service.MenuService - 用户[1]的菜单IDs: [1, 2, 3, 4, 5, 6, 7, 8, 9, 10, 11, 12, 13, 14, 15, 16, 100, 101, 102, 103, 104, 105, 106, 107, 108, 109, 110]
2026-06-19 10:44:41 [http-nio-13690-exec-7] INFO  org.xiaoxu.service.MenuService - 用户[1]的角色IDs: [1]
2026-06-19 10:44:41 [http-nio-13690-exec-7] INFO  org.xiaoxu.service.MenuService - 用户[1]的菜单IDs: [1, 2, 3, 4, 5, 6, 7, 8, 9, 10, 11, 12, 13, 14, 15, 16, 100, 101, 102, 103, 104, 105, 106, 107, 108, 109, 110]
2026-06-19 10:49:53 [SpringApplicationShutdownHook] INFO  o.f.j.s.impl.asyncexecutor.AbstractAsyncExecutor - Shutting down the async job executor [org.flowable.spring.job.service.SpringAsyncExecutor] for engine cmmn
2026-06-19 10:49:53 [flowable-cmmn-acquire-async-jobs] INFO  o.f.j.s.i.a.AcquireAsyncJobsDueRunnable - stopped async job due acquisition for engine cmmn
2026-06-19 10:49:53 [flowable-cmmn-acquire-timer-jobs] INFO  o.f.j.s.i.asyncexecutor.AcquireTimerJobsRunnable - stopped async job due acquisition for engine cmmn
2026-06-19 10:49:53 [flowable-cmmn-reset-expired-jobs] INFO  o.f.j.s.i.asyncexecutor.ResetExpiredJobsRunnable - stopped resetting expired jobs for engine cmmn
2026-06-19 10:49:53 [SpringApplicationShutdownHook] INFO  o.f.j.s.impl.asyncexecutor.AbstractAsyncExecutor - Shutting down the async job executor [org.flowable.spring.job.service.SpringAsyncExecutor] for engine bpmn
2026-06-19 10:49:53 [flowable-bpmn-acquire-async-jobs] INFO  o.f.j.s.i.a.AcquireAsyncJobsDueRunnable - stopped async job due acquisition for engine bpmn
2026-06-19 10:49:53 [flowable-bpmn-reset-expired-jobs] INFO  o.f.j.s.i.asyncexecutor.ResetExpiredJobsRunnable - stopped resetting expired jobs for engine bpmn
2026-06-19 10:49:53 [flowable-bpmn-acquire-timer-jobs] INFO  o.f.j.s.i.asyncexecutor.AcquireTimerJobsRunnable - stopped async job due acquisition for engine bpmn
2026-06-19 10:49:53 [SpringApplicationShutdownHook] INFO  com.zaxxer.hikari.HikariDataSource - HikariPool-1 - Shutdown initiated...
2026-06-19 10:49:53 [SpringApplicationShutdownHook] INFO  com.zaxxer.hikari.HikariDataSource - HikariPool-1 - Shutdown completed.
2026-06-19 15:56:08 [background-preinit] INFO  org.hibernate.validator.internal.util.Version - HV000001: Hibernate Validator 8.0.1.Final
2026-06-19 15:56:08 [main] INFO  org.xiaoxu.PermissionApplication - Starting PermissionApplication using Java 17.0.12 with PID 44832 (E:\programs\java_arsenal\permission-system\target\classes started by tingq in E:\programs\java_arsenal)
2026-06-19 15:56:08 [main] INFO  org.xiaoxu.PermissionApplication - The following 1 profile is active: "pro"
2026-06-19 15:56:10 [main] INFO  o.s.d.r.config.RepositoryConfigurationDelegate - Multiple Spring Data modules found, entering strict repository configuration mode
2026-06-19 15:56:10 [main] INFO  o.s.d.r.config.RepositoryConfigurationDelegate - Bootstrapping Spring Data Redis repositories in DEFAULT mode.
2026-06-19 15:56:10 [main] INFO  o.s.d.r.config.RepositoryConfigurationDelegate - Finished Spring Data repository scanning in 30 ms. Found 0 Redis repository interfaces.
2026-06-19 15:56:10 [main] WARN  o.s.c.s.PostProcessorRegistrationDelegate$BeanPostProcessorChecker - Bean 'com.alicp.jetcache.anno.config.JetCacheProxyConfiguration' of type [com.alicp.jetcache.anno.config.JetCacheProxyConfiguration$$SpringCGLIB$$0] is not eligible for getting processed by all BeanPostProcessors (for example: not eligible for auto-proxying). Is this bean getting eagerly injected into a currently created BeanPostProcessor [meterRegistryPostProcessor]? Check the corresponding BeanPostProcessor declaration and its dependencies.
2026-06-19 15:56:10 [main] WARN  o.s.c.s.PostProcessorRegistrationDelegate$BeanPostProcessorChecker - Bean 'com.alicp.jetcache.anno.config.CommonConfiguration' of type [com.alicp.jetcache.anno.config.CommonConfiguration$$SpringCGLIB$$0] is not eligible for getting processed by all BeanPostProcessors (for example: not eligible for auto-proxying). Is this bean getting eagerly injected into a currently created BeanPostProcessor [meterRegistryPostProcessor]? Check the corresponding BeanPostProcessor declaration and its dependencies.
2026-06-19 15:56:11 [main] INFO  o.s.boot.web.embedded.tomcat.TomcatWebServer - Tomcat initialized with port 13690 (http)
2026-06-19 15:56:11 [main] INFO  org.apache.coyote.http11.Http11NioProtocol - Initializing ProtocolHandler ["http-nio-13690"]
2026-06-19 15:56:11 [main] INFO  org.apache.catalina.core.StandardService - Starting service [Tomcat]
2026-06-19 15:56:11 [main] INFO  org.apache.catalina.core.StandardEngine - Starting Servlet engine: [Apache Tomcat/10.1.18]
2026-06-19 15:56:11 [main] INFO  o.a.c.core.ContainerBase.[Tomcat].[localhost].[/] - Initializing Spring embedded WebApplicationContext
2026-06-19 15:56:11 [main] INFO  o.s.b.w.s.c.ServletWebServerApplicationContext - Root WebApplicationContext: initialization completed in 2613 ms
2026-06-19 15:56:11 [main] INFO  org.redisson.Version - Redisson 3.24.3
2026-06-19 15:56:12 [redisson-netty-2-5] INFO  o.r.connection.pool.MasterPubSubConnectionPool - 1 connections initialized for 192.168.200.128/192.168.200.128:6379
2026-06-19 15:56:12 [redisson-netty-2-19] INFO  org.redisson.connection.pool.MasterConnectionPool - 24 connections initialized for 192.168.200.128/192.168.200.128:6379
2026-06-19 15:56:13 [main] INFO  o.xiaoxu.workflow.approval.ApprovalHandlerRegistry - 审批回调注册完成，已注册业务: [fulfillment-approval, leave-request]
2026-06-19 15:56:13 [main] INFO  o.f.spring.boot.cmmn.CmmnEngineAutoConfiguration - No deployment resources were found for autodeployment
2026-06-19 15:56:14 [main] INFO  o.f.spring.boot.dmn.DmnEngineAutoConfiguration - No deployment resources were found for autodeployment
2026-06-19 15:56:14 [main] INFO  o.f.s.b.e.EventRegistryAutoConfiguration - No deployment resources were found for autodeployment
2026-06-19 15:56:14 [main] INFO  o.f.spring.boot.app.AppEngineAutoConfiguration - No deployment resources were found for autodeployment
2026-06-19 15:56:14 [main] INFO  o.flowable.app.spring.SpringAppEngineConfiguration - Found 5 Engine Configurators in total:
2026-06-19 15:56:14 [main] INFO  o.flowable.app.spring.SpringAppEngineConfiguration - class org.flowable.engine.spring.configurator.SpringProcessEngineConfigurator (priority:50000)
2026-06-19 15:56:14 [main] INFO  o.flowable.app.spring.SpringAppEngineConfiguration - class org.flowable.eventregistry.spring.configurator.SpringEventRegistryConfigurator (priority:100000)
2026-06-19 15:56:14 [main] INFO  o.flowable.app.spring.SpringAppEngineConfiguration - class org.flowable.idm.spring.configurator.SpringIdmEngineConfigurator (priority:150000)
2026-06-19 15:56:14 [main] INFO  o.flowable.app.spring.SpringAppEngineConfiguration - class org.flowable.dmn.spring.configurator.SpringDmnEngineConfigurator (priority:200000)
2026-06-19 15:56:14 [main] INFO  o.flowable.app.spring.SpringAppEngineConfiguration - class org.flowable.cmmn.spring.configurator.SpringCmmnEngineConfigurator (priority:500000)
2026-06-19 15:56:14 [main] INFO  o.flowable.app.spring.SpringAppEngineConfiguration - Executing beforeInit() of class org.flowable.engine.spring.configurator.SpringProcessEngineConfigurator (priority:50000)
2026-06-19 15:56:14 [main] INFO  o.flowable.app.spring.SpringAppEngineConfiguration - Executing beforeInit() of class org.flowable.eventregistry.spring.configurator.SpringEventRegistryConfigurator (priority:100000)
2026-06-19 15:56:14 [main] INFO  o.flowable.app.spring.SpringAppEngineConfiguration - Executing beforeInit() of class org.flowable.idm.spring.configurator.SpringIdmEngineConfigurator (priority:150000)
2026-06-19 15:56:14 [main] INFO  o.flowable.app.spring.SpringAppEngineConfiguration - Executing beforeInit() of class org.flowable.dmn.spring.configurator.SpringDmnEngineConfigurator (priority:200000)
2026-06-19 15:56:14 [main] INFO  o.flowable.app.spring.SpringAppEngineConfiguration - Executing beforeInit() of class org.flowable.cmmn.spring.configurator.SpringCmmnEngineConfigurator (priority:500000)
2026-06-19 15:56:14 [main] INFO  com.zaxxer.hikari.HikariDataSource - HikariPool-1 - Starting...
2026-06-19 15:56:14 [main] INFO  com.zaxxer.hikari.pool.HikariPool - HikariPool-1 - Added connection com.mysql.cj.jdbc.ConnectionImpl@2f46bc25
2026-06-19 15:56:14 [main] INFO  com.zaxxer.hikari.HikariDataSource - HikariPool-1 - Start completed.
2026-06-19 15:56:15 [main] INFO  o.flowable.app.spring.SpringAppEngineConfiguration - Executing configure() of class org.flowable.engine.spring.configurator.SpringProcessEngineConfigurator (priority:50000)
2026-06-19 15:56:15 [main] INFO  org.flowable.engine.impl.ProcessEngineImpl - ProcessEngine default created
2026-06-19 15:56:15 [main] INFO  o.flowable.engine.impl.cmd.ValidateV5EntitiesCmd - Total of v5 deployments found: 0
2026-06-19 15:56:15 [main] INFO  o.flowable.app.spring.SpringAppEngineConfiguration - Executing configure() of class org.flowable.eventregistry.spring.configurator.SpringEventRegistryConfigurator (priority:100000)
2026-06-19 15:56:16 [main] INFO  liquibase.changelog - Reading from `2026mysql_ds`.FLW_EV_DATABASECHANGELOG
2026-06-19 15:56:16 [main] INFO  liquibase.changelog - Reading from `2026mysql_ds`.FLW_EV_DATABASECHANGELOG
2026-06-19 15:56:16 [main] INFO  liquibase.util - UPDATE SUMMARY
2026-06-19 15:56:16 [main] INFO  liquibase.util - Run:                          0
2026-06-19 15:56:16 [main] INFO  liquibase.util - Previously run:               3
2026-06-19 15:56:16 [main] INFO  liquibase.util - Filtered out:                 0
2026-06-19 15:56:16 [main] INFO  liquibase.util - -------------------------------
2026-06-19 15:56:16 [main] INFO  liquibase.util - Total change sets:            3
2026-06-19 15:56:16 [main] INFO  liquibase.util - Update summary generated
2026-06-19 15:56:16 [main] INFO  liquibase.lockservice - Successfully released change log lock
2026-06-19 15:56:16 [main] INFO  liquibase.command - Command execution complete
2026-06-19 15:56:16 [main] INFO  o.f.eventregistry.impl.EventRegistryEngineImpl - EventRegistryEngine default created
2026-06-19 15:56:16 [main] INFO  o.flowable.app.spring.SpringAppEngineConfiguration - Executing configure() of class org.flowable.idm.spring.configurator.SpringIdmEngineConfigurator (priority:150000)
2026-06-19 15:56:16 [main] INFO  org.flowable.idm.engine.impl.IdmEngineImpl - IdmEngine default created
2026-06-19 15:56:16 [main] INFO  o.flowable.app.spring.SpringAppEngineConfiguration - Executing configure() of class org.flowable.dmn.spring.configurator.SpringDmnEngineConfigurator (priority:200000)
2026-06-19 15:56:17 [main] INFO  liquibase.changelog - Reading from `2026mysql_ds`.ACT_DMN_DATABASECHANGELOG
2026-06-19 15:56:17 [main] INFO  liquibase.changelog - Reading from `2026mysql_ds`.ACT_DMN_DATABASECHANGELOG
2026-06-19 15:56:17 [main] INFO  liquibase.util - UPDATE SUMMARY
2026-06-19 15:56:17 [main] INFO  liquibase.util - Run:                          0
2026-06-19 15:56:17 [main] INFO  liquibase.util - Previously run:               9
2026-06-19 15:56:17 [main] INFO  liquibase.util - Filtered out:                 0
2026-06-19 15:56:17 [main] INFO  liquibase.util - -------------------------------
2026-06-19 15:56:17 [main] INFO  liquibase.util - Total change sets:            9
2026-06-19 15:56:17 [main] INFO  liquibase.util - Update summary generated
2026-06-19 15:56:17 [main] INFO  liquibase.lockservice - Successfully released change log lock
2026-06-19 15:56:17 [main] INFO  liquibase.command - Command execution complete
2026-06-19 15:56:17 [main] INFO  org.flowable.dmn.engine.impl.DmnEngineImpl - DmnEngine default created
2026-06-19 15:56:17 [main] INFO  o.flowable.app.spring.SpringAppEngineConfiguration - Executing configure() of class org.flowable.cmmn.spring.configurator.SpringCmmnEngineConfigurator (priority:500000)
2026-06-19 15:56:17 [main] INFO  liquibase.changelog - Reading from `2026mysql_ds`.ACT_CMMN_DATABASECHANGELOG
2026-06-19 15:56:17 [main] INFO  liquibase.changelog - Reading from `2026mysql_ds`.ACT_CMMN_DATABASECHANGELOG
2026-06-19 15:56:17 [main] INFO  liquibase.util - UPDATE SUMMARY
2026-06-19 15:56:17 [main] INFO  liquibase.util - Run:                          0
2026-06-19 15:56:17 [main] INFO  liquibase.util - Previously run:              16
2026-06-19 15:56:17 [main] INFO  liquibase.util - Filtered out:                 1
2026-06-19 15:56:17 [main] INFO  liquibase.util - -------------------------------
2026-06-19 15:56:17 [main] INFO  liquibase.util - Total change sets:           17
2026-06-19 15:56:17 [main] INFO  liquibase.util - FILTERED CHANGE SETS SUMMARY
2026-06-19 15:56:17 [main] INFO  liquibase.util - DBMS mismatch:                1
2026-06-19 15:56:17 [main] INFO  liquibase.util - Update summary generated
2026-06-19 15:56:17 [main] INFO  liquibase.lockservice - Successfully released change log lock
2026-06-19 15:56:17 [main] INFO  liquibase.command - Command execution complete
2026-06-19 15:56:17 [main] INFO  org.flowable.cmmn.engine.impl.CmmnEngineImpl - CmmnEngine default created
2026-06-19 15:56:17 [main] INFO  liquibase.changelog - Reading from `2026mysql_ds`.ACT_APP_DATABASECHANGELOG
2026-06-19 15:56:18 [main] INFO  liquibase.changelog - Reading from `2026mysql_ds`.ACT_APP_DATABASECHANGELOG
2026-06-19 15:56:18 [main] INFO  liquibase.util - UPDATE SUMMARY
2026-06-19 15:56:18 [main] INFO  liquibase.util - Run:                          0
2026-06-19 15:56:18 [main] INFO  liquibase.util - Previously run:               3
2026-06-19 15:56:18 [main] INFO  liquibase.util - Filtered out:                 0
2026-06-19 15:56:18 [main] INFO  liquibase.util - -------------------------------
2026-06-19 15:56:18 [main] INFO  liquibase.util - Total change sets:            3
2026-06-19 15:56:18 [main] INFO  liquibase.util - Update summary generated
2026-06-19 15:56:18 [main] INFO  liquibase.lockservice - Successfully released change log lock
2026-06-19 15:56:18 [main] INFO  liquibase.command - Command execution complete
2026-06-19 15:56:18 [main] INFO  org.flowable.app.engine.impl.AppEngineImpl - AppEngine default created
2026-06-19 15:56:18 [main] INFO  o.s.b.actuate.endpoint.web.EndpointLinksResolver - Exposing 1 endpoint(s) beneath base path '/actuator'
2026-06-19 15:56:18 [main] INFO  o.s.security.web.DefaultSecurityFilterChain - Will secure any request with [org.springframework.security.web.session.DisableEncodeUrlFilter@69addf9a, org.springframework.security.web.context.request.async.WebAsyncManagerIntegrationFilter@2f284eee, org.springframework.security.web.context.SecurityContextHolderFilter@5f549033, org.springframework.security.web.header.HeaderWriterFilter@7a6c7d40, org.springframework.web.filter.CorsFilter@495f7ca4, org.springframework.security.web.authentication.logout.LogoutFilter@7c098ab1, org.xiaoxu.auth.TokenAuthenticationFilter@60c8909a, org.springframework.security.web.savedrequest.RequestCacheAwareFilter@32cbc466, org.springframework.security.web.servletapi.SecurityContextHolderAwareRequestFilter@2e504043, org.springframework.security.web.authentication.AnonymousAuthenticationFilter@7cc1f365, org.springframework.security.web.session.SessionManagementFilter@6d1867f9, org.springframework.security.web.access.ExceptionTranslationFilter@2162b7a, org.springframework.security.web.access.intercept.AuthorizationFilter@18a9626c]
2026-06-19 15:56:19 [main] INFO  o.f.j.s.impl.asyncexecutor.AbstractAsyncExecutor - Starting up the async job executor [org.flowable.spring.job.service.SpringAsyncExecutor] for engine cmmn
2026-06-19 15:56:19 [Thread-4] INFO  o.f.j.s.i.asyncexecutor.ResetExpiredJobsRunnable - starting to reset expired jobs for engine cmmn
2026-06-19 15:56:19 [main] INFO  o.f.j.s.impl.asyncexecutor.AbstractAsyncExecutor - Starting up the async job executor [org.flowable.spring.job.service.SpringAsyncExecutor] for engine bpmn
2026-06-19 15:56:19 [Thread-3] INFO  o.f.j.s.i.asyncexecutor.AcquireTimerJobsRunnable - starting to acquire async jobs due for engine cmmn
2026-06-19 15:56:19 [Thread-2] INFO  o.f.j.s.i.a.AcquireAsyncJobsDueRunnable - starting to acquire async jobs due for engine cmmn
2026-06-19 15:56:19 [Thread-6] INFO  o.f.j.s.i.asyncexecutor.AcquireTimerJobsRunnable - starting to acquire async jobs due for engine bpmn
2026-06-19 15:56:19 [Thread-7] INFO  o.f.j.s.i.asyncexecutor.ResetExpiredJobsRunnable - starting to reset expired jobs for engine bpmn
2026-06-19 15:56:19 [main] INFO  o.f.s.configurator.DefaultAutoDeploymentStrategy - Deploying resources [file [E:\programs\java_arsenal\permission-system\target\classes\processes\fulfillment-approval.bpmn20.xml], file [E:\programs\java_arsenal\permission-system\target\classes\processes\leave-request.bpmn20.xml]] for engine org.flowable.engine.impl.ProcessEngineImpl@c27ac23 deployment name hint SpringBootAutoDeployment
2026-06-19 15:56:19 [Thread-5] INFO  o.f.j.s.i.a.AcquireAsyncJobsDueRunnable - starting to acquire async jobs due for engine bpmn
2026-06-19 15:56:19 [main] INFO  org.apache.coyote.http11.Http11NioProtocol - Starting ProtocolHandler ["http-nio-13690"]
2026-06-19 15:56:19 [main] INFO  o.s.boot.web.embedded.tomcat.TomcatWebServer - Tomcat started on port 13690 (http) with context path ''
2026-06-19 15:56:19 [main] INFO  org.xiaoxu.PermissionApplication - Started PermissionApplication in 11.386 seconds (process running for 12.807)
2026-06-19 15:56:20 [RMI TCP Connection(2)-192.168.1.2] INFO  o.a.c.core.ContainerBase.[Tomcat].[localhost].[/] - Initializing Spring DispatcherServlet 'dispatcherServlet'
2026-06-19 15:56:20 [RMI TCP Connection(2)-192.168.1.2] INFO  org.springframework.web.servlet.DispatcherServlet - Initializing Servlet 'dispatcherServlet'
2026-06-19 15:56:20 [RMI TCP Connection(2)-192.168.1.2] INFO  org.springframework.web.servlet.DispatcherServlet - Completed initialization in 2 ms
2026-06-19 15:59:08 [http-nio-13690-exec-10] INFO  org.xiaoxu.service.MenuService - 用户[1]的角色IDs: [1]
2026-06-19 15:59:08 [http-nio-13690-exec-10] INFO  org.xiaoxu.service.MenuService - 用户[1]的菜单IDs: [1, 2, 3, 4, 5, 6, 7, 8, 9, 10, 11, 12, 13, 14, 15, 16, 100, 101, 102, 103, 104, 105, 106, 107, 108, 109, 110]
2026-06-19 16:04:18 [http-nio-13690-exec-8] INFO  org.xiaoxu.service.MenuService - 用户[1]的角色IDs: [1]
2026-06-19 16:04:18 [http-nio-13690-exec-8] INFO  org.xiaoxu.service.MenuService - 用户[1]的菜单IDs: [1, 2, 3, 4, 5, 6, 7, 8, 9, 10, 11, 12, 13, 14, 15, 16, 100, 101, 102, 103, 104, 105, 106, 107, 108, 109, 110]
2026-06-19 16:11:40 [http-nio-13690-exec-6] INFO  org.xiaoxu.service.MenuService - 用户[1]的角色IDs: [1]
2026-06-19 16:11:40 [http-nio-13690-exec-6] INFO  org.xiaoxu.service.MenuService - 用户[1]的菜单IDs: [1, 2, 3, 4, 5, 6, 7, 8, 9, 10, 11, 12, 13, 14, 15, 16, 100, 101, 102, 103, 104, 105, 106, 107, 108, 109, 110]
2026-06-19 16:13:29 [http-nio-13690-exec-1] INFO  org.xiaoxu.service.MenuService - 用户[1]的角色IDs: [1]
2026-06-19 16:13:29 [http-nio-13690-exec-1] INFO  org.xiaoxu.service.MenuService - 用户[1]的菜单IDs: [1, 2, 3, 4, 5, 6, 7, 8, 9, 10, 11, 12, 13, 14, 15, 16, 100, 101, 102, 103, 104, 105, 106, 107, 108, 109, 110]
2026-06-19 16:26:08 [http-nio-13690-exec-7] INFO  org.xiaoxu.service.MenuService - 用户[3]的角色IDs: [10]
2026-06-19 16:26:08 [http-nio-13690-exec-7] INFO  org.xiaoxu.service.MenuService - 用户[3]的菜单IDs: [100, 101, 104, 105]
2026-06-19 16:28:10 [http-nio-13690-exec-8] INFO  o.xiaoxu.workflow.service.impl.FlowableServiceImpl - 用户 manager 自动认领任务 7e3665b8-6bb6-11f1-b3a7-ca9402dece55
2026-06-19 16:28:10 [http-nio-13690-exec-8] INFO  o.xiaoxu.workflow.service.impl.FlowableServiceImpl - 任务完成, taskId: 7e3665b8-6bb6-11f1-b3a7-ca9402dece55
2026-06-19 16:28:20 [http-nio-13690-exec-1] INFO  org.xiaoxu.service.MenuService - 用户[3]的角色IDs: [10]
2026-06-19 16:28:20 [http-nio-13690-exec-1] INFO  org.xiaoxu.service.MenuService - 用户[3]的菜单IDs: [100, 101, 104, 105]
2026-06-19 16:30:57 [http-nio-13690-exec-4] INFO  org.xiaoxu.service.MenuService - 用户[6]的角色IDs: [13]
2026-06-19 16:30:57 [http-nio-13690-exec-4] INFO  org.xiaoxu.service.MenuService - 用户[6]的菜单IDs: [100, 101, 104, 105]
2026-06-19 16:31:04 [http-nio-13690-exec-2] INFO  org.xiaoxu.service.MenuService - 用户[1]的角色IDs: [1]
2026-06-19 16:31:04 [http-nio-13690-exec-2] INFO  org.xiaoxu.service.MenuService - 用户[1]的菜单IDs: [1, 2, 3, 4, 5, 6, 7, 8, 9, 10, 11, 12, 13, 14, 15, 16, 100, 101, 102, 103, 104, 105, 106, 107, 108, 109, 110]
2026-06-19 16:31:27 [http-nio-13690-exec-5] INFO  org.xiaoxu.service.MenuService - 用户[4]的角色IDs: [11]
2026-06-19 16:31:27 [http-nio-13690-exec-5] INFO  org.xiaoxu.service.MenuService - 用户[4]的菜单IDs: [100, 101, 104, 105]
2026-06-19 16:31:41 [http-nio-13690-exec-4] INFO  o.xiaoxu.workflow.service.impl.FlowableServiceImpl - 用户 director 自动认领任务 ce3c78f6-6bb8-11f1-b3a7-ca9402dece55
2026-06-19 16:31:41 [http-nio-13690-exec-4] INFO  o.xiaoxu.workflow.service.impl.FlowableServiceImpl - 任务完成, taskId: ce3c78f6-6bb8-11f1-b3a7-ca9402dece55
2026-06-19 16:34:09 [http-nio-13690-exec-3] INFO  org.xiaoxu.service.MenuService - 用户[6]的角色IDs: [13]
2026-06-19 16:34:09 [http-nio-13690-exec-3] INFO  org.xiaoxu.service.MenuService - 用户[6]的菜单IDs: [100, 101, 104, 105]
2026-06-19 16:34:28 [http-nio-13690-exec-5] INFO  o.xiaoxu.workflow.service.impl.FlowableServiceImpl - 用户 hr 自动认领任务 4c2f83c0-6bb9-11f1-b3a7-ca9402dece55
2026-06-19 16:34:28 [http-nio-13690-exec-5] INFO  o.xiaoxu.workflow.service.impl.FlowableServiceImpl - 任务完成, taskId: 4c2f83c0-6bb9-11f1-b3a7-ca9402dece55
2026-06-19 16:34:28 [http-nio-13690-exec-5] INFO  org.xiaoxu.workflow.approval.LeaveApprovalHandler - 请假单状态更新成功, id=4, identifier=30d96407158f4beb8862abb7125934bd, status=APPROVED
2026-06-19 16:34:28 [http-nio-13690-exec-5] INFO  o.xiaoxu.workflow.service.impl.FlowableServiceImpl - 审批通过回调完成, processInstanceId=7e31f8e1-6bb6-11f1-b3a7-ca9402dece55, key=leave-request
2026-06-19 16:34:34 [http-nio-13690-exec-9] INFO  org.xiaoxu.service.MenuService - 用户[1]的角色IDs: [1]
2026-06-19 16:34:34 [http-nio-13690-exec-9] INFO  org.xiaoxu.service.MenuService - 用户[1]的菜单IDs: [1, 2, 3, 4, 5, 6, 7, 8, 9, 10, 11, 12, 13, 14, 15, 16, 100, 101, 102, 103, 104, 105, 106, 107, 108, 109, 110]
2026-06-19 16:39:58 [http-nio-13690-exec-9] INFO  org.xiaoxu.service.MenuService - 用户[1]的角色IDs: [1]
2026-06-19 16:39:58 [http-nio-13690-exec-9] INFO  org.xiaoxu.service.MenuService - 用户[1]的菜单IDs: [1, 2, 3, 4, 5, 6, 7, 8, 9, 10, 11, 12, 13, 14, 15, 16, 100, 101, 102, 103, 104, 105, 106, 107, 108, 109, 110]
2026-06-19 16:39:59 [http-nio-13690-exec-8] INFO  org.xiaoxu.service.MenuService - 用户[1]的角色IDs: [1]
2026-06-19 16:39:59 [http-nio-13690-exec-8] INFO  org.xiaoxu.service.MenuService - 用户[1]的菜单IDs: [1, 2, 3, 4, 5, 6, 7, 8, 9, 10, 11, 12, 13, 14, 15, 16, 100, 101, 102, 103, 104, 105, 106, 107, 108, 109, 110]
2026-06-19 16:49:22 [http-nio-13690-exec-5] INFO  org.xiaoxu.service.MenuService - 用户[1]的角色IDs: [1]
2026-06-19 16:49:22 [http-nio-13690-exec-5] INFO  org.xiaoxu.service.MenuService - 用户[1]的菜单IDs: [1, 2, 3, 4, 5, 6, 7, 8, 9, 10, 11, 12, 13, 14, 15, 16, 100, 101, 102, 103, 104, 105, 106, 107, 108, 109, 110]
2026-06-19 16:49:23 [http-nio-13690-exec-10] INFO  org.xiaoxu.service.MenuService - 用户[1]的角色IDs: [1]
2026-06-19 16:49:23 [http-nio-13690-exec-10] INFO  org.xiaoxu.service.MenuService - 用户[1]的菜单IDs: [1, 2, 3, 4, 5, 6, 7, 8, 9, 10, 11, 12, 13, 14, 15, 16, 100, 101, 102, 103, 104, 105, 106, 107, 108, 109, 110]
2026-06-19 16:54:58 [SpringApplicationShutdownHook] INFO  o.f.j.s.impl.asyncexecutor.AbstractAsyncExecutor - Shutting down the async job executor [org.flowable.spring.job.service.SpringAsyncExecutor] for engine cmmn
2026-06-19 16:54:58 [flowable-cmmn-acquire-async-jobs] INFO  o.f.j.s.i.a.AcquireAsyncJobsDueRunnable - stopped async job due acquisition for engine cmmn
2026-06-19 16:54:58 [flowable-cmmn-acquire-timer-jobs] INFO  o.f.j.s.i.asyncexecutor.AcquireTimerJobsRunnable - stopped async job due acquisition for engine cmmn
2026-06-19 16:54:58 [flowable-cmmn-reset-expired-jobs] INFO  o.f.j.s.i.asyncexecutor.ResetExpiredJobsRunnable - stopped resetting expired jobs for engine cmmn
2026-06-19 16:54:58 [SpringApplicationShutdownHook] INFO  o.f.j.s.impl.asyncexecutor.AbstractAsyncExecutor - Shutting down the async job executor [org.flowable.spring.job.service.SpringAsyncExecutor] for engine bpmn
2026-06-19 16:54:58 [flowable-bpmn-acquire-async-jobs] INFO  o.f.j.s.i.a.AcquireAsyncJobsDueRunnable - stopped async job due acquisition for engine bpmn
2026-06-19 16:54:58 [flowable-bpmn-acquire-timer-jobs] INFO  o.f.j.s.i.asyncexecutor.AcquireTimerJobsRunnable - stopped async job due acquisition for engine bpmn
2026-06-19 16:54:58 [flowable-bpmn-reset-expired-jobs] INFO  o.f.j.s.i.asyncexecutor.ResetExpiredJobsRunnable - stopped resetting expired jobs for engine bpmn
2026-06-19 16:54:58 [SpringApplicationShutdownHook] INFO  com.zaxxer.hikari.HikariDataSource - HikariPool-1 - Shutdown initiated...
2026-06-19 16:54:58 [SpringApplicationShutdownHook] INFO  com.zaxxer.hikari.HikariDataSource - HikariPool-1 - Shutdown completed.
2026-06-19 16:59:29 [background-preinit] INFO  org.hibernate.validator.internal.util.Version - HV000001: Hibernate Validator 8.0.1.Final
2026-06-19 16:59:29 [main] INFO  org.xiaoxu.PermissionApplication - Starting PermissionApplication using Java 17.0.12 with PID 59544 (E:\programs\java_arsenal\permission-system\target\classes started by tingq in E:\programs\java_arsenal)
2026-06-19 16:59:29 [main] INFO  org.xiaoxu.PermissionApplication - The following 1 profile is active: "pro"
2026-06-19 16:59:31 [main] INFO  o.s.d.r.config.RepositoryConfigurationDelegate - Multiple Spring Data modules found, entering strict repository configuration mode
2026-06-19 16:59:31 [main] INFO  o.s.d.r.config.RepositoryConfigurationDelegate - Bootstrapping Spring Data Redis repositories in DEFAULT mode.
2026-06-19 16:59:31 [main] INFO  o.s.d.r.config.RepositoryConfigurationDelegate - Finished Spring Data repository scanning in 33 ms. Found 0 Redis repository interfaces.
2026-06-19 16:59:31 [main] WARN  o.s.c.s.PostProcessorRegistrationDelegate$BeanPostProcessorChecker - Bean 'com.alicp.jetcache.anno.config.JetCacheProxyConfiguration' of type [com.alicp.jetcache.anno.config.JetCacheProxyConfiguration$$SpringCGLIB$$0] is not eligible for getting processed by all BeanPostProcessors (for example: not eligible for auto-proxying). Is this bean getting eagerly injected into a currently created BeanPostProcessor [meterRegistryPostProcessor]? Check the corresponding BeanPostProcessor declaration and its dependencies.
2026-06-19 16:59:31 [main] WARN  o.s.c.s.PostProcessorRegistrationDelegate$BeanPostProcessorChecker - Bean 'com.alicp.jetcache.anno.config.CommonConfiguration' of type [com.alicp.jetcache.anno.config.CommonConfiguration$$SpringCGLIB$$0] is not eligible for getting processed by all BeanPostProcessors (for example: not eligible for auto-proxying). Is this bean getting eagerly injected into a currently created BeanPostProcessor [meterRegistryPostProcessor]? Check the corresponding BeanPostProcessor declaration and its dependencies.
2026-06-19 16:59:32 [main] INFO  o.s.boot.web.embedded.tomcat.TomcatWebServer - Tomcat initialized with port 13690 (http)
2026-06-19 16:59:32 [main] INFO  org.apache.coyote.http11.Http11NioProtocol - Initializing ProtocolHandler ["http-nio-13690"]
2026-06-19 16:59:32 [main] INFO  org.apache.catalina.core.StandardService - Starting service [Tomcat]
2026-06-19 16:59:32 [main] INFO  org.apache.catalina.core.StandardEngine - Starting Servlet engine: [Apache Tomcat/10.1.18]
2026-06-19 16:59:32 [main] INFO  o.a.c.core.ContainerBase.[Tomcat].[localhost].[/] - Initializing Spring embedded WebApplicationContext
2026-06-19 16:59:32 [main] INFO  o.s.b.w.s.c.ServletWebServerApplicationContext - Root WebApplicationContext: initialization completed in 2465 ms
2026-06-19 16:59:32 [main] INFO  org.redisson.Version - Redisson 3.24.3
2026-06-19 16:59:33 [redisson-netty-2-5] INFO  o.r.connection.pool.MasterPubSubConnectionPool - 1 connections initialized for 192.168.200.128/192.168.200.128:6379
2026-06-19 16:59:33 [redisson-netty-2-19] INFO  org.redisson.connection.pool.MasterConnectionPool - 24 connections initialized for 192.168.200.128/192.168.200.128:6379
2026-06-19 16:59:34 [main] INFO  o.xiaoxu.workflow.approval.ApprovalHandlerRegistry - 审批回调注册完成，已注册业务: [fulfillment-approval, leave-request]
2026-06-19 16:59:34 [main] INFO  o.f.spring.boot.cmmn.CmmnEngineAutoConfiguration - No deployment resources were found for autodeployment
2026-06-19 16:59:34 [main] INFO  o.f.spring.boot.dmn.DmnEngineAutoConfiguration - No deployment resources were found for autodeployment
2026-06-19 16:59:34 [main] INFO  o.f.s.b.e.EventRegistryAutoConfiguration - No deployment resources were found for autodeployment
2026-06-19 16:59:34 [main] INFO  o.f.spring.boot.app.AppEngineAutoConfiguration - No deployment resources were found for autodeployment
2026-06-19 16:59:34 [main] INFO  o.flowable.app.spring.SpringAppEngineConfiguration - Found 5 Engine Configurators in total:
2026-06-19 16:59:34 [main] INFO  o.flowable.app.spring.SpringAppEngineConfiguration - class org.flowable.engine.spring.configurator.SpringProcessEngineConfigurator (priority:50000)
2026-06-19 16:59:34 [main] INFO  o.flowable.app.spring.SpringAppEngineConfiguration - class org.flowable.eventregistry.spring.configurator.SpringEventRegistryConfigurator (priority:100000)
2026-06-19 16:59:34 [main] INFO  o.flowable.app.spring.SpringAppEngineConfiguration - class org.flowable.idm.spring.configurator.SpringIdmEngineConfigurator (priority:150000)
2026-06-19 16:59:34 [main] INFO  o.flowable.app.spring.SpringAppEngineConfiguration - class org.flowable.dmn.spring.configurator.SpringDmnEngineConfigurator (priority:200000)
2026-06-19 16:59:34 [main] INFO  o.flowable.app.spring.SpringAppEngineConfiguration - class org.flowable.cmmn.spring.configurator.SpringCmmnEngineConfigurator (priority:500000)
2026-06-19 16:59:34 [main] INFO  o.flowable.app.spring.SpringAppEngineConfiguration - Executing beforeInit() of class org.flowable.engine.spring.configurator.SpringProcessEngineConfigurator (priority:50000)
2026-06-19 16:59:34 [main] INFO  o.flowable.app.spring.SpringAppEngineConfiguration - Executing beforeInit() of class org.flowable.eventregistry.spring.configurator.SpringEventRegistryConfigurator (priority:100000)
2026-06-19 16:59:34 [main] INFO  o.flowable.app.spring.SpringAppEngineConfiguration - Executing beforeInit() of class org.flowable.idm.spring.configurator.SpringIdmEngineConfigurator (priority:150000)
2026-06-19 16:59:34 [main] INFO  o.flowable.app.spring.SpringAppEngineConfiguration - Executing beforeInit() of class org.flowable.dmn.spring.configurator.SpringDmnEngineConfigurator (priority:200000)
2026-06-19 16:59:34 [main] INFO  o.flowable.app.spring.SpringAppEngineConfiguration - Executing beforeInit() of class org.flowable.cmmn.spring.configurator.SpringCmmnEngineConfigurator (priority:500000)
2026-06-19 16:59:34 [main] INFO  com.zaxxer.hikari.HikariDataSource - HikariPool-1 - Starting...
2026-06-19 16:59:35 [main] INFO  com.zaxxer.hikari.pool.HikariPool - HikariPool-1 - Added connection com.mysql.cj.jdbc.ConnectionImpl@3e2a8fc
2026-06-19 16:59:35 [main] INFO  com.zaxxer.hikari.HikariDataSource - HikariPool-1 - Start completed.
2026-06-19 16:59:36 [main] INFO  o.flowable.app.spring.SpringAppEngineConfiguration - Executing configure() of class org.flowable.engine.spring.configurator.SpringProcessEngineConfigurator (priority:50000)
2026-06-19 16:59:36 [main] INFO  org.flowable.engine.impl.ProcessEngineImpl - ProcessEngine default created
2026-06-19 16:59:36 [main] INFO  o.flowable.engine.impl.cmd.ValidateV5EntitiesCmd - Total of v5 deployments found: 0
2026-06-19 16:59:36 [main] INFO  o.flowable.app.spring.SpringAppEngineConfiguration - Executing configure() of class org.flowable.eventregistry.spring.configurator.SpringEventRegistryConfigurator (priority:100000)
2026-06-19 16:59:37 [main] INFO  liquibase.changelog - Reading from `2026mysql_ds`.FLW_EV_DATABASECHANGELOG
2026-06-19 16:59:37 [main] INFO  liquibase.changelog - Reading from `2026mysql_ds`.FLW_EV_DATABASECHANGELOG
2026-06-19 16:59:37 [main] INFO  liquibase.util - UPDATE SUMMARY
2026-06-19 16:59:37 [main] INFO  liquibase.util - Run:                          0
2026-06-19 16:59:37 [main] INFO  liquibase.util - Previously run:               3
2026-06-19 16:59:37 [main] INFO  liquibase.util - Filtered out:                 0
2026-06-19 16:59:37 [main] INFO  liquibase.util - -------------------------------
2026-06-19 16:59:37 [main] INFO  liquibase.util - Total change sets:            3
2026-06-19 16:59:37 [main] INFO  liquibase.util - Update summary generated
2026-06-19 16:59:37 [main] INFO  liquibase.lockservice - Successfully released change log lock
2026-06-19 16:59:37 [main] INFO  liquibase.command - Command execution complete
2026-06-19 16:59:37 [main] INFO  o.f.eventregistry.impl.EventRegistryEngineImpl - EventRegistryEngine default created
2026-06-19 16:59:37 [main] INFO  o.flowable.app.spring.SpringAppEngineConfiguration - Executing configure() of class org.flowable.idm.spring.configurator.SpringIdmEngineConfigurator (priority:150000)
2026-06-19 16:59:37 [main] INFO  org.flowable.idm.engine.impl.IdmEngineImpl - IdmEngine default created
2026-06-19 16:59:37 [main] INFO  o.flowable.app.spring.SpringAppEngineConfiguration - Executing configure() of class org.flowable.dmn.spring.configurator.SpringDmnEngineConfigurator (priority:200000)
2026-06-19 16:59:37 [main] INFO  liquibase.changelog - Reading from `2026mysql_ds`.ACT_DMN_DATABASECHANGELOG
2026-06-19 16:59:37 [main] INFO  liquibase.changelog - Reading from `2026mysql_ds`.ACT_DMN_DATABASECHANGELOG
2026-06-19 16:59:37 [main] INFO  liquibase.util - UPDATE SUMMARY
2026-06-19 16:59:37 [main] INFO  liquibase.util - Run:                          0
2026-06-19 16:59:37 [main] INFO  liquibase.util - Previously run:               9
2026-06-19 16:59:37 [main] INFO  liquibase.util - Filtered out:                 0
2026-06-19 16:59:37 [main] INFO  liquibase.util - -------------------------------
2026-06-19 16:59:37 [main] INFO  liquibase.util - Total change sets:            9
2026-06-19 16:59:37 [main] INFO  liquibase.util - Update summary generated
2026-06-19 16:59:37 [main] INFO  liquibase.lockservice - Successfully released change log lock
2026-06-19 16:59:37 [main] INFO  liquibase.command - Command execution complete
2026-06-19 16:59:37 [main] INFO  org.flowable.dmn.engine.impl.DmnEngineImpl - DmnEngine default created
2026-06-19 16:59:37 [main] INFO  o.flowable.app.spring.SpringAppEngineConfiguration - Executing configure() of class org.flowable.cmmn.spring.configurator.SpringCmmnEngineConfigurator (priority:500000)
2026-06-19 16:59:38 [main] INFO  liquibase.changelog - Reading from `2026mysql_ds`.ACT_CMMN_DATABASECHANGELOG
2026-06-19 16:59:38 [main] INFO  liquibase.changelog - Reading from `2026mysql_ds`.ACT_CMMN_DATABASECHANGELOG
2026-06-19 16:59:38 [main] INFO  liquibase.util - UPDATE SUMMARY
2026-06-19 16:59:38 [main] INFO  liquibase.util - Run:                          0
2026-06-19 16:59:38 [main] INFO  liquibase.util - Previously run:              16
2026-06-19 16:59:38 [main] INFO  liquibase.util - Filtered out:                 1
2026-06-19 16:59:38 [main] INFO  liquibase.util - -------------------------------
2026-06-19 16:59:38 [main] INFO  liquibase.util - Total change sets:           17
2026-06-19 16:59:38 [main] INFO  liquibase.util - FILTERED CHANGE SETS SUMMARY
2026-06-19 16:59:38 [main] INFO  liquibase.util - DBMS mismatch:                1
2026-06-19 16:59:38 [main] INFO  liquibase.util - Update summary generated
2026-06-19 16:59:38 [main] INFO  liquibase.lockservice - Successfully released change log lock
2026-06-19 16:59:38 [main] INFO  liquibase.command - Command execution complete
2026-06-19 16:59:38 [main] INFO  org.flowable.cmmn.engine.impl.CmmnEngineImpl - CmmnEngine default created
2026-06-19 16:59:38 [main] INFO  liquibase.changelog - Reading from `2026mysql_ds`.ACT_APP_DATABASECHANGELOG
2026-06-19 16:59:38 [main] INFO  liquibase.changelog - Reading from `2026mysql_ds`.ACT_APP_DATABASECHANGELOG
2026-06-19 16:59:38 [main] INFO  liquibase.util - UPDATE SUMMARY
2026-06-19 16:59:38 [main] INFO  liquibase.util - Run:                          0
2026-06-19 16:59:38 [main] INFO  liquibase.util - Previously run:               3
2026-06-19 16:59:38 [main] INFO  liquibase.util - Filtered out:                 0
2026-06-19 16:59:38 [main] INFO  liquibase.util - -------------------------------
2026-06-19 16:59:38 [main] INFO  liquibase.util - Total change sets:            3
2026-06-19 16:59:38 [main] INFO  liquibase.util - Update summary generated
2026-06-19 16:59:38 [main] INFO  liquibase.lockservice - Successfully released change log lock
2026-06-19 16:59:38 [main] INFO  liquibase.command - Command execution complete
2026-06-19 16:59:38 [main] INFO  org.flowable.app.engine.impl.AppEngineImpl - AppEngine default created
2026-06-19 16:59:38 [main] INFO  o.s.b.actuate.endpoint.web.EndpointLinksResolver - Exposing 1 endpoint(s) beneath base path '/actuator'
2026-06-19 16:59:38 [main] INFO  o.s.security.web.DefaultSecurityFilterChain - Will secure any request with [org.springframework.security.web.session.DisableEncodeUrlFilter@45e5815d, org.springframework.security.web.context.request.async.WebAsyncManagerIntegrationFilter@4215d8de, org.springframework.security.web.context.SecurityContextHolderFilter@4e1b6119, org.springframework.security.web.header.HeaderWriterFilter@3d5811cf, org.springframework.web.filter.CorsFilter@14ee143a, org.springframework.security.web.authentication.logout.LogoutFilter@cceb214, org.xiaoxu.auth.TokenAuthenticationFilter@5d67bf4d, org.springframework.security.web.savedrequest.RequestCacheAwareFilter@7a080f4f, org.springframework.security.web.servletapi.SecurityContextHolderAwareRequestFilter@4e5b41c9, org.springframework.security.web.authentication.AnonymousAuthenticationFilter@618ac667, org.springframework.security.web.session.SessionManagementFilter@44f28815, org.springframework.security.web.access.ExceptionTranslationFilter@544ff0a1, org.springframework.security.web.access.intercept.AuthorizationFilter@562eb241]
2026-06-19 16:59:39 [main] INFO  com.xxl.job.core.executor.XxlJobExecutor - >>>>>>>>>>> xxl-job register jobhandler success, name:sendFulfillmentApprovalNotify, jobHandler:com.xxl.job.core.handler.impl.MethodJobHandler@1a0f75c9[class org.xiaoxu.workflow.job.ApprovalNotifyJobHandler#sendFulfillmentApprovalNotify]
2026-06-19 16:59:39 [main] INFO  com.xxl.job.core.executor.XxlJobExecutor - >>>>>>>>>>> xxl-job register jobhandler success, name:sendLeaveApprovalNotify, jobHandler:com.xxl.job.core.handler.impl.MethodJobHandler@2b4c4b3c[class org.xiaoxu.workflow.job.ApprovalNotifyJobHandler#sendLeaveApprovalNotify]
2026-06-19 16:59:39 [main] INFO  o.f.j.s.impl.asyncexecutor.AbstractAsyncExecutor - Starting up the async job executor [org.flowable.spring.job.service.SpringAsyncExecutor] for engine cmmn
2026-06-19 16:59:39 [Thread-8] INFO  o.f.j.s.i.asyncexecutor.ResetExpiredJobsRunnable - starting to reset expired jobs for engine cmmn
2026-06-19 16:59:39 [main] INFO  o.f.j.s.impl.asyncexecutor.AbstractAsyncExecutor - Starting up the async job executor [org.flowable.spring.job.service.SpringAsyncExecutor] for engine bpmn
2026-06-19 16:59:39 [Thread-6] INFO  o.f.j.s.i.a.AcquireAsyncJobsDueRunnable - starting to acquire async jobs due for engine cmmn
2026-06-19 16:59:39 [Thread-7] INFO  o.f.j.s.i.asyncexecutor.AcquireTimerJobsRunnable - starting to acquire async jobs due for engine cmmn
2026-06-19 16:59:39 [Thread-9] INFO  o.f.j.s.i.a.AcquireAsyncJobsDueRunnable - starting to acquire async jobs due for engine bpmn
2026-06-19 16:59:39 [main] INFO  o.f.s.configurator.DefaultAutoDeploymentStrategy - Deploying resources [file [E:\programs\java_arsenal\permission-system\target\classes\processes\fulfillment-approval.bpmn20.xml], file [E:\programs\java_arsenal\permission-system\target\classes\processes\leave-request.bpmn20.xml]] for engine org.flowable.engine.impl.ProcessEngineImpl@6ee53411 deployment name hint SpringBootAutoDeployment
2026-06-19 16:59:39 [Thread-10] INFO  o.f.j.s.i.asyncexecutor.AcquireTimerJobsRunnable - starting to acquire async jobs due for engine bpmn
2026-06-19 16:59:39 [Thread-11] INFO  o.f.j.s.i.asyncexecutor.ResetExpiredJobsRunnable - starting to reset expired jobs for engine bpmn
2026-06-19 16:59:39 [Thread-5] INFO  com.xxl.job.core.server.EmbedServer - >>>>>>>>>>> xxl-job remoting server start success, nettype = class com.xxl.job.core.server.EmbedServer, port = 9998
2026-06-19 16:59:40 [main] INFO  org.apache.coyote.http11.Http11NioProtocol - Starting ProtocolHandler ["http-nio-13690"]
2026-06-19 16:59:40 [main] INFO  o.s.boot.web.embedded.tomcat.TomcatWebServer - Tomcat started on port 13690 (http) with context path ''
2026-06-19 16:59:40 [main] INFO  org.xiaoxu.PermissionApplication - Started PermissionApplication in 11.934 seconds (process running for 13.632)
2026-06-19 16:59:41 [RMI TCP Connection(1)-192.168.1.2] INFO  o.a.c.core.ContainerBase.[Tomcat].[localhost].[/] - Initializing Spring DispatcherServlet 'dispatcherServlet'
2026-06-19 16:59:41 [RMI TCP Connection(1)-192.168.1.2] INFO  org.springframework.web.servlet.DispatcherServlet - Initializing Servlet 'dispatcherServlet'
2026-06-19 16:59:41 [RMI TCP Connection(1)-192.168.1.2] INFO  org.springframework.web.servlet.DispatcherServlet - Completed initialization in 2 ms
2026-06-19 17:02:56 [xxl-job, EmbedServer bizThreadPool-24567037] INFO  com.xxl.job.core.executor.XxlJobExecutor - >>>>>>>>>>> xxl-job regist JobThread success, jobId:3, handler:com.xxl.job.core.handler.impl.MethodJobHandler@2b4c4b3c[class org.xiaoxu.workflow.job.ApprovalNotifyJobHandler#sendLeaveApprovalNotify]
2026-06-19 17:06:07 [Thread-5] INFO  com.xxl.job.core.server.EmbedServer - >>>>>>>>>>> xxl-job remoting server stop.
2026-06-19 17:06:07 [xxl-job, executor ExecutorRegistryThread] INFO  com.xxl.job.core.thread.ExecutorRegistryThread - >>>>>>>>>>> xxl-job registry-remove success, registryParam:RegistryParam{registryGroup='EXECUTOR', registryKey='permission-job-executor', registryValue='http://192.168.1.2:9998/'}, registryResult:ReturnT [code=200, msg=null, content=null]
2026-06-19 17:06:07 [xxl-job, executor ExecutorRegistryThread] INFO  com.xxl.job.core.thread.ExecutorRegistryThread - >>>>>>>>>>> xxl-job, executor registry thread destroy.
2026-06-19 17:06:07 [SpringApplicationShutdownHook] INFO  com.xxl.job.core.server.EmbedServer - >>>>>>>>>>> xxl-job remoting server destroy success.
2026-06-19 17:06:07 [xxl-job, JobThread-3-1781859776505] INFO  com.xxl.job.core.thread.JobThread - >>>>>>>>>>> xxl-job JobThread stoped, hashCode:Thread[xxl-job, JobThread-3-1781859776505,10,main]
2026-06-19 17:06:07 [xxl-job, executor JobLogFileCleanThread] INFO  com.xxl.job.core.thread.JobLogFileCleanThread - >>>>>>>>>>> xxl-job, executor JobLogFileCleanThread thread destroy.
2026-06-19 17:06:07 [xxl-job, executor TriggerCallbackThread] INFO  com.xxl.job.core.thread.TriggerCallbackThread - >>>>>>>>>>> xxl-job, executor callback thread destroy.
2026-06-19 17:06:07 [Thread-4] INFO  com.xxl.job.core.thread.TriggerCallbackThread - >>>>>>>>>>> xxl-job, executor retry callback thread destroy.
2026-06-19 17:06:07 [SpringApplicationShutdownHook] INFO  o.f.j.s.impl.asyncexecutor.AbstractAsyncExecutor - Shutting down the async job executor [org.flowable.spring.job.service.SpringAsyncExecutor] for engine cmmn
2026-06-19 17:06:07 [flowable-cmmn-reset-expired-jobs] INFO  o.f.j.s.i.asyncexecutor.ResetExpiredJobsRunnable - stopped resetting expired jobs for engine cmmn
2026-06-19 17:06:07 [flowable-cmmn-acquire-timer-jobs] INFO  o.f.j.s.i.asyncexecutor.AcquireTimerJobsRunnable - stopped async job due acquisition for engine cmmn
2026-06-19 17:06:07 [flowable-cmmn-acquire-async-jobs] INFO  o.f.j.s.i.a.AcquireAsyncJobsDueRunnable - stopped async job due acquisition for engine cmmn
2026-06-19 17:06:07 [SpringApplicationShutdownHook] INFO  o.f.j.s.impl.asyncexecutor.AbstractAsyncExecutor - Shutting down the async job executor [org.flowable.spring.job.service.SpringAsyncExecutor] for engine bpmn
2026-06-19 17:06:07 [flowable-bpmn-acquire-async-jobs] INFO  o.f.j.s.i.a.AcquireAsyncJobsDueRunnable - stopped async job due acquisition for engine bpmn
2026-06-19 17:06:07 [flowable-bpmn-acquire-timer-jobs] INFO  o.f.j.s.i.asyncexecutor.AcquireTimerJobsRunnable - stopped async job due acquisition for engine bpmn
2026-06-19 17:06:07 [flowable-bpmn-reset-expired-jobs] INFO  o.f.j.s.i.asyncexecutor.ResetExpiredJobsRunnable - stopped resetting expired jobs for engine bpmn
2026-06-19 17:06:07 [SpringApplicationShutdownHook] INFO  com.zaxxer.hikari.HikariDataSource - HikariPool-1 - Shutdown initiated...
2026-06-19 17:06:07 [SpringApplicationShutdownHook] INFO  com.zaxxer.hikari.HikariDataSource - HikariPool-1 - Shutdown completed.
2026-06-19 17:06:14 [background-preinit] INFO  org.hibernate.validator.internal.util.Version - HV000001: Hibernate Validator 8.0.1.Final
2026-06-19 17:06:14 [main] INFO  org.xiaoxu.PermissionApplication - Starting PermissionApplication using Java 17.0.12 with PID 11972 (E:\programs\java_arsenal\permission-system\target\classes started by tingq in E:\programs\java_arsenal)
2026-06-19 17:06:14 [main] INFO  org.xiaoxu.PermissionApplication - The following 1 profile is active: "pro"
2026-06-19 17:06:15 [main] INFO  o.s.d.r.config.RepositoryConfigurationDelegate - Multiple Spring Data modules found, entering strict repository configuration mode
2026-06-19 17:06:15 [main] INFO  o.s.d.r.config.RepositoryConfigurationDelegate - Bootstrapping Spring Data Redis repositories in DEFAULT mode.
2026-06-19 17:06:16 [main] INFO  o.s.d.r.config.RepositoryConfigurationDelegate - Finished Spring Data repository scanning in 37 ms. Found 0 Redis repository interfaces.
2026-06-19 17:06:16 [main] WARN  o.s.c.s.PostProcessorRegistrationDelegate$BeanPostProcessorChecker - Bean 'com.alicp.jetcache.anno.config.JetCacheProxyConfiguration' of type [com.alicp.jetcache.anno.config.JetCacheProxyConfiguration$$SpringCGLIB$$0] is not eligible for getting processed by all BeanPostProcessors (for example: not eligible for auto-proxying). Is this bean getting eagerly injected into a currently created BeanPostProcessor [meterRegistryPostProcessor]? Check the corresponding BeanPostProcessor declaration and its dependencies.
2026-06-19 17:06:16 [main] WARN  o.s.c.s.PostProcessorRegistrationDelegate$BeanPostProcessorChecker - Bean 'com.alicp.jetcache.anno.config.CommonConfiguration' of type [com.alicp.jetcache.anno.config.CommonConfiguration$$SpringCGLIB$$0] is not eligible for getting processed by all BeanPostProcessors (for example: not eligible for auto-proxying). Is this bean getting eagerly injected into a currently created BeanPostProcessor [meterRegistryPostProcessor]? Check the corresponding BeanPostProcessor declaration and its dependencies.
2026-06-19 17:06:17 [main] INFO  o.s.boot.web.embedded.tomcat.TomcatWebServer - Tomcat initialized with port 13690 (http)
2026-06-19 17:06:17 [main] INFO  org.apache.coyote.http11.Http11NioProtocol - Initializing ProtocolHandler ["http-nio-13690"]
2026-06-19 17:06:17 [main] INFO  org.apache.catalina.core.StandardService - Starting service [Tomcat]
2026-06-19 17:06:17 [main] INFO  org.apache.catalina.core.StandardEngine - Starting Servlet engine: [Apache Tomcat/10.1.18]
2026-06-19 17:06:17 [main] INFO  o.a.c.core.ContainerBase.[Tomcat].[localhost].[/] - Initializing Spring embedded WebApplicationContext
2026-06-19 17:06:17 [main] INFO  o.s.b.w.s.c.ServletWebServerApplicationContext - Root WebApplicationContext: initialization completed in 2981 ms
2026-06-19 17:06:17 [main] INFO  org.redisson.Version - Redisson 3.24.3
2026-06-19 17:06:18 [redisson-netty-2-5] INFO  o.r.connection.pool.MasterPubSubConnectionPool - 1 connections initialized for 192.168.200.128/192.168.200.128:6379
2026-06-19 17:06:18 [redisson-netty-2-19] INFO  org.redisson.connection.pool.MasterConnectionPool - 24 connections initialized for 192.168.200.128/192.168.200.128:6379
2026-06-19 17:06:19 [main] INFO  o.xiaoxu.workflow.approval.ApprovalHandlerRegistry - 审批回调注册完成，已注册业务: [fulfillment-approval, leave-request]
2026-06-19 17:06:20 [main] INFO  o.f.spring.boot.cmmn.CmmnEngineAutoConfiguration - No deployment resources were found for autodeployment
2026-06-19 17:06:20 [main] INFO  o.f.spring.boot.dmn.DmnEngineAutoConfiguration - No deployment resources were found for autodeployment
2026-06-19 17:06:20 [main] INFO  o.f.s.b.e.EventRegistryAutoConfiguration - No deployment resources were found for autodeployment
2026-06-19 17:06:20 [main] INFO  o.f.spring.boot.app.AppEngineAutoConfiguration - No deployment resources were found for autodeployment
2026-06-19 17:06:20 [main] INFO  o.flowable.app.spring.SpringAppEngineConfiguration - Found 5 Engine Configurators in total:
2026-06-19 17:06:20 [main] INFO  o.flowable.app.spring.SpringAppEngineConfiguration - class org.flowable.engine.spring.configurator.SpringProcessEngineConfigurator (priority:50000)
2026-06-19 17:06:20 [main] INFO  o.flowable.app.spring.SpringAppEngineConfiguration - class org.flowable.eventregistry.spring.configurator.SpringEventRegistryConfigurator (priority:100000)
2026-06-19 17:06:20 [main] INFO  o.flowable.app.spring.SpringAppEngineConfiguration - class org.flowable.idm.spring.configurator.SpringIdmEngineConfigurator (priority:150000)
2026-06-19 17:06:20 [main] INFO  o.flowable.app.spring.SpringAppEngineConfiguration - class org.flowable.dmn.spring.configurator.SpringDmnEngineConfigurator (priority:200000)
2026-06-19 17:06:20 [main] INFO  o.flowable.app.spring.SpringAppEngineConfiguration - class org.flowable.cmmn.spring.configurator.SpringCmmnEngineConfigurator (priority:500000)
2026-06-19 17:06:20 [main] INFO  o.flowable.app.spring.SpringAppEngineConfiguration - Executing beforeInit() of class org.flowable.engine.spring.configurator.SpringProcessEngineConfigurator (priority:50000)
2026-06-19 17:06:20 [main] INFO  o.flowable.app.spring.SpringAppEngineConfiguration - Executing beforeInit() of class org.flowable.eventregistry.spring.configurator.SpringEventRegistryConfigurator (priority:100000)
2026-06-19 17:06:20 [main] INFO  o.flowable.app.spring.SpringAppEngineConfiguration - Executing beforeInit() of class org.flowable.idm.spring.configurator.SpringIdmEngineConfigurator (priority:150000)
2026-06-19 17:06:20 [main] INFO  o.flowable.app.spring.SpringAppEngineConfiguration - Executing beforeInit() of class org.flowable.dmn.spring.configurator.SpringDmnEngineConfigurator (priority:200000)
2026-06-19 17:06:20 [main] INFO  o.flowable.app.spring.SpringAppEngineConfiguration - Executing beforeInit() of class org.flowable.cmmn.spring.configurator.SpringCmmnEngineConfigurator (priority:500000)
2026-06-19 17:06:20 [main] INFO  com.zaxxer.hikari.HikariDataSource - HikariPool-1 - Starting...
2026-06-19 17:06:20 [main] INFO  com.zaxxer.hikari.pool.HikariPool - HikariPool-1 - Added connection com.mysql.cj.jdbc.ConnectionImpl@6db99c79
2026-06-19 17:06:20 [main] INFO  com.zaxxer.hikari.HikariDataSource - HikariPool-1 - Start completed.
2026-06-19 17:06:21 [main] INFO  o.flowable.app.spring.SpringAppEngineConfiguration - Executing configure() of class org.flowable.engine.spring.configurator.SpringProcessEngineConfigurator (priority:50000)
2026-06-19 17:06:22 [main] INFO  org.flowable.engine.impl.ProcessEngineImpl - ProcessEngine default created
2026-06-19 17:06:22 [main] INFO  o.flowable.engine.impl.cmd.ValidateV5EntitiesCmd - Total of v5 deployments found: 0
2026-06-19 17:06:22 [main] INFO  o.flowable.app.spring.SpringAppEngineConfiguration - Executing configure() of class org.flowable.eventregistry.spring.configurator.SpringEventRegistryConfigurator (priority:100000)
2026-06-19 17:06:23 [main] INFO  liquibase.changelog - Reading from `2026mysql_ds`.FLW_EV_DATABASECHANGELOG
2026-06-19 17:06:23 [main] INFO  liquibase.changelog - Reading from `2026mysql_ds`.FLW_EV_DATABASECHANGELOG
2026-06-19 17:06:23 [main] INFO  liquibase.util - UPDATE SUMMARY
2026-06-19 17:06:23 [main] INFO  liquibase.util - Run:                          0
2026-06-19 17:06:23 [main] INFO  liquibase.util - Previously run:               3
2026-06-19 17:06:23 [main] INFO  liquibase.util - Filtered out:                 0
2026-06-19 17:06:23 [main] INFO  liquibase.util - -------------------------------
2026-06-19 17:06:23 [main] INFO  liquibase.util - Total change sets:            3
2026-06-19 17:06:23 [main] INFO  liquibase.util - Update summary generated
2026-06-19 17:06:23 [main] INFO  liquibase.lockservice - Successfully released change log lock
2026-06-19 17:06:23 [main] INFO  liquibase.command - Command execution complete
2026-06-19 17:06:23 [main] INFO  o.f.eventregistry.impl.EventRegistryEngineImpl - EventRegistryEngine default created
2026-06-19 17:06:23 [main] INFO  o.flowable.app.spring.SpringAppEngineConfiguration - Executing configure() of class org.flowable.idm.spring.configurator.SpringIdmEngineConfigurator (priority:150000)
2026-06-19 17:06:23 [main] INFO  org.flowable.idm.engine.impl.IdmEngineImpl - IdmEngine default created
2026-06-19 17:06:23 [main] INFO  o.flowable.app.spring.SpringAppEngineConfiguration - Executing configure() of class org.flowable.dmn.spring.configurator.SpringDmnEngineConfigurator (priority:200000)
2026-06-19 17:06:23 [main] INFO  liquibase.changelog - Reading from `2026mysql_ds`.ACT_DMN_DATABASECHANGELOG
2026-06-19 17:06:23 [main] INFO  liquibase.changelog - Reading from `2026mysql_ds`.ACT_DMN_DATABASECHANGELOG
2026-06-19 17:06:23 [main] INFO  liquibase.util - UPDATE SUMMARY
2026-06-19 17:06:23 [main] INFO  liquibase.util - Run:                          0
2026-06-19 17:06:23 [main] INFO  liquibase.util - Previously run:               9
2026-06-19 17:06:23 [main] INFO  liquibase.util - Filtered out:                 0
2026-06-19 17:06:23 [main] INFO  liquibase.util - -------------------------------
2026-06-19 17:06:23 [main] INFO  liquibase.util - Total change sets:            9
2026-06-19 17:06:23 [main] INFO  liquibase.util - Update summary generated
2026-06-19 17:06:23 [main] INFO  liquibase.lockservice - Successfully released change log lock
2026-06-19 17:06:23 [main] INFO  liquibase.command - Command execution complete
2026-06-19 17:06:23 [main] INFO  org.flowable.dmn.engine.impl.DmnEngineImpl - DmnEngine default created
2026-06-19 17:06:23 [main] INFO  o.flowable.app.spring.SpringAppEngineConfiguration - Executing configure() of class org.flowable.cmmn.spring.configurator.SpringCmmnEngineConfigurator (priority:500000)
2026-06-19 17:06:24 [main] INFO  liquibase.changelog - Reading from `2026mysql_ds`.ACT_CMMN_DATABASECHANGELOG
2026-06-19 17:06:24 [main] INFO  liquibase.changelog - Reading from `2026mysql_ds`.ACT_CMMN_DATABASECHANGELOG
2026-06-19 17:06:24 [main] INFO  liquibase.util - UPDATE SUMMARY
2026-06-19 17:06:24 [main] INFO  liquibase.util - Run:                          0
2026-06-19 17:06:24 [main] INFO  liquibase.util - Previously run:              16
2026-06-19 17:06:24 [main] INFO  liquibase.util - Filtered out:                 1
2026-06-19 17:06:24 [main] INFO  liquibase.util - -------------------------------
2026-06-19 17:06:24 [main] INFO  liquibase.util - Total change sets:           17
2026-06-19 17:06:24 [main] INFO  liquibase.util - FILTERED CHANGE SETS SUMMARY
2026-06-19 17:06:24 [main] INFO  liquibase.util - DBMS mismatch:                1
2026-06-19 17:06:24 [main] INFO  liquibase.util - Update summary generated
2026-06-19 17:06:24 [main] INFO  liquibase.lockservice - Successfully released change log lock
2026-06-19 17:06:24 [main] INFO  liquibase.command - Command execution complete
2026-06-19 17:06:24 [main] INFO  org.flowable.cmmn.engine.impl.CmmnEngineImpl - CmmnEngine default created
2026-06-19 17:06:24 [main] INFO  liquibase.changelog - Reading from `2026mysql_ds`.ACT_APP_DATABASECHANGELOG
2026-06-19 17:06:24 [main] INFO  liquibase.changelog - Reading from `2026mysql_ds`.ACT_APP_DATABASECHANGELOG
2026-06-19 17:06:24 [main] INFO  liquibase.util - UPDATE SUMMARY
2026-06-19 17:06:24 [main] INFO  liquibase.util - Run:                          0
2026-06-19 17:06:24 [main] INFO  liquibase.util - Previously run:               3
2026-06-19 17:06:24 [main] INFO  liquibase.util - Filtered out:                 0
2026-06-19 17:06:24 [main] INFO  liquibase.util - -------------------------------
2026-06-19 17:06:24 [main] INFO  liquibase.util - Total change sets:            3
2026-06-19 17:06:24 [main] INFO  liquibase.util - Update summary generated
2026-06-19 17:06:24 [main] INFO  liquibase.lockservice - Successfully released change log lock
2026-06-19 17:06:24 [main] INFO  liquibase.command - Command execution complete
2026-06-19 17:06:24 [main] INFO  org.flowable.app.engine.impl.AppEngineImpl - AppEngine default created
2026-06-19 17:06:25 [main] INFO  o.s.b.actuate.endpoint.web.EndpointLinksResolver - Exposing 1 endpoint(s) beneath base path '/actuator'
2026-06-19 17:06:25 [main] INFO  o.s.security.web.DefaultSecurityFilterChain - Will secure any request with [org.springframework.security.web.session.DisableEncodeUrlFilter@a21441e, org.springframework.security.web.context.request.async.WebAsyncManagerIntegrationFilter@6068c103, org.springframework.security.web.context.SecurityContextHolderFilter@3d5811cf, org.springframework.security.web.header.HeaderWriterFilter@4eb0f9d2, org.springframework.web.filter.CorsFilter@a72925, org.springframework.security.web.authentication.logout.LogoutFilter@3b992e08, org.xiaoxu.auth.TokenAuthenticationFilter@10b5ff4d, org.springframework.security.web.savedrequest.RequestCacheAwareFilter@51f2f745, org.springframework.security.web.servletapi.SecurityContextHolderAwareRequestFilter@6434d8d9, org.springframework.security.web.authentication.AnonymousAuthenticationFilter@2910a10, org.springframework.security.web.session.SessionManagementFilter@3b0f907a, org.springframework.security.web.access.ExceptionTranslationFilter@7737d380, org.springframework.security.web.access.intercept.AuthorizationFilter@2c79dc52]
2026-06-19 17:06:26 [main] INFO  com.xxl.job.core.executor.XxlJobExecutor - >>>>>>>>>>> xxl-job register jobhandler success, name:sendLeaveApprovalNotify, jobHandler:com.xxl.job.core.handler.impl.MethodJobHandler@43a0015b[class org.xiaoxu.workflow.job.ApprovalNotifyJobHandler#sendLeaveApprovalNotify]
2026-06-19 17:06:26 [main] INFO  com.xxl.job.core.executor.XxlJobExecutor - >>>>>>>>>>> xxl-job register jobhandler success, name:sendFulfillmentApprovalNotify, jobHandler:com.xxl.job.core.handler.impl.MethodJobHandler@1ff98d32[class org.xiaoxu.workflow.job.ApprovalNotifyJobHandler#sendFulfillmentApprovalNotify]
2026-06-19 17:06:26 [main] INFO  o.f.j.s.impl.asyncexecutor.AbstractAsyncExecutor - Starting up the async job executor [org.flowable.spring.job.service.SpringAsyncExecutor] for engine cmmn
2026-06-19 17:06:26 [Thread-8] INFO  o.f.j.s.i.asyncexecutor.ResetExpiredJobsRunnable - starting to reset expired jobs for engine cmmn
2026-06-19 17:06:26 [main] INFO  o.f.j.s.impl.asyncexecutor.AbstractAsyncExecutor - Starting up the async job executor [org.flowable.spring.job.service.SpringAsyncExecutor] for engine bpmn
2026-06-19 17:06:26 [Thread-6] INFO  o.f.j.s.i.a.AcquireAsyncJobsDueRunnable - starting to acquire async jobs due for engine cmmn
2026-06-19 17:06:26 [Thread-7] INFO  o.f.j.s.i.asyncexecutor.AcquireTimerJobsRunnable - starting to acquire async jobs due for engine cmmn
2026-06-19 17:06:26 [main] INFO  o.f.s.configurator.DefaultAutoDeploymentStrategy - Deploying resources [file [E:\programs\java_arsenal\permission-system\target\classes\processes\fulfillment-approval.bpmn20.xml], file [E:\programs\java_arsenal\permission-system\target\classes\processes\leave-request.bpmn20.xml]] for engine org.flowable.engine.impl.ProcessEngineImpl@25c35897 deployment name hint SpringBootAutoDeployment
2026-06-19 17:06:26 [Thread-9] INFO  o.f.j.s.i.a.AcquireAsyncJobsDueRunnable - starting to acquire async jobs due for engine bpmn
2026-06-19 17:06:26 [Thread-10] INFO  o.f.j.s.i.asyncexecutor.AcquireTimerJobsRunnable - starting to acquire async jobs due for engine bpmn
2026-06-19 17:06:26 [Thread-11] INFO  o.f.j.s.i.asyncexecutor.ResetExpiredJobsRunnable - starting to reset expired jobs for engine bpmn
2026-06-19 17:06:26 [main] INFO  org.apache.coyote.http11.Http11NioProtocol - Starting ProtocolHandler ["http-nio-13690"]
2026-06-19 17:06:26 [main] INFO  o.s.boot.web.embedded.tomcat.TomcatWebServer - Tomcat started on port 13690 (http) with context path ''
2026-06-19 17:06:26 [main] INFO  org.xiaoxu.PermissionApplication - Started PermissionApplication in 12.912 seconds (process running for 14.454)
2026-06-19 17:06:26 [Thread-5] INFO  com.xxl.job.core.server.EmbedServer - >>>>>>>>>>> xxl-job remoting server start success, nettype = class com.xxl.job.core.server.EmbedServer, port = 9998
2026-06-19 17:06:26 [RMI TCP Connection(2)-192.168.1.2] INFO  o.a.c.core.ContainerBase.[Tomcat].[localhost].[/] - Initializing Spring DispatcherServlet 'dispatcherServlet'
2026-06-19 17:06:26 [RMI TCP Connection(2)-192.168.1.2] INFO  org.springframework.web.servlet.DispatcherServlet - Initializing Servlet 'dispatcherServlet'
2026-06-19 17:06:26 [RMI TCP Connection(2)-192.168.1.2] INFO  org.springframework.web.servlet.DispatcherServlet - Completed initialization in 1 ms
2026-06-19 17:06:56 [xxl-job, EmbedServer bizThreadPool-541121864] INFO  com.xxl.job.core.executor.XxlJobExecutor - >>>>>>>>>>> xxl-job regist JobThread success, jobId:3, handler:com.xxl.job.core.handler.impl.MethodJobHandler@43a0015b[class org.xiaoxu.workflow.job.ApprovalNotifyJobHandler#sendLeaveApprovalNotify]
2026-06-19 17:06:56 [xxl-job, JobThread-3-1781860016433] INFO  org.xiaoxu.workflow.job.ApprovalNotifyJobHandler - 发现 3 条待通知的请假单
2026-06-19 17:06:56 [xxl-job, JobThread-3-1781860016433] WARN  org.xiaoxu.workflow.job.ApprovalNotifyJobHandler - 请假单通知跳过：未找到申请人邮箱, userId=7, leaveId=2
2026-06-19 17:06:56 [xxl-job, JobThread-3-1781860016433] WARN  org.xiaoxu.workflow.job.ApprovalNotifyJobHandler - 请假单通知跳过：未找到申请人邮箱, userId=7, leaveId=3
2026-06-19 17:06:57 [xxl-job, JobThread-3-1781860016433] INFO  org.xiaoxu.service.EmailService - 邮件发送成功, to=tingqq7@gmail.com, subject=您的请假申请已审批通过
2026-06-19 17:06:57 [xxl-job, JobThread-3-1781860016433] INFO  org.xiaoxu.workflow.job.ApprovalNotifyJobHandler - 请假单邮件通知补发成功, leaveId=4
2026-06-19 17:07:56 [xxl-job, JobThread-3-1781860016433] INFO  org.xiaoxu.workflow.job.ApprovalNotifyJobHandler - 发现 2 条待通知的请假单
2026-06-19 17:07:56 [xxl-job, JobThread-3-1781860016433] WARN  org.xiaoxu.workflow.job.ApprovalNotifyJobHandler - 请假单通知跳过：未找到申请人邮箱, userId=7, leaveId=2
2026-06-19 17:07:56 [xxl-job, JobThread-3-1781860016433] WARN  org.xiaoxu.workflow.job.ApprovalNotifyJobHandler - 请假单通知跳过：未找到申请人邮箱, userId=7, leaveId=3
2026-06-19 17:08:56 [xxl-job, JobThread-3-1781860016433] INFO  org.xiaoxu.workflow.job.ApprovalNotifyJobHandler - 发现 2 条待通知的请假单
2026-06-19 17:08:56 [xxl-job, JobThread-3-1781860016433] WARN  org.xiaoxu.workflow.job.ApprovalNotifyJobHandler - 请假单通知跳过：未找到申请人邮箱, userId=7, leaveId=2
2026-06-19 17:08:56 [xxl-job, JobThread-3-1781860016433] WARN  org.xiaoxu.workflow.job.ApprovalNotifyJobHandler - 请假单通知跳过：未找到申请人邮箱, userId=7, leaveId=3
2026-06-19 17:09:56 [xxl-job, JobThread-3-1781860016433] INFO  org.xiaoxu.workflow.job.ApprovalNotifyJobHandler - 发现 2 条待通知的请假单
2026-06-19 17:09:56 [xxl-job, JobThread-3-1781860016433] WARN  org.xiaoxu.workflow.job.ApprovalNotifyJobHandler - 请假单通知跳过：未找到申请人邮箱, userId=7, leaveId=2
2026-06-19 17:09:56 [xxl-job, JobThread-3-1781860016433] WARN  org.xiaoxu.workflow.job.ApprovalNotifyJobHandler - 请假单通知跳过：未找到申请人邮箱, userId=7, leaveId=3
2026-06-19 17:11:29 [xxl-job, JobThread-3-1781860016433] INFO  com.xxl.job.core.thread.JobThread - >>>>>>>>>>> xxl-job JobThread stoped, hashCode:Thread[xxl-job, JobThread-3-1781860016433,10,main]
2026-06-19 17:16:28 [http-nio-13690-exec-3] INFO  org.xiaoxu.service.MenuService - 用户[1]的角色IDs: [1]
2026-06-19 17:16:28 [http-nio-13690-exec-3] INFO  org.xiaoxu.service.MenuService - 用户[1]的菜单IDs: [1, 2, 3, 4, 5, 6, 7, 8, 9, 10, 11, 12, 13, 14, 15, 16, 100, 101, 102, 103, 104, 105, 106, 107, 108, 109, 110]
2026-06-19 17:16:33 [xxl-job, EmbedServer bizThreadPool-687147359] INFO  com.xxl.job.core.executor.XxlJobExecutor - >>>>>>>>>>> xxl-job regist JobThread success, jobId:3, handler:com.xxl.job.core.handler.impl.MethodJobHandler@43a0015b[class org.xiaoxu.workflow.job.ApprovalNotifyJobHandler#sendLeaveApprovalNotify]
2026-06-19 17:16:33 [xxl-job, JobThread-3-1781860593569] INFO  org.xiaoxu.workflow.job.ApprovalNotifyJobHandler - 发现 2 条待通知的请假单
2026-06-19 17:16:34 [xxl-job, JobThread-3-1781860593569] INFO  org.xiaoxu.service.EmailService - 邮件发送成功, to=2481386604@qq.com, subject=您的请假申请已审批通过
2026-06-19 17:16:34 [xxl-job, JobThread-3-1781860593569] INFO  org.xiaoxu.workflow.job.ApprovalNotifyJobHandler - 请假单邮件通知补发成功, leaveId=2
2026-06-19 17:16:34 [xxl-job, JobThread-3-1781860593569] INFO  org.xiaoxu.service.EmailService - 邮件发送成功, to=2481386604@qq.com, subject=您的请假申请已审批通过
2026-06-19 17:16:34 [xxl-job, JobThread-3-1781860593569] INFO  org.xiaoxu.workflow.job.ApprovalNotifyJobHandler - 请假单邮件通知补发成功, leaveId=3
2026-06-19 17:18:08 [xxl-job, JobThread-3-1781860593569] INFO  com.xxl.job.core.thread.JobThread - >>>>>>>>>>> xxl-job JobThread stoped, hashCode:Thread[xxl-job, JobThread-3-1781860593569,10,main]
2026-06-19 17:18:49 [http-nio-13690-exec-2] INFO  o.xiaoxu.workflow.service.impl.FlowableServiceImpl - 流程启动成功, processInstanceId: e1cc8aca-6bbf-11f1-af7a-ca9402dece55
2026-06-19 17:18:55 [http-nio-13690-exec-1] INFO  org.xiaoxu.service.MenuService - 用户[3]的角色IDs: [10]
2026-06-19 17:18:55 [http-nio-13690-exec-1] INFO  org.xiaoxu.service.MenuService - 用户[3]的菜单IDs: [100, 101, 104, 105]
2026-06-19 17:19:02 [http-nio-13690-exec-4] INFO  o.xiaoxu.workflow.service.impl.FlowableServiceImpl - 用户 manager 自动认领任务 e1d31a81-6bbf-11f1-af7a-ca9402dece55
2026-06-19 17:19:03 [http-nio-13690-exec-4] INFO  o.xiaoxu.workflow.service.impl.FlowableServiceImpl - 任务完成, taskId: e1d31a81-6bbf-11f1-af7a-ca9402dece55
2026-06-19 17:19:12 [http-nio-13690-exec-8] INFO  org.xiaoxu.service.MenuService - 用户[5]的角色IDs: [12]
2026-06-19 17:19:12 [http-nio-13690-exec-8] INFO  org.xiaoxu.service.MenuService - 用户[5]的菜单IDs: [100, 101, 104, 105]
2026-06-19 17:19:29 [http-nio-13690-exec-1] INFO  org.xiaoxu.service.MenuService - 用户[4]的角色IDs: [11]
2026-06-19 17:19:29 [http-nio-13690-exec-1] INFO  org.xiaoxu.service.MenuService - 用户[4]的菜单IDs: [100, 101, 104, 105]
2026-06-19 17:19:38 [http-nio-13690-exec-2] INFO  o.xiaoxu.workflow.service.impl.FlowableServiceImpl - 用户 director 自动认领任务 e9bf9b6c-6bbf-11f1-af7a-ca9402dece55
2026-06-19 17:19:38 [http-nio-13690-exec-2] INFO  o.xiaoxu.workflow.service.impl.FlowableServiceImpl - 任务完成, taskId: e9bf9b6c-6bbf-11f1-af7a-ca9402dece55
2026-06-19 17:19:44 [http-nio-13690-exec-8] INFO  org.xiaoxu.service.MenuService - 用户[5]的角色IDs: [12]
2026-06-19 17:19:44 [http-nio-13690-exec-8] INFO  org.xiaoxu.service.MenuService - 用户[5]的菜单IDs: [100, 101, 104, 105]
2026-06-19 17:19:54 [http-nio-13690-exec-6] INFO  o.xiaoxu.workflow.service.impl.FlowableServiceImpl - 用户 vp 自动认领任务 fecd5117-6bbf-11f1-af7a-ca9402dece55
2026-06-19 17:19:55 [http-nio-13690-exec-6] ERROR o.xiaoxu.common.excepiton.GlobalExceptionHandler - 系统发生未预期的致命错误!
jakarta.servlet.ServletException: Handler dispatch failed: java.lang.NoSuchMethodError: 'java.lang.String org.xiaoxu.service.EmailService.buildApprovalNotifyHtml(java.lang.String, java.lang.String, java.lang.String)'
	at org.springframework.web.servlet.DispatcherServlet.doDispatch(DispatcherServlet.java:1104)
	at org.springframework.web.servlet.DispatcherServlet.doService(DispatcherServlet.java:979)
	at org.springframework.web.servlet.FrameworkServlet.processRequest(FrameworkServlet.java:1014)
	at org.springframework.web.servlet.FrameworkServlet.doPost(FrameworkServlet.java:914)
	at jakarta.servlet.http.HttpServlet.service(HttpServlet.java:590)
	at org.springframework.web.servlet.FrameworkServlet.service(FrameworkServlet.java:885)
	at jakarta.servlet.http.HttpServlet.service(HttpServlet.java:658)
	at org.apache.catalina.core.ApplicationFilterChain.internalDoFilter(ApplicationFilterChain.java:205)
	at org.apache.catalina.core.ApplicationFilterChain.doFilter(ApplicationFilterChain.java:149)
	at org.apache.tomcat.websocket.server.WsFilter.doFilter(WsFilter.java:51)
	at org.apache.catalina.core.ApplicationFilterChain.internalDoFilter(ApplicationFilterChain.java:174)
	at org.apache.catalina.core.ApplicationFilterChain.doFilter(ApplicationFilterChain.java:149)
	at org.springframework.web.filter.OncePerRequestFilter.doFilter(OncePerRequestFilter.java:110)
	at org.apache.catalina.core.ApplicationFilterChain.internalDoFilter(ApplicationFilterChain.java:174)
	at org.apache.catalina.core.ApplicationFilterChain.doFilter(ApplicationFilterChain.java:149)
	at org.springframework.web.filter.OncePerRequestFilter.doFilter(OncePerRequestFilter.java:110)
	at org.apache.catalina.core.ApplicationFilterChain.internalDoFilter(ApplicationFilterChain.java:174)
	at org.apache.catalina.core.ApplicationFilterChain.doFilter(ApplicationFilterChain.java:149)
	at org.springframework.web.filter.CompositeFilter$VirtualFilterChain.doFilter(CompositeFilter.java:108)
	at org.springframework.security.web.FilterChainProxy.lambda$doFilterInternal$3(FilterChainProxy.java:231)
	at org.springframework.security.web.ObservationFilterChainDecorator$FilterObservation$SimpleFilterObservation.lambda$wrap$1(ObservationFilterChainDecorator.java:479)
	at org.springframework.security.web.ObservationFilterChainDecorator$AroundFilterObservation$SimpleAroundFilterObservation.lambda$wrap$1(ObservationFilterChainDecorator.java:340)
	at org.springframework.security.web.ObservationFilterChainDecorator.lambda$wrapSecured$0(ObservationFilterChainDecorator.java:82)
	at org.springframework.security.web.ObservationFilterChainDecorator$VirtualFilterChain.doFilter(ObservationFilterChainDecorator.java:128)
	at org.springframework.security.web.access.intercept.AuthorizationFilter.doFilter(AuthorizationFilter.java:100)
	at org.springframework.security.web.ObservationFilterChainDecorator$ObservationFilter.wrapFilter(ObservationFilterChainDecorator.java:240)
	at org.springframework.security.web.ObservationFilterChainDecorator$ObservationFilter.doFilter(ObservationFilterChainDecorator.java:227)
	at org.springframework.security.web.ObservationFilterChainDecorator$VirtualFilterChain.doFilter(ObservationFilterChainDecorator.java:137)
	at org.springframework.security.web.access.ExceptionTranslationFilter.doFilter(ExceptionTranslationFilter.java:126)
	at org.springframework.security.web.access.ExceptionTranslationFilter.doFilter(ExceptionTranslationFilter.java:120)
	at org.springframework.security.web.ObservationFilterChainDecorator$ObservationFilter.wrapFilter(ObservationFilterChainDecorator.java:240)
	at org.springframework.security.web.ObservationFilterChainDecorator$ObservationFilter.doFilter(ObservationFilterChainDecorator.java:227)
	at org.springframework.security.web.ObservationFilterChainDecorator$VirtualFilterChain.doFilter(ObservationFilterChainDecorator.java:137)
	at org.springframework.security.web.session.SessionManagementFilter.doFilter(SessionManagementFilter.java:131)
	at org.springframework.security.web.session.SessionManagementFilter.doFilter(SessionManagementFilter.java:85)
	at org.springframework.security.web.ObservationFilterChainDecorator$ObservationFilter.wrapFilter(ObservationFilterChainDecorator.java:240)
	at org.springframework.security.web.ObservationFilterChainDecorator$ObservationFilter.doFilter(ObservationFilterChainDecorator.java:227)
	at org.springframework.security.web.ObservationFilterChainDecorator$VirtualFilterChain.doFilter(ObservationFilterChainDecorator.java:137)
	at org.springframework.security.web.authentication.AnonymousAuthenticationFilter.doFilter(AnonymousAuthenticationFilter.java:100)
	at org.springframework.security.web.ObservationFilterChainDecorator$ObservationFilter.wrapFilter(ObservationFilterChainDecorator.java:240)
	at org.springframework.security.web.ObservationFilterChainDecorator$ObservationFilter.doFilter(ObservationFilterChainDecorator.java:227)
	at org.springframework.security.web.ObservationFilterChainDecorator$VirtualFilterChain.doFilter(ObservationFilterChainDecorator.java:137)
	at org.springframework.security.web.servletapi.SecurityContextHolderAwareRequestFilter.doFilter(SecurityContextHolderAwareRequestFilter.java:179)
	at org.springframework.security.web.ObservationFilterChainDecorator$ObservationFilter.wrapFilter(ObservationFilterChainDecorator.java:240)
	at org.springframework.security.web.ObservationFilterChainDecorator$ObservationFilter.doFilter(ObservationFilterChainDecorator.java:227)
	at org.springframework.security.web.ObservationFilterChainDecorator$VirtualFilterChain.doFilter(ObservationFilterChainDecorator.java:137)
	at org.springframework.security.web.savedrequest.RequestCacheAwareFilter.doFilter(RequestCacheAwareFilter.java:63)
	at org.springframework.security.web.ObservationFilterChainDecorator$ObservationFilter.wrapFilter(ObservationFilterChainDecorator.java:240)
	at org.springframework.security.web.ObservationFilterChainDecorator$ObservationFilter.doFilter(ObservationFilterChainDecorator.java:227)
	at org.springframework.security.web.ObservationFilterChainDecorator$VirtualFilterChain.doFilter(ObservationFilterChainDecorator.java:137)
	at org.xiaoxu.auth.TokenAuthenticationFilter.doFilterInternal(TokenAuthenticationFilter.java:73)
	at org.springframework.web.filter.OncePerRequestFilter.doFilter(OncePerRequestFilter.java:116)
	at org.springframework.security.web.ObservationFilterChainDecorator$ObservationFilter.wrapFilter(ObservationFilterChainDecorator.java:240)
	at org.springframework.security.web.ObservationFilterChainDecorator$ObservationFilter.doFilter(ObservationFilterChainDecorator.java:227)
	at org.springframework.security.web.ObservationFilterChainDecorator$VirtualFilterChain.doFilter(ObservationFilterChainDecorator.java:137)
	at org.springframework.security.web.authentication.logout.LogoutFilter.doFilter(LogoutFilter.java:107)
	at org.springframework.security.web.authentication.logout.LogoutFilter.doFilter(LogoutFilter.java:93)
	at org.springframework.security.web.ObservationFilterChainDecorator$ObservationFilter.wrapFilter(ObservationFilterChainDecorator.java:240)
	at org.springframework.security.web.ObservationFilterChainDecorator$ObservationFilter.doFilter(ObservationFilterChainDecorator.java:227)
	at org.springframework.security.web.ObservationFilterChainDecorator$VirtualFilterChain.doFilter(ObservationFilterChainDecorator.java:137)
	at org.springframework.web.filter.CorsFilter.doFilterInternal(CorsFilter.java:91)
	at org.springframework.web.filter.OncePerRequestFilter.doFilter(OncePerRequestFilter.java:116)
	at org.springframework.security.web.ObservationFilterChainDecorator$ObservationFilter.wrapFilter(ObservationFilterChainDecorator.java:240)
	at org.springframework.security.web.ObservationFilterChainDecorator$ObservationFilter.doFilter(ObservationFilterChainDecorator.java:227)
	at org.springframework.security.web.ObservationFilterChainDecorator$VirtualFilterChain.doFilter(ObservationFilterChainDecorator.java:137)
	at org.springframework.security.web.header.HeaderWriterFilter.doHeadersAfter(HeaderWriterFilter.java:90)
	at org.springframework.security.web.header.HeaderWriterFilter.doFilterInternal(HeaderWriterFilter.java:75)
	at org.springframework.web.filter.OncePerRequestFilter.doFilter(OncePerRequestFilter.java:116)
	at org.springframework.security.web.ObservationFilterChainDecorator$ObservationFilter.wrapFilter(ObservationFilterChainDecorator.java:240)
	at org.springframework.security.web.ObservationFilterChainDecorator$ObservationFilter.doFilter(ObservationFilterChainDecorator.java:227)
	at org.springframework.security.web.ObservationFilterChainDecorator$VirtualFilterChain.doFilter(ObservationFilterChainDecorator.java:137)
	at org.springframework.security.web.context.SecurityContextHolderFilter.doFilter(SecurityContextHolderFilter.java:82)
	at org.springframework.security.web.context.SecurityContextHolderFilter.doFilter(SecurityContextHolderFilter.java:69)
	at org.springframework.security.web.ObservationFilterChainDecorator$ObservationFilter.wrapFilter(ObservationFilterChainDecorator.java:240)
	at org.springframework.security.web.ObservationFilterChainDecorator$ObservationFilter.doFilter(ObservationFilterChainDecorator.java:227)
	at org.springframework.security.web.ObservationFilterChainDecorator$VirtualFilterChain.doFilter(ObservationFilterChainDecorator.java:137)
	at org.springframework.security.web.context.request.async.WebAsyncManagerIntegrationFilter.doFilterInternal(WebAsyncManagerIntegrationFilter.java:62)
	at org.springframework.web.filter.OncePerRequestFilter.doFilter(OncePerRequestFilter.java:116)
	at org.springframework.security.web.ObservationFilterChainDecorator$ObservationFilter.wrapFilter(ObservationFilterChainDecorator.java:240)
	at org.springframework.security.web.ObservationFilterChainDecorator$ObservationFilter.doFilter(ObservationFilterChainDecorator.java:227)
	at org.springframework.security.web.ObservationFilterChainDecorator$VirtualFilterChain.doFilter(ObservationFilterChainDecorator.java:137)
	at org.springframework.security.web.session.DisableEncodeUrlFilter.doFilterInternal(DisableEncodeUrlFilter.java:42)
	at org.springframework.web.filter.OncePerRequestFilter.doFilter(OncePerRequestFilter.java:116)
	at org.springframework.security.web.ObservationFilterChainDecorator$ObservationFilter.wrapFilter(ObservationFilterChainDecorator.java:240)
	at org.springframework.security.web.ObservationFilterChainDecorator$AroundFilterObservation$SimpleAroundFilterObservation.lambda$wrap$0(ObservationFilterChainDecorator.java:323)
	at org.springframework.security.web.ObservationFilterChainDecorator$ObservationFilter.doFilter(ObservationFilterChainDecorator.java:224)
	at org.springframework.security.web.ObservationFilterChainDecorator$VirtualFilterChain.doFilter(ObservationFilterChainDecorator.java:137)
	at org.springframework.security.web.FilterChainProxy.doFilterInternal(FilterChainProxy.java:233)
	at org.springframework.security.web.FilterChainProxy.doFilter(FilterChainProxy.java:191)
	at org.springframework.web.filter.CompositeFilter$VirtualFilterChain.doFilter(CompositeFilter.java:113)
	at org.springframework.web.servlet.handler.HandlerMappingIntrospector.lambda$createCacheFilter$3(HandlerMappingIntrospector.java:195)
	at org.springframework.web.filter.CompositeFilter$VirtualFilterChain.doFilter(CompositeFilter.java:113)
	at org.springframework.web.filter.CompositeFilter.doFilter(CompositeFilter.java:74)
	at org.springframework.security.config.annotation.web.configuration.WebMvcSecurityConfiguration$CompositeFilterChainProxy.doFilter(WebMvcSecurityConfiguration.java:225)
	at org.springframework.web.filter.DelegatingFilterProxy.invokeDelegate(DelegatingFilterProxy.java:352)
	at org.springframework.web.filter.DelegatingFilterProxy.doFilter(DelegatingFilterProxy.java:268)
	at org.apache.catalina.core.ApplicationFilterChain.internalDoFilter(ApplicationFilterChain.java:174)
	at org.apache.catalina.core.ApplicationFilterChain.doFilter(ApplicationFilterChain.java:149)
	at org.springframework.web.filter.RequestContextFilter.doFilterInternal(RequestContextFilter.java:100)
	at org.springframework.web.filter.OncePerRequestFilter.doFilter(OncePerRequestFilter.java:116)
	at org.apache.catalina.core.ApplicationFilterChain.internalDoFilter(ApplicationFilterChain.java:174)
	at org.apache.catalina.core.ApplicationFilterChain.doFilter(ApplicationFilterChain.java:149)
	at org.springframework.web.filter.FormContentFilter.doFilterInternal(FormContentFilter.java:93)
	at org.springframework.web.filter.OncePerRequestFilter.doFilter(OncePerRequestFilter.java:116)
	at org.apache.catalina.core.ApplicationFilterChain.internalDoFilter(ApplicationFilterChain.java:174)
	at org.apache.catalina.core.ApplicationFilterChain.doFilter(ApplicationFilterChain.java:149)
	at org.springframework.web.filter.ServerHttpObservationFilter.doFilterInternal(ServerHttpObservationFilter.java:109)
	at org.springframework.web.filter.OncePerRequestFilter.doFilter(OncePerRequestFilter.java:116)
	at org.apache.catalina.core.ApplicationFilterChain.internalDoFilter(ApplicationFilterChain.java:174)
	at org.apache.catalina.core.ApplicationFilterChain.doFilter(ApplicationFilterChain.java:149)
	at org.springframework.web.filter.CharacterEncodingFilter.doFilterInternal(CharacterEncodingFilter.java:201)
	at org.springframework.web.filter.OncePerRequestFilter.doFilter(OncePerRequestFilter.java:116)
	at org.apache.catalina.core.ApplicationFilterChain.internalDoFilter(ApplicationFilterChain.java:174)
	at org.apache.catalina.core.ApplicationFilterChain.doFilter(ApplicationFilterChain.java:149)
	at org.apache.catalina.core.StandardWrapperValve.invoke(StandardWrapperValve.java:167)
	at org.apache.catalina.core.StandardContextValve.invoke(StandardContextValve.java:90)
	at org.apache.catalina.authenticator.AuthenticatorBase.invoke(AuthenticatorBase.java:482)
	at org.apache.catalina.core.StandardHostValve.invoke(StandardHostValve.java:115)
	at org.apache.catalina.valves.ErrorReportValve.invoke(ErrorReportValve.java:93)
	at org.apache.catalina.core.StandardEngineValve.invoke(StandardEngineValve.java:74)
	at org.apache.catalina.connector.CoyoteAdapter.service(CoyoteAdapter.java:340)
	at org.apache.coyote.http11.Http11Processor.service(Http11Processor.java:391)
	at org.apache.coyote.AbstractProcessorLight.process(AbstractProcessorLight.java:63)
	at org.apache.coyote.AbstractProtocol$ConnectionHandler.process(AbstractProtocol.java:896)
	at org.apache.tomcat.util.net.NioEndpoint$SocketProcessor.doRun(NioEndpoint.java:1744)
	at org.apache.tomcat.util.net.SocketProcessorBase.run(SocketProcessorBase.java:52)
	at org.apache.tomcat.util.threads.ThreadPoolExecutor.runWorker(ThreadPoolExecutor.java:1191)
	at org.apache.tomcat.util.threads.ThreadPoolExecutor$Worker.run(ThreadPoolExecutor.java:659)
	at org.apache.tomcat.util.threads.TaskThread$WrappingRunnable.run(TaskThread.java:61)
	at java.base/java.lang.Thread.run(Thread.java:842)
Caused by: java.lang.NoSuchMethodError: 'java.lang.String org.xiaoxu.service.EmailService.buildApprovalNotifyHtml(java.lang.String, java.lang.String, java.lang.String)'
	at org.xiaoxu.workflow.listener.ApprovalEmailListener.doNotify(ApprovalEmailListener.java:68)
	at org.xiaoxu.workflow.listener.ApprovalEmailListener.notify(ApprovalEmailListener.java:28)
	at org.flowable.engine.impl.delegate.invocation.ExecutionListenerInvocation.invoke(ExecutionListenerInvocation.java:35)
	at org.flowable.engine.impl.delegate.invocation.DelegateInvocation.proceed(DelegateInvocation.java:32)
	at org.flowable.engine.impl.delegate.invocation.DefaultDelegateInterceptor.handleInvocation(DefaultDelegateInterceptor.java:26)
	at org.flowable.engine.impl.bpmn.listener.DelegateExecutionListener.notify(DelegateExecutionListener.java:41)
	at org.flowable.engine.impl.bpmn.helper.ClassDelegate.notify(ClassDelegate.java:102)
	at org.flowable.engine.impl.bpmn.listener.ListenerNotificationHelper.executeExecutionListeners(ListenerNotificationHelper.java:81)
	at org.flowable.engine.impl.agenda.AbstractOperation.executeExecutionListeners(AbstractOperation.java:78)
	at org.flowable.engine.impl.agenda.AbstractOperation.executeExecutionListeners(AbstractOperation.java:69)
	at org.flowable.engine.impl.agenda.TakeOutgoingSequenceFlowsOperation.handleActivityEnd(TakeOutgoingSequenceFlowsOperation.java:167)
	at org.flowable.engine.impl.agenda.TakeOutgoingSequenceFlowsOperation.handleFlowNode(TakeOutgoingSequenceFlowsOperation.java:149)
	at org.flowable.engine.impl.agenda.TakeOutgoingSequenceFlowsOperation.run(TakeOutgoingSequenceFlowsOperation.java:105)
	at org.flowable.common.engine.impl.AbstractEngineConfiguration.lambda$new$0(AbstractEngineConfiguration.java:195)
	at org.flowable.engine.impl.interceptor.CommandInvoker.executeOperation(CommandInvoker.java:130)
	at org.flowable.engine.impl.interceptor.CommandInvoker.executeOperations(CommandInvoker.java:114)
	at org.flowable.engine.impl.interceptor.CommandInvoker.execute(CommandInvoker.java:72)
	at org.flowable.engine.impl.interceptor.BpmnOverrideContextInterceptor.execute(BpmnOverrideContextInterceptor.java:26)
	at org.flowable.common.engine.impl.interceptor.TransactionContextInterceptor.execute(TransactionContextInterceptor.java:53)
	at org.flowable.common.engine.impl.interceptor.CommandContextInterceptor.execute(CommandContextInterceptor.java:105)
	at org.flowable.common.spring.SpringTransactionInterceptor.execute(SpringTransactionInterceptor.java:52)
	at org.flowable.common.engine.impl.interceptor.LogInterceptor.execute(LogInterceptor.java:30)
	at org.flowable.common.engine.impl.cfg.CommandExecutorImpl.execute(CommandExecutorImpl.java:56)
	at org.flowable.common.engine.impl.cfg.CommandExecutorImpl.execute(CommandExecutorImpl.java:51)
	at org.flowable.engine.impl.TaskServiceImpl.complete(TaskServiceImpl.java:223)
	at org.xiaoxu.workflow.service.impl.FlowableServiceImpl.completeTask(FlowableServiceImpl.java:142)
	at org.xiaoxu.workflow.service.impl.FlowableServiceImpl.completeAndCallback(FlowableServiceImpl.java:177)
	at java.base/jdk.internal.reflect.NativeMethodAccessorImpl.invoke0(Native Method)
	at java.base/jdk.internal.reflect.NativeMethodAccessorImpl.invoke(NativeMethodAccessorImpl.java:77)
	at java.base/jdk.internal.reflect.DelegatingMethodAccessorImpl.invoke(DelegatingMethodAccessorImpl.java:43)
	at java.base/java.lang.reflect.Method.invoke(Method.java:568)
	at org.springframework.aop.support.AopUtils.invokeJoinpointUsingReflection(AopUtils.java:351)
	at org.springframework.aop.framework.ReflectiveMethodInvocation.invokeJoinpoint(ReflectiveMethodInvocation.java:196)
	at org.springframework.aop.framework.ReflectiveMethodInvocation.proceed(ReflectiveMethodInvocation.java:163)
	at org.springframework.aop.framework.CglibAopProxy$CglibMethodInvocation.proceed(CglibAopProxy.java:765)
	at org.springframework.transaction.interceptor.TransactionInterceptor$1.proceedWithInvocation(TransactionInterceptor.java:123)
	at org.springframework.transaction.interceptor.TransactionAspectSupport.invokeWithinTransaction(TransactionAspectSupport.java:385)
	at org.springframework.transaction.interceptor.TransactionInterceptor.invoke(TransactionInterceptor.java:119)
	at org.springframework.aop.framework.ReflectiveMethodInvocation.proceed(ReflectiveMethodInvocation.java:184)
	at org.springframework.aop.framework.CglibAopProxy$CglibMethodInvocation.proceed(CglibAopProxy.java:765)
	at org.springframework.aop.framework.CglibAopProxy$DynamicAdvisedInterceptor.intercept(CglibAopProxy.java:717)
	at org.xiaoxu.workflow.service.impl.FlowableServiceImpl$$SpringCGLIB$$0.completeAndCallback(<generated>)
	at org.xiaoxu.workflow.controller.FlowableController.approve(FlowableController.java:67)
	at java.base/jdk.internal.reflect.NativeMethodAccessorImpl.invoke0(Native Method)
	at java.base/jdk.internal.reflect.NativeMethodAccessorImpl.invoke(NativeMethodAccessorImpl.java:77)
	at java.base/jdk.internal.reflect.DelegatingMethodAccessorImpl.invoke(DelegatingMethodAccessorImpl.java:43)
	at java.base/java.lang.reflect.Method.invoke(Method.java:568)
	at org.springframework.web.method.support.InvocableHandlerMethod.doInvoke(InvocableHandlerMethod.java:261)
	at org.springframework.web.method.support.InvocableHandlerMethod.invokeForRequest(InvocableHandlerMethod.java:189)
	at org.springframework.web.servlet.mvc.method.annotation.ServletInvocableHandlerMethod.invokeAndHandle(ServletInvocableHandlerMethod.java:118)
	at org.springframework.web.servlet.mvc.method.annotation.RequestMappingHandlerAdapter.invokeHandlerMethod(RequestMappingHandlerAdapter.java:917)
	at org.springframework.web.servlet.mvc.method.annotation.RequestMappingHandlerAdapter.handleInternal(RequestMappingHandlerAdapter.java:829)
	at org.springframework.web.servlet.mvc.method.AbstractHandlerMethodAdapter.handle(AbstractHandlerMethodAdapter.java:87)
	at org.springframework.web.servlet.DispatcherServlet.doDispatch(DispatcherServlet.java:1089)
	... 129 common frames omitted
2026-06-19 17:19:56 [xxl-job, EmbedServer bizThreadPool-2085192086] INFO  com.xxl.job.core.executor.XxlJobExecutor - >>>>>>>>>>> xxl-job regist JobThread success, jobId:3, handler:com.xxl.job.core.handler.impl.MethodJobHandler@43a0015b[class org.xiaoxu.workflow.job.ApprovalNotifyJobHandler#sendLeaveApprovalNotify]
2026-06-19 17:19:56 [xxl-job, JobThread-3-1781860796394] INFO  org.xiaoxu.workflow.job.ApprovalNotifyJobHandler - 没有待通知的请假单
2026-06-19 17:20:15 [http-nio-13690-exec-3] INFO  o.xiaoxu.workflow.service.impl.FlowableServiceImpl - 用户 vp 自动认领任务 fecd5117-6bbf-11f1-af7a-ca9402dece55
2026-06-19 17:20:15 [http-nio-13690-exec-3] ERROR o.xiaoxu.common.excepiton.GlobalExceptionHandler - 系统发生未预期的致命错误!
jakarta.servlet.ServletException: Handler dispatch failed: java.lang.NoSuchMethodError: 'java.lang.String org.xiaoxu.service.EmailService.buildApprovalNotifyHtml(java.lang.String, java.lang.String, java.lang.String)'
	at org.springframework.web.servlet.DispatcherServlet.doDispatch(DispatcherServlet.java:1104)
	at org.springframework.web.servlet.DispatcherServlet.doService(DispatcherServlet.java:979)
	at org.springframework.web.servlet.FrameworkServlet.processRequest(FrameworkServlet.java:1014)
	at org.springframework.web.servlet.FrameworkServlet.doPost(FrameworkServlet.java:914)
	at jakarta.servlet.http.HttpServlet.service(HttpServlet.java:590)
	at org.springframework.web.servlet.FrameworkServlet.service(FrameworkServlet.java:885)
	at jakarta.servlet.http.HttpServlet.service(HttpServlet.java:658)
	at org.apache.catalina.core.ApplicationFilterChain.internalDoFilter(ApplicationFilterChain.java:205)
	at org.apache.catalina.core.ApplicationFilterChain.doFilter(ApplicationFilterChain.java:149)
	at org.apache.tomcat.websocket.server.WsFilter.doFilter(WsFilter.java:51)
	at org.apache.catalina.core.ApplicationFilterChain.internalDoFilter(ApplicationFilterChain.java:174)
	at org.apache.catalina.core.ApplicationFilterChain.doFilter(ApplicationFilterChain.java:149)
	at org.springframework.web.filter.OncePerRequestFilter.doFilter(OncePerRequestFilter.java:110)
	at org.apache.catalina.core.ApplicationFilterChain.internalDoFilter(ApplicationFilterChain.java:174)
	at org.apache.catalina.core.ApplicationFilterChain.doFilter(ApplicationFilterChain.java:149)
	at org.springframework.web.filter.OncePerRequestFilter.doFilter(OncePerRequestFilter.java:110)
	at org.apache.catalina.core.ApplicationFilterChain.internalDoFilter(ApplicationFilterChain.java:174)
	at org.apache.catalina.core.ApplicationFilterChain.doFilter(ApplicationFilterChain.java:149)
	at org.springframework.web.filter.CompositeFilter$VirtualFilterChain.doFilter(CompositeFilter.java:108)
	at org.springframework.security.web.FilterChainProxy.lambda$doFilterInternal$3(FilterChainProxy.java:231)
	at org.springframework.security.web.ObservationFilterChainDecorator$FilterObservation$SimpleFilterObservation.lambda$wrap$1(ObservationFilterChainDecorator.java:479)
	at org.springframework.security.web.ObservationFilterChainDecorator$AroundFilterObservation$SimpleAroundFilterObservation.lambda$wrap$1(ObservationFilterChainDecorator.java:340)
	at org.springframework.security.web.ObservationFilterChainDecorator.lambda$wrapSecured$0(ObservationFilterChainDecorator.java:82)
	at org.springframework.security.web.ObservationFilterChainDecorator$VirtualFilterChain.doFilter(ObservationFilterChainDecorator.java:128)
	at org.springframework.security.web.access.intercept.AuthorizationFilter.doFilter(AuthorizationFilter.java:100)
	at org.springframework.security.web.ObservationFilterChainDecorator$ObservationFilter.wrapFilter(ObservationFilterChainDecorator.java:240)
	at org.springframework.security.web.ObservationFilterChainDecorator$ObservationFilter.doFilter(ObservationFilterChainDecorator.java:227)
	at org.springframework.security.web.ObservationFilterChainDecorator$VirtualFilterChain.doFilter(ObservationFilterChainDecorator.java:137)
	at org.springframework.security.web.access.ExceptionTranslationFilter.doFilter(ExceptionTranslationFilter.java:126)
	at org.springframework.security.web.access.ExceptionTranslationFilter.doFilter(ExceptionTranslationFilter.java:120)
	at org.springframework.security.web.ObservationFilterChainDecorator$ObservationFilter.wrapFilter(ObservationFilterChainDecorator.java:240)
	at org.springframework.security.web.ObservationFilterChainDecorator$ObservationFilter.doFilter(ObservationFilterChainDecorator.java:227)
	at org.springframework.security.web.ObservationFilterChainDecorator$VirtualFilterChain.doFilter(ObservationFilterChainDecorator.java:137)
	at org.springframework.security.web.session.SessionManagementFilter.doFilter(SessionManagementFilter.java:131)
	at org.springframework.security.web.session.SessionManagementFilter.doFilter(SessionManagementFilter.java:85)
	at org.springframework.security.web.ObservationFilterChainDecorator$ObservationFilter.wrapFilter(ObservationFilterChainDecorator.java:240)
	at org.springframework.security.web.ObservationFilterChainDecorator$ObservationFilter.doFilter(ObservationFilterChainDecorator.java:227)
	at org.springframework.security.web.ObservationFilterChainDecorator$VirtualFilterChain.doFilter(ObservationFilterChainDecorator.java:137)
	at org.springframework.security.web.authentication.AnonymousAuthenticationFilter.doFilter(AnonymousAuthenticationFilter.java:100)
	at org.springframework.security.web.ObservationFilterChainDecorator$ObservationFilter.wrapFilter(ObservationFilterChainDecorator.java:240)
	at org.springframework.security.web.ObservationFilterChainDecorator$ObservationFilter.doFilter(ObservationFilterChainDecorator.java:227)
	at org.springframework.security.web.ObservationFilterChainDecorator$VirtualFilterChain.doFilter(ObservationFilterChainDecorator.java:137)
	at org.springframework.security.web.servletapi.SecurityContextHolderAwareRequestFilter.doFilter(SecurityContextHolderAwareRequestFilter.java:179)
	at org.springframework.security.web.ObservationFilterChainDecorator$ObservationFilter.wrapFilter(ObservationFilterChainDecorator.java:240)
	at org.springframework.security.web.ObservationFilterChainDecorator$ObservationFilter.doFilter(ObservationFilterChainDecorator.java:227)
	at org.springframework.security.web.ObservationFilterChainDecorator$VirtualFilterChain.doFilter(ObservationFilterChainDecorator.java:137)
	at org.springframework.security.web.savedrequest.RequestCacheAwareFilter.doFilter(RequestCacheAwareFilter.java:63)
	at org.springframework.security.web.ObservationFilterChainDecorator$ObservationFilter.wrapFilter(ObservationFilterChainDecorator.java:240)
	at org.springframework.security.web.ObservationFilterChainDecorator$ObservationFilter.doFilter(ObservationFilterChainDecorator.java:227)
	at org.springframework.security.web.ObservationFilterChainDecorator$VirtualFilterChain.doFilter(ObservationFilterChainDecorator.java:137)
	at org.xiaoxu.auth.TokenAuthenticationFilter.doFilterInternal(TokenAuthenticationFilter.java:73)
	at org.springframework.web.filter.OncePerRequestFilter.doFilter(OncePerRequestFilter.java:116)
	at org.springframework.security.web.ObservationFilterChainDecorator$ObservationFilter.wrapFilter(ObservationFilterChainDecorator.java:240)
	at org.springframework.security.web.ObservationFilterChainDecorator$ObservationFilter.doFilter(ObservationFilterChainDecorator.java:227)
	at org.springframework.security.web.ObservationFilterChainDecorator$VirtualFilterChain.doFilter(ObservationFilterChainDecorator.java:137)
	at org.springframework.security.web.authentication.logout.LogoutFilter.doFilter(LogoutFilter.java:107)
	at org.springframework.security.web.authentication.logout.LogoutFilter.doFilter(LogoutFilter.java:93)
	at org.springframework.security.web.ObservationFilterChainDecorator$ObservationFilter.wrapFilter(ObservationFilterChainDecorator.java:240)
	at org.springframework.security.web.ObservationFilterChainDecorator$ObservationFilter.doFilter(ObservationFilterChainDecorator.java:227)
	at org.springframework.security.web.ObservationFilterChainDecorator$VirtualFilterChain.doFilter(ObservationFilterChainDecorator.java:137)
	at org.springframework.web.filter.CorsFilter.doFilterInternal(CorsFilter.java:91)
	at org.springframework.web.filter.OncePerRequestFilter.doFilter(OncePerRequestFilter.java:116)
	at org.springframework.security.web.ObservationFilterChainDecorator$ObservationFilter.wrapFilter(ObservationFilterChainDecorator.java:240)
	at org.springframework.security.web.ObservationFilterChainDecorator$ObservationFilter.doFilter(ObservationFilterChainDecorator.java:227)
	at org.springframework.security.web.ObservationFilterChainDecorator$VirtualFilterChain.doFilter(ObservationFilterChainDecorator.java:137)
	at org.springframework.security.web.header.HeaderWriterFilter.doHeadersAfter(HeaderWriterFilter.java:90)
	at org.springframework.security.web.header.HeaderWriterFilter.doFilterInternal(HeaderWriterFilter.java:75)
	at org.springframework.web.filter.OncePerRequestFilter.doFilter(OncePerRequestFilter.java:116)
	at org.springframework.security.web.ObservationFilterChainDecorator$ObservationFilter.wrapFilter(ObservationFilterChainDecorator.java:240)
	at org.springframework.security.web.ObservationFilterChainDecorator$ObservationFilter.doFilter(ObservationFilterChainDecorator.java:227)
	at org.springframework.security.web.ObservationFilterChainDecorator$VirtualFilterChain.doFilter(ObservationFilterChainDecorator.java:137)
	at org.springframework.security.web.context.SecurityContextHolderFilter.doFilter(SecurityContextHolderFilter.java:82)
	at org.springframework.security.web.context.SecurityContextHolderFilter.doFilter(SecurityContextHolderFilter.java:69)
	at org.springframework.security.web.ObservationFilterChainDecorator$ObservationFilter.wrapFilter(ObservationFilterChainDecorator.java:240)
	at org.springframework.security.web.ObservationFilterChainDecorator$ObservationFilter.doFilter(ObservationFilterChainDecorator.java:227)
	at org.springframework.security.web.ObservationFilterChainDecorator$VirtualFilterChain.doFilter(ObservationFilterChainDecorator.java:137)
	at org.springframework.security.web.context.request.async.WebAsyncManagerIntegrationFilter.doFilterInternal(WebAsyncManagerIntegrationFilter.java:62)
	at org.springframework.web.filter.OncePerRequestFilter.doFilter(OncePerRequestFilter.java:116)
	at org.springframework.security.web.ObservationFilterChainDecorator$ObservationFilter.wrapFilter(ObservationFilterChainDecorator.java:240)
	at org.springframework.security.web.ObservationFilterChainDecorator$ObservationFilter.doFilter(ObservationFilterChainDecorator.java:227)
	at org.springframework.security.web.ObservationFilterChainDecorator$VirtualFilterChain.doFilter(ObservationFilterChainDecorator.java:137)
	at org.springframework.security.web.session.DisableEncodeUrlFilter.doFilterInternal(DisableEncodeUrlFilter.java:42)
	at org.springframework.web.filter.OncePerRequestFilter.doFilter(OncePerRequestFilter.java:116)
	at org.springframework.security.web.ObservationFilterChainDecorator$ObservationFilter.wrapFilter(ObservationFilterChainDecorator.java:240)
	at org.springframework.security.web.ObservationFilterChainDecorator$AroundFilterObservation$SimpleAroundFilterObservation.lambda$wrap$0(ObservationFilterChainDecorator.java:323)
	at org.springframework.security.web.ObservationFilterChainDecorator$ObservationFilter.doFilter(ObservationFilterChainDecorator.java:224)
	at org.springframework.security.web.ObservationFilterChainDecorator$VirtualFilterChain.doFilter(ObservationFilterChainDecorator.java:137)
	at org.springframework.security.web.FilterChainProxy.doFilterInternal(FilterChainProxy.java:233)
	at org.springframework.security.web.FilterChainProxy.doFilter(FilterChainProxy.java:191)
	at org.springframework.web.filter.CompositeFilter$VirtualFilterChain.doFilter(CompositeFilter.java:113)
	at org.springframework.web.servlet.handler.HandlerMappingIntrospector.lambda$createCacheFilter$3(HandlerMappingIntrospector.java:195)
	at org.springframework.web.filter.CompositeFilter$VirtualFilterChain.doFilter(CompositeFilter.java:113)
	at org.springframework.web.filter.CompositeFilter.doFilter(CompositeFilter.java:74)
	at org.springframework.security.config.annotation.web.configuration.WebMvcSecurityConfiguration$CompositeFilterChainProxy.doFilter(WebMvcSecurityConfiguration.java:225)
	at org.springframework.web.filter.DelegatingFilterProxy.invokeDelegate(DelegatingFilterProxy.java:352)
	at org.springframework.web.filter.DelegatingFilterProxy.doFilter(DelegatingFilterProxy.java:268)
	at org.apache.catalina.core.ApplicationFilterChain.internalDoFilter(ApplicationFilterChain.java:174)
	at org.apache.catalina.core.ApplicationFilterChain.doFilter(ApplicationFilterChain.java:149)
	at org.springframework.web.filter.RequestContextFilter.doFilterInternal(RequestContextFilter.java:100)
	at org.springframework.web.filter.OncePerRequestFilter.doFilter(OncePerRequestFilter.java:116)
	at org.apache.catalina.core.ApplicationFilterChain.internalDoFilter(ApplicationFilterChain.java:174)
	at org.apache.catalina.core.ApplicationFilterChain.doFilter(ApplicationFilterChain.java:149)
	at org.springframework.web.filter.FormContentFilter.doFilterInternal(FormContentFilter.java:93)
	at org.springframework.web.filter.OncePerRequestFilter.doFilter(OncePerRequestFilter.java:116)
	at org.apache.catalina.core.ApplicationFilterChain.internalDoFilter(ApplicationFilterChain.java:174)
	at org.apache.catalina.core.ApplicationFilterChain.doFilter(ApplicationFilterChain.java:149)
	at org.springframework.web.filter.ServerHttpObservationFilter.doFilterInternal(ServerHttpObservationFilter.java:109)
	at org.springframework.web.filter.OncePerRequestFilter.doFilter(OncePerRequestFilter.java:116)
	at org.apache.catalina.core.ApplicationFilterChain.internalDoFilter(ApplicationFilterChain.java:174)
	at org.apache.catalina.core.ApplicationFilterChain.doFilter(ApplicationFilterChain.java:149)
	at org.springframework.web.filter.CharacterEncodingFilter.doFilterInternal(CharacterEncodingFilter.java:201)
	at org.springframework.web.filter.OncePerRequestFilter.doFilter(OncePerRequestFilter.java:116)
	at org.apache.catalina.core.ApplicationFilterChain.internalDoFilter(ApplicationFilterChain.java:174)
	at org.apache.catalina.core.ApplicationFilterChain.doFilter(ApplicationFilterChain.java:149)
	at org.apache.catalina.core.StandardWrapperValve.invoke(StandardWrapperValve.java:167)
	at org.apache.catalina.core.StandardContextValve.invoke(StandardContextValve.java:90)
	at org.apache.catalina.authenticator.AuthenticatorBase.invoke(AuthenticatorBase.java:482)
	at org.apache.catalina.core.StandardHostValve.invoke(StandardHostValve.java:115)
	at org.apache.catalina.valves.ErrorReportValve.invoke(ErrorReportValve.java:93)
	at org.apache.catalina.core.StandardEngineValve.invoke(StandardEngineValve.java:74)
	at org.apache.catalina.connector.CoyoteAdapter.service(CoyoteAdapter.java:340)
	at org.apache.coyote.http11.Http11Processor.service(Http11Processor.java:391)
	at org.apache.coyote.AbstractProcessorLight.process(AbstractProcessorLight.java:63)
	at org.apache.coyote.AbstractProtocol$ConnectionHandler.process(AbstractProtocol.java:896)
	at org.apache.tomcat.util.net.NioEndpoint$SocketProcessor.doRun(NioEndpoint.java:1744)
	at org.apache.tomcat.util.net.SocketProcessorBase.run(SocketProcessorBase.java:52)
	at org.apache.tomcat.util.threads.ThreadPoolExecutor.runWorker(ThreadPoolExecutor.java:1191)
	at org.apache.tomcat.util.threads.ThreadPoolExecutor$Worker.run(ThreadPoolExecutor.java:659)
	at org.apache.tomcat.util.threads.TaskThread$WrappingRunnable.run(TaskThread.java:61)
	at java.base/java.lang.Thread.run(Thread.java:842)
Caused by: java.lang.NoSuchMethodError: 'java.lang.String org.xiaoxu.service.EmailService.buildApprovalNotifyHtml(java.lang.String, java.lang.String, java.lang.String)'
	at org.xiaoxu.workflow.listener.ApprovalEmailListener.doNotify(ApprovalEmailListener.java:68)
	at org.xiaoxu.workflow.listener.ApprovalEmailListener.notify(ApprovalEmailListener.java:28)
	at org.flowable.engine.impl.delegate.invocation.ExecutionListenerInvocation.invoke(ExecutionListenerInvocation.java:35)
	at org.flowable.engine.impl.delegate.invocation.DelegateInvocation.proceed(DelegateInvocation.java:32)
	at org.flowable.engine.impl.delegate.invocation.DefaultDelegateInterceptor.handleInvocation(DefaultDelegateInterceptor.java:26)
	at org.flowable.engine.impl.bpmn.listener.DelegateExecutionListener.notify(DelegateExecutionListener.java:41)
	at org.flowable.engine.impl.bpmn.helper.ClassDelegate.notify(ClassDelegate.java:102)
	at org.flowable.engine.impl.bpmn.listener.ListenerNotificationHelper.executeExecutionListeners(ListenerNotificationHelper.java:81)
	at org.flowable.engine.impl.agenda.AbstractOperation.executeExecutionListeners(AbstractOperation.java:78)
	at org.flowable.engine.impl.agenda.AbstractOperation.executeExecutionListeners(AbstractOperation.java:69)
	at org.flowable.engine.impl.agenda.TakeOutgoingSequenceFlowsOperation.handleActivityEnd(TakeOutgoingSequenceFlowsOperation.java:167)
	at org.flowable.engine.impl.agenda.TakeOutgoingSequenceFlowsOperation.handleFlowNode(TakeOutgoingSequenceFlowsOperation.java:149)
	at org.flowable.engine.impl.agenda.TakeOutgoingSequenceFlowsOperation.run(TakeOutgoingSequenceFlowsOperation.java:105)
	at org.flowable.common.engine.impl.AbstractEngineConfiguration.lambda$new$0(AbstractEngineConfiguration.java:195)
	at org.flowable.engine.impl.interceptor.CommandInvoker.executeOperation(CommandInvoker.java:130)
	at org.flowable.engine.impl.interceptor.CommandInvoker.executeOperations(CommandInvoker.java:114)
	at org.flowable.engine.impl.interceptor.CommandInvoker.execute(CommandInvoker.java:72)
	at org.flowable.engine.impl.interceptor.BpmnOverrideContextInterceptor.execute(BpmnOverrideContextInterceptor.java:26)
	at org.flowable.common.engine.impl.interceptor.TransactionContextInterceptor.execute(TransactionContextInterceptor.java:53)
	at org.flowable.common.engine.impl.interceptor.CommandContextInterceptor.execute(CommandContextInterceptor.java:105)
	at org.flowable.common.spring.SpringTransactionInterceptor.execute(SpringTransactionInterceptor.java:52)
	at org.flowable.common.engine.impl.interceptor.LogInterceptor.execute(LogInterceptor.java:30)
	at org.flowable.common.engine.impl.cfg.CommandExecutorImpl.execute(CommandExecutorImpl.java:56)
	at org.flowable.common.engine.impl.cfg.CommandExecutorImpl.execute(CommandExecutorImpl.java:51)
	at org.flowable.engine.impl.TaskServiceImpl.complete(TaskServiceImpl.java:223)
	at org.xiaoxu.workflow.service.impl.FlowableServiceImpl.completeTask(FlowableServiceImpl.java:142)
	at org.xiaoxu.workflow.service.impl.FlowableServiceImpl.completeAndCallback(FlowableServiceImpl.java:177)
	at java.base/jdk.internal.reflect.NativeMethodAccessorImpl.invoke0(Native Method)
	at java.base/jdk.internal.reflect.NativeMethodAccessorImpl.invoke(NativeMethodAccessorImpl.java:77)
	at java.base/jdk.internal.reflect.DelegatingMethodAccessorImpl.invoke(DelegatingMethodAccessorImpl.java:43)
	at java.base/java.lang.reflect.Method.invoke(Method.java:568)
	at org.springframework.aop.support.AopUtils.invokeJoinpointUsingReflection(AopUtils.java:351)
	at org.springframework.aop.framework.ReflectiveMethodInvocation.invokeJoinpoint(ReflectiveMethodInvocation.java:196)
	at org.springframework.aop.framework.ReflectiveMethodInvocation.proceed(ReflectiveMethodInvocation.java:163)
	at org.springframework.aop.framework.CglibAopProxy$CglibMethodInvocation.proceed(CglibAopProxy.java:765)
	at org.springframework.transaction.interceptor.TransactionInterceptor$1.proceedWithInvocation(TransactionInterceptor.java:123)
	at org.springframework.transaction.interceptor.TransactionAspectSupport.invokeWithinTransaction(TransactionAspectSupport.java:385)
	at org.springframework.transaction.interceptor.TransactionInterceptor.invoke(TransactionInterceptor.java:119)
	at org.springframework.aop.framework.ReflectiveMethodInvocation.proceed(ReflectiveMethodInvocation.java:184)
	at org.springframework.aop.framework.CglibAopProxy$CglibMethodInvocation.proceed(CglibAopProxy.java:765)
	at org.springframework.aop.framework.CglibAopProxy$DynamicAdvisedInterceptor.intercept(CglibAopProxy.java:717)
	at org.xiaoxu.workflow.service.impl.FlowableServiceImpl$$SpringCGLIB$$0.completeAndCallback(<generated>)
	at org.xiaoxu.workflow.controller.FlowableController.approve(FlowableController.java:67)
	at java.base/jdk.internal.reflect.NativeMethodAccessorImpl.invoke0(Native Method)
	at java.base/jdk.internal.reflect.NativeMethodAccessorImpl.invoke(NativeMethodAccessorImpl.java:77)
	at java.base/jdk.internal.reflect.DelegatingMethodAccessorImpl.invoke(DelegatingMethodAccessorImpl.java:43)
	at java.base/java.lang.reflect.Method.invoke(Method.java:568)
	at org.springframework.web.method.support.InvocableHandlerMethod.doInvoke(InvocableHandlerMethod.java:261)
	at org.springframework.web.method.support.InvocableHandlerMethod.invokeForRequest(InvocableHandlerMethod.java:189)
	at org.springframework.web.servlet.mvc.method.annotation.ServletInvocableHandlerMethod.invokeAndHandle(ServletInvocableHandlerMethod.java:118)
	at org.springframework.web.servlet.mvc.method.annotation.RequestMappingHandlerAdapter.invokeHandlerMethod(RequestMappingHandlerAdapter.java:917)
	at org.springframework.web.servlet.mvc.method.annotation.RequestMappingHandlerAdapter.handleInternal(RequestMappingHandlerAdapter.java:829)
	at org.springframework.web.servlet.mvc.method.AbstractHandlerMethodAdapter.handle(AbstractHandlerMethodAdapter.java:87)
	at org.springframework.web.servlet.DispatcherServlet.doDispatch(DispatcherServlet.java:1089)
	... 129 common frames omitted
2026-06-19 17:21:29 [xxl-job, JobThread-3-1781860796394] INFO  com.xxl.job.core.thread.JobThread - >>>>>>>>>>> xxl-job JobThread stoped, hashCode:Thread[xxl-job, JobThread-3-1781860796394,10,main]
2026-06-19 17:21:44 [Thread-5] INFO  com.xxl.job.core.server.EmbedServer - >>>>>>>>>>> xxl-job remoting server stop.
2026-06-19 17:21:44 [xxl-job, executor ExecutorRegistryThread] INFO  com.xxl.job.core.thread.ExecutorRegistryThread - >>>>>>>>>>> xxl-job registry-remove success, registryParam:RegistryParam{registryGroup='EXECUTOR', registryKey='permission-job-executor', registryValue='http://192.168.1.2:9998/'}, registryResult:ReturnT [code=200, msg=null, content=null]
2026-06-19 17:21:44 [xxl-job, executor ExecutorRegistryThread] INFO  com.xxl.job.core.thread.ExecutorRegistryThread - >>>>>>>>>>> xxl-job, executor registry thread destroy.
2026-06-19 17:21:44 [SpringApplicationShutdownHook] INFO  com.xxl.job.core.server.EmbedServer - >>>>>>>>>>> xxl-job remoting server destroy success.
2026-06-19 17:21:44 [xxl-job, executor JobLogFileCleanThread] INFO  com.xxl.job.core.thread.JobLogFileCleanThread - >>>>>>>>>>> xxl-job, executor JobLogFileCleanThread thread destroy.
2026-06-19 17:21:44 [xxl-job, executor TriggerCallbackThread] INFO  com.xxl.job.core.thread.TriggerCallbackThread - >>>>>>>>>>> xxl-job, executor callback thread destroy.
2026-06-19 17:21:44 [Thread-4] INFO  com.xxl.job.core.thread.TriggerCallbackThread - >>>>>>>>>>> xxl-job, executor retry callback thread destroy.
2026-06-19 17:21:44 [SpringApplicationShutdownHook] INFO  o.f.j.s.impl.asyncexecutor.AbstractAsyncExecutor - Shutting down the async job executor [org.flowable.spring.job.service.SpringAsyncExecutor] for engine cmmn
2026-06-19 17:21:44 [flowable-cmmn-acquire-async-jobs] INFO  o.f.j.s.i.a.AcquireAsyncJobsDueRunnable - stopped async job due acquisition for engine cmmn
2026-06-19 17:21:44 [flowable-cmmn-acquire-timer-jobs] INFO  o.f.j.s.i.asyncexecutor.AcquireTimerJobsRunnable - stopped async job due acquisition for engine cmmn
2026-06-19 17:21:44 [flowable-cmmn-reset-expired-jobs] INFO  o.f.j.s.i.asyncexecutor.ResetExpiredJobsRunnable - stopped resetting expired jobs for engine cmmn
2026-06-19 17:21:44 [SpringApplicationShutdownHook] INFO  o.f.j.s.impl.asyncexecutor.AbstractAsyncExecutor - Shutting down the async job executor [org.flowable.spring.job.service.SpringAsyncExecutor] for engine bpmn
2026-06-19 17:21:44 [flowable-bpmn-acquire-timer-jobs] INFO  o.f.j.s.i.asyncexecutor.AcquireTimerJobsRunnable - stopped async job due acquisition for engine bpmn
2026-06-19 17:21:44 [flowable-bpmn-reset-expired-jobs] INFO  o.f.j.s.i.asyncexecutor.ResetExpiredJobsRunnable - stopped resetting expired jobs for engine bpmn
2026-06-19 17:21:44 [flowable-bpmn-acquire-async-jobs] INFO  o.f.j.s.i.a.AcquireAsyncJobsDueRunnable - stopped async job due acquisition for engine bpmn
2026-06-19 17:21:44 [SpringApplicationShutdownHook] INFO  com.zaxxer.hikari.HikariDataSource - HikariPool-1 - Shutdown initiated...
2026-06-19 17:21:45 [SpringApplicationShutdownHook] INFO  com.zaxxer.hikari.HikariDataSource - HikariPool-1 - Shutdown completed.
2026-06-19 17:21:56 [background-preinit] INFO  org.hibernate.validator.internal.util.Version - HV000001: Hibernate Validator 8.0.1.Final
2026-06-19 17:21:56 [main] INFO  org.xiaoxu.PermissionApplication - Starting PermissionApplication using Java 17.0.12 with PID 56408 (E:\programs\java_arsenal\permission-system\target\classes started by tingq in E:\programs\java_arsenal)
2026-06-19 17:21:56 [main] INFO  org.xiaoxu.PermissionApplication - The following 1 profile is active: "pro"
2026-06-19 17:21:57 [main] INFO  o.s.d.r.config.RepositoryConfigurationDelegate - Multiple Spring Data modules found, entering strict repository configuration mode
2026-06-19 17:21:57 [main] INFO  o.s.d.r.config.RepositoryConfigurationDelegate - Bootstrapping Spring Data Redis repositories in DEFAULT mode.
2026-06-19 17:21:57 [main] INFO  o.s.d.r.config.RepositoryConfigurationDelegate - Finished Spring Data repository scanning in 33 ms. Found 0 Redis repository interfaces.
2026-06-19 17:21:58 [main] WARN  o.s.c.s.PostProcessorRegistrationDelegate$BeanPostProcessorChecker - Bean 'com.alicp.jetcache.anno.config.JetCacheProxyConfiguration' of type [com.alicp.jetcache.anno.config.JetCacheProxyConfiguration$$SpringCGLIB$$0] is not eligible for getting processed by all BeanPostProcessors (for example: not eligible for auto-proxying). Is this bean getting eagerly injected into a currently created BeanPostProcessor [meterRegistryPostProcessor]? Check the corresponding BeanPostProcessor declaration and its dependencies.
2026-06-19 17:21:58 [main] WARN  o.s.c.s.PostProcessorRegistrationDelegate$BeanPostProcessorChecker - Bean 'com.alicp.jetcache.anno.config.CommonConfiguration' of type [com.alicp.jetcache.anno.config.CommonConfiguration$$SpringCGLIB$$0] is not eligible for getting processed by all BeanPostProcessors (for example: not eligible for auto-proxying). Is this bean getting eagerly injected into a currently created BeanPostProcessor [meterRegistryPostProcessor]? Check the corresponding BeanPostProcessor declaration and its dependencies.
2026-06-19 17:21:58 [main] INFO  o.s.boot.web.embedded.tomcat.TomcatWebServer - Tomcat initialized with port 13690 (http)
2026-06-19 17:21:58 [main] INFO  org.apache.coyote.http11.Http11NioProtocol - Initializing ProtocolHandler ["http-nio-13690"]
2026-06-19 17:21:58 [main] INFO  org.apache.catalina.core.StandardService - Starting service [Tomcat]
2026-06-19 17:21:58 [main] INFO  org.apache.catalina.core.StandardEngine - Starting Servlet engine: [Apache Tomcat/10.1.18]
2026-06-19 17:21:58 [main] INFO  o.a.c.core.ContainerBase.[Tomcat].[localhost].[/] - Initializing Spring embedded WebApplicationContext
2026-06-19 17:21:58 [main] INFO  o.s.b.w.s.c.ServletWebServerApplicationContext - Root WebApplicationContext: initialization completed in 2371 ms
2026-06-19 17:21:59 [main] INFO  org.redisson.Version - Redisson 3.24.3
2026-06-19 17:21:59 [redisson-netty-2-5] INFO  o.r.connection.pool.MasterPubSubConnectionPool - 1 connections initialized for 192.168.200.128/192.168.200.128:6379
2026-06-19 17:21:59 [redisson-netty-2-19] INFO  org.redisson.connection.pool.MasterConnectionPool - 24 connections initialized for 192.168.200.128/192.168.200.128:6379
2026-06-19 17:22:00 [main] INFO  o.xiaoxu.workflow.approval.ApprovalHandlerRegistry - 审批回调注册完成，已注册业务: [fulfillment-approval, leave-request]
2026-06-19 17:22:01 [main] INFO  o.f.spring.boot.cmmn.CmmnEngineAutoConfiguration - No deployment resources were found for autodeployment
2026-06-19 17:22:01 [main] INFO  o.f.spring.boot.dmn.DmnEngineAutoConfiguration - No deployment resources were found for autodeployment
2026-06-19 17:22:01 [main] INFO  o.f.s.b.e.EventRegistryAutoConfiguration - No deployment resources were found for autodeployment
2026-06-19 17:22:01 [main] INFO  o.f.spring.boot.app.AppEngineAutoConfiguration - No deployment resources were found for autodeployment
2026-06-19 17:22:01 [main] INFO  o.flowable.app.spring.SpringAppEngineConfiguration - Found 5 Engine Configurators in total:
2026-06-19 17:22:01 [main] INFO  o.flowable.app.spring.SpringAppEngineConfiguration - class org.flowable.engine.spring.configurator.SpringProcessEngineConfigurator (priority:50000)
2026-06-19 17:22:01 [main] INFO  o.flowable.app.spring.SpringAppEngineConfiguration - class org.flowable.eventregistry.spring.configurator.SpringEventRegistryConfigurator (priority:100000)
2026-06-19 17:22:01 [main] INFO  o.flowable.app.spring.SpringAppEngineConfiguration - class org.flowable.idm.spring.configurator.SpringIdmEngineConfigurator (priority:150000)
2026-06-19 17:22:01 [main] INFO  o.flowable.app.spring.SpringAppEngineConfiguration - class org.flowable.dmn.spring.configurator.SpringDmnEngineConfigurator (priority:200000)
2026-06-19 17:22:01 [main] INFO  o.flowable.app.spring.SpringAppEngineConfiguration - class org.flowable.cmmn.spring.configurator.SpringCmmnEngineConfigurator (priority:500000)
2026-06-19 17:22:01 [main] INFO  o.flowable.app.spring.SpringAppEngineConfiguration - Executing beforeInit() of class org.flowable.engine.spring.configurator.SpringProcessEngineConfigurator (priority:50000)
2026-06-19 17:22:01 [main] INFO  o.flowable.app.spring.SpringAppEngineConfiguration - Executing beforeInit() of class org.flowable.eventregistry.spring.configurator.SpringEventRegistryConfigurator (priority:100000)
2026-06-19 17:22:01 [main] INFO  o.flowable.app.spring.SpringAppEngineConfiguration - Executing beforeInit() of class org.flowable.idm.spring.configurator.SpringIdmEngineConfigurator (priority:150000)
2026-06-19 17:22:01 [main] INFO  o.flowable.app.spring.SpringAppEngineConfiguration - Executing beforeInit() of class org.flowable.dmn.spring.configurator.SpringDmnEngineConfigurator (priority:200000)
2026-06-19 17:22:01 [main] INFO  o.flowable.app.spring.SpringAppEngineConfiguration - Executing beforeInit() of class org.flowable.cmmn.spring.configurator.SpringCmmnEngineConfigurator (priority:500000)
2026-06-19 17:22:01 [main] INFO  com.zaxxer.hikari.HikariDataSource - HikariPool-1 - Starting...
2026-06-19 17:22:01 [main] INFO  com.zaxxer.hikari.pool.HikariPool - HikariPool-1 - Added connection com.mysql.cj.jdbc.ConnectionImpl@3c0becae
2026-06-19 17:22:01 [main] INFO  com.zaxxer.hikari.HikariDataSource - HikariPool-1 - Start completed.
2026-06-19 17:22:02 [main] INFO  o.flowable.app.spring.SpringAppEngineConfiguration - Executing configure() of class org.flowable.engine.spring.configurator.SpringProcessEngineConfigurator (priority:50000)
2026-06-19 17:22:02 [main] INFO  org.flowable.engine.impl.ProcessEngineImpl - ProcessEngine default created
2026-06-19 17:22:02 [main] INFO  o.flowable.engine.impl.cmd.ValidateV5EntitiesCmd - Total of v5 deployments found: 0
2026-06-19 17:22:02 [main] INFO  o.flowable.app.spring.SpringAppEngineConfiguration - Executing configure() of class org.flowable.eventregistry.spring.configurator.SpringEventRegistryConfigurator (priority:100000)
2026-06-19 17:22:03 [main] INFO  liquibase.changelog - Reading from `2026mysql_ds`.FLW_EV_DATABASECHANGELOG
2026-06-19 17:22:03 [main] INFO  liquibase.changelog - Reading from `2026mysql_ds`.FLW_EV_DATABASECHANGELOG
2026-06-19 17:22:03 [main] INFO  liquibase.util - UPDATE SUMMARY
2026-06-19 17:22:03 [main] INFO  liquibase.util - Run:                          0
2026-06-19 17:22:03 [main] INFO  liquibase.util - Previously run:               3
2026-06-19 17:22:03 [main] INFO  liquibase.util - Filtered out:                 0
2026-06-19 17:22:03 [main] INFO  liquibase.util - -------------------------------
2026-06-19 17:22:03 [main] INFO  liquibase.util - Total change sets:            3
2026-06-19 17:22:03 [main] INFO  liquibase.util - Update summary generated
2026-06-19 17:22:03 [main] INFO  liquibase.lockservice - Successfully released change log lock
2026-06-19 17:22:03 [main] INFO  liquibase.command - Command execution complete
2026-06-19 17:22:03 [main] INFO  o.f.eventregistry.impl.EventRegistryEngineImpl - EventRegistryEngine default created
2026-06-19 17:22:03 [main] INFO  o.flowable.app.spring.SpringAppEngineConfiguration - Executing configure() of class org.flowable.idm.spring.configurator.SpringIdmEngineConfigurator (priority:150000)
2026-06-19 17:22:03 [main] INFO  org.flowable.idm.engine.impl.IdmEngineImpl - IdmEngine default created
2026-06-19 17:22:03 [main] INFO  o.flowable.app.spring.SpringAppEngineConfiguration - Executing configure() of class org.flowable.dmn.spring.configurator.SpringDmnEngineConfigurator (priority:200000)
2026-06-19 17:22:03 [main] INFO  liquibase.changelog - Reading from `2026mysql_ds`.ACT_DMN_DATABASECHANGELOG
2026-06-19 17:22:03 [main] INFO  liquibase.changelog - Reading from `2026mysql_ds`.ACT_DMN_DATABASECHANGELOG
2026-06-19 17:22:03 [main] INFO  liquibase.util - UPDATE SUMMARY
2026-06-19 17:22:03 [main] INFO  liquibase.util - Run:                          0
2026-06-19 17:22:03 [main] INFO  liquibase.util - Previously run:               9
2026-06-19 17:22:03 [main] INFO  liquibase.util - Filtered out:                 0
2026-06-19 17:22:03 [main] INFO  liquibase.util - -------------------------------
2026-06-19 17:22:03 [main] INFO  liquibase.util - Total change sets:            9
2026-06-19 17:22:03 [main] INFO  liquibase.util - Update summary generated
2026-06-19 17:22:03 [main] INFO  liquibase.lockservice - Successfully released change log lock
2026-06-19 17:22:03 [main] INFO  liquibase.command - Command execution complete
2026-06-19 17:22:03 [main] INFO  org.flowable.dmn.engine.impl.DmnEngineImpl - DmnEngine default created
2026-06-19 17:22:03 [main] INFO  o.flowable.app.spring.SpringAppEngineConfiguration - Executing configure() of class org.flowable.cmmn.spring.configurator.SpringCmmnEngineConfigurator (priority:500000)
2026-06-19 17:22:04 [main] INFO  liquibase.changelog - Reading from `2026mysql_ds`.ACT_CMMN_DATABASECHANGELOG
2026-06-19 17:22:04 [main] INFO  liquibase.changelog - Reading from `2026mysql_ds`.ACT_CMMN_DATABASECHANGELOG
2026-06-19 17:22:04 [main] INFO  liquibase.util - UPDATE SUMMARY
2026-06-19 17:22:04 [main] INFO  liquibase.util - Run:                          0
2026-06-19 17:22:04 [main] INFO  liquibase.util - Previously run:              16
2026-06-19 17:22:04 [main] INFO  liquibase.util - Filtered out:                 1
2026-06-19 17:22:04 [main] INFO  liquibase.util - -------------------------------
2026-06-19 17:22:04 [main] INFO  liquibase.util - Total change sets:           17
2026-06-19 17:22:04 [main] INFO  liquibase.util - FILTERED CHANGE SETS SUMMARY
2026-06-19 17:22:04 [main] INFO  liquibase.util - DBMS mismatch:                1
2026-06-19 17:22:04 [main] INFO  liquibase.util - Update summary generated
2026-06-19 17:22:04 [main] INFO  liquibase.lockservice - Successfully released change log lock
2026-06-19 17:22:04 [main] INFO  liquibase.command - Command execution complete
2026-06-19 17:22:04 [main] INFO  org.flowable.cmmn.engine.impl.CmmnEngineImpl - CmmnEngine default created
2026-06-19 17:22:04 [main] INFO  liquibase.changelog - Reading from `2026mysql_ds`.ACT_APP_DATABASECHANGELOG
2026-06-19 17:22:04 [main] INFO  liquibase.changelog - Reading from `2026mysql_ds`.ACT_APP_DATABASECHANGELOG
2026-06-19 17:22:04 [main] INFO  liquibase.util - UPDATE SUMMARY
2026-06-19 17:22:04 [main] INFO  liquibase.util - Run:                          0
2026-06-19 17:22:04 [main] INFO  liquibase.util - Previously run:               3
2026-06-19 17:22:04 [main] INFO  liquibase.util - Filtered out:                 0
2026-06-19 17:22:04 [main] INFO  liquibase.util - -------------------------------
2026-06-19 17:22:04 [main] INFO  liquibase.util - Total change sets:            3
2026-06-19 17:22:04 [main] INFO  liquibase.util - Update summary generated
2026-06-19 17:22:04 [main] INFO  liquibase.lockservice - Successfully released change log lock
2026-06-19 17:22:04 [main] INFO  liquibase.command - Command execution complete
2026-06-19 17:22:04 [main] INFO  org.flowable.app.engine.impl.AppEngineImpl - AppEngine default created
2026-06-19 17:22:05 [main] INFO  o.s.b.actuate.endpoint.web.EndpointLinksResolver - Exposing 1 endpoint(s) beneath base path '/actuator'
2026-06-19 17:22:05 [main] INFO  o.s.security.web.DefaultSecurityFilterChain - Will secure any request with [org.springframework.security.web.session.DisableEncodeUrlFilter@23ccab2d, org.springframework.security.web.context.request.async.WebAsyncManagerIntegrationFilter@5f9a3cc3, org.springframework.security.web.context.SecurityContextHolderFilter@4119360e, org.springframework.security.web.header.HeaderWriterFilter@2fe5b672, org.springframework.web.filter.CorsFilter@1bd6638, org.springframework.security.web.authentication.logout.LogoutFilter@60f099f0, org.xiaoxu.auth.TokenAuthenticationFilter@6130a6f5, org.springframework.security.web.savedrequest.RequestCacheAwareFilter@4042399c, org.springframework.security.web.servletapi.SecurityContextHolderAwareRequestFilter@248eafcf, org.springframework.security.web.authentication.AnonymousAuthenticationFilter@1c54604c, org.springframework.security.web.session.SessionManagementFilter@20799a74, org.springframework.security.web.access.ExceptionTranslationFilter@668f3892, org.springframework.security.web.access.intercept.AuthorizationFilter@4d8eaa6]
2026-06-19 17:22:06 [main] INFO  com.xxl.job.core.executor.XxlJobExecutor - >>>>>>>>>>> xxl-job register jobhandler success, name:sendFulfillmentApprovalNotify, jobHandler:com.xxl.job.core.handler.impl.MethodJobHandler@6d823f18[class org.xiaoxu.workflow.job.ApprovalNotifyJobHandler#sendFulfillmentApprovalNotify]
2026-06-19 17:22:06 [main] INFO  com.xxl.job.core.executor.XxlJobExecutor - >>>>>>>>>>> xxl-job register jobhandler success, name:sendLeaveApprovalNotify, jobHandler:com.xxl.job.core.handler.impl.MethodJobHandler@40a7546[class org.xiaoxu.workflow.job.ApprovalNotifyJobHandler#sendLeaveApprovalNotify]
2026-06-19 17:22:06 [main] INFO  o.f.j.s.impl.asyncexecutor.AbstractAsyncExecutor - Starting up the async job executor [org.flowable.spring.job.service.SpringAsyncExecutor] for engine cmmn
2026-06-19 17:22:06 [Thread-8] INFO  o.f.j.s.i.asyncexecutor.ResetExpiredJobsRunnable - starting to reset expired jobs for engine cmmn
2026-06-19 17:22:06 [main] INFO  o.f.j.s.impl.asyncexecutor.AbstractAsyncExecutor - Starting up the async job executor [org.flowable.spring.job.service.SpringAsyncExecutor] for engine bpmn
2026-06-19 17:22:06 [Thread-7] INFO  o.f.j.s.i.asyncexecutor.AcquireTimerJobsRunnable - starting to acquire async jobs due for engine cmmn
2026-06-19 17:22:06 [Thread-6] INFO  o.f.j.s.i.a.AcquireAsyncJobsDueRunnable - starting to acquire async jobs due for engine cmmn
2026-06-19 17:22:06 [main] INFO  o.f.s.configurator.DefaultAutoDeploymentStrategy - Deploying resources [file [E:\programs\java_arsenal\permission-system\target\classes\processes\fulfillment-approval.bpmn20.xml], file [E:\programs\java_arsenal\permission-system\target\classes\processes\leave-request.bpmn20.xml]] for engine org.flowable.engine.impl.ProcessEngineImpl@54277081 deployment name hint SpringBootAutoDeployment
2026-06-19 17:22:06 [Thread-9] INFO  o.f.j.s.i.a.AcquireAsyncJobsDueRunnable - starting to acquire async jobs due for engine bpmn
2026-06-19 17:22:06 [Thread-10] INFO  o.f.j.s.i.asyncexecutor.AcquireTimerJobsRunnable - starting to acquire async jobs due for engine bpmn
2026-06-19 17:22:06 [Thread-11] INFO  o.f.j.s.i.asyncexecutor.ResetExpiredJobsRunnable - starting to reset expired jobs for engine bpmn
2026-06-19 17:22:06 [main] INFO  org.apache.coyote.http11.Http11NioProtocol - Starting ProtocolHandler ["http-nio-13690"]
2026-06-19 17:22:06 [main] INFO  o.s.boot.web.embedded.tomcat.TomcatWebServer - Tomcat started on port 13690 (http) with context path ''
2026-06-19 17:22:06 [main] INFO  org.xiaoxu.PermissionApplication - Started PermissionApplication in 10.59 seconds (process running for 12.468)
2026-06-19 17:22:06 [Thread-5] INFO  com.xxl.job.core.server.EmbedServer - >>>>>>>>>>> xxl-job remoting server start success, nettype = class com.xxl.job.core.server.EmbedServer, port = 9998
2026-06-19 17:22:06 [RMI TCP Connection(5)-192.168.1.2] INFO  o.a.c.core.ContainerBase.[Tomcat].[localhost].[/] - Initializing Spring DispatcherServlet 'dispatcherServlet'
2026-06-19 17:22:06 [RMI TCP Connection(5)-192.168.1.2] INFO  org.springframework.web.servlet.DispatcherServlet - Initializing Servlet 'dispatcherServlet'
2026-06-19 17:22:06 [RMI TCP Connection(5)-192.168.1.2] INFO  org.springframework.web.servlet.DispatcherServlet - Completed initialization in 2 ms
2026-06-19 17:22:16 [http-nio-13690-exec-2] INFO  o.xiaoxu.workflow.service.impl.FlowableServiceImpl - 用户 vp 自动认领任务 fecd5117-6bbf-11f1-af7a-ca9402dece55
2026-06-19 17:22:17 [http-nio-13690-exec-2] INFO  org.xiaoxu.service.EmailService - 邮件发送成功, to=tingqq7@gmail.com, subject=您的履约单已审批通过
2026-06-19 17:22:17 [http-nio-13690-exec-2] INFO  o.xiaoxu.workflow.service.impl.FlowableServiceImpl - 任务完成, taskId: fecd5117-6bbf-11f1-af7a-ca9402dece55
2026-06-19 17:22:17 [http-nio-13690-exec-2] INFO  o.xiaoxu.workflow.service.impl.FlowableServiceImpl - 审批通过回调完成, processInstanceId=e1cc8aca-6bbf-11f1-af7a-ca9402dece55, key=fulfillment-approval
2026-06-19 17:29:56 [xxl-job, EmbedServer bizThreadPool-1286971130] INFO  com.xxl.job.core.executor.XxlJobExecutor - >>>>>>>>>>> xxl-job regist JobThread success, jobId:3, handler:com.xxl.job.core.handler.impl.MethodJobHandler@40a7546[class org.xiaoxu.workflow.job.ApprovalNotifyJobHandler#sendLeaveApprovalNotify]
2026-06-19 17:29:56 [xxl-job, JobThread-3-1781861396485] INFO  org.xiaoxu.workflow.job.ApprovalNotifyJobHandler - 没有待通知的请假单
2026-06-19 17:31:29 [xxl-job, JobThread-3-1781861396485] INFO  com.xxl.job.core.thread.JobThread - >>>>>>>>>>> xxl-job JobThread stoped, hashCode:Thread[xxl-job, JobThread-3-1781861396485,10,main]
2026-06-19 17:39:56 [xxl-job, EmbedServer bizThreadPool-202083380] INFO  com.xxl.job.core.executor.XxlJobExecutor - >>>>>>>>>>> xxl-job regist JobThread success, jobId:3, handler:com.xxl.job.core.handler.impl.MethodJobHandler@40a7546[class org.xiaoxu.workflow.job.ApprovalNotifyJobHandler#sendLeaveApprovalNotify]
2026-06-19 17:39:56 [xxl-job, JobThread-3-1781861996397] INFO  org.xiaoxu.workflow.job.ApprovalNotifyJobHandler - 没有待通知的请假单
2026-06-19 17:41:29 [xxl-job, JobThread-3-1781861996397] INFO  com.xxl.job.core.thread.JobThread - >>>>>>>>>>> xxl-job JobThread stoped, hashCode:Thread[xxl-job, JobThread-3-1781861996397,10,main]
2026-06-19 17:49:56 [xxl-job, EmbedServer bizThreadPool-1622747069] INFO  com.xxl.job.core.executor.XxlJobExecutor - >>>>>>>>>>> xxl-job regist JobThread success, jobId:3, handler:com.xxl.job.core.handler.impl.MethodJobHandler@40a7546[class org.xiaoxu.workflow.job.ApprovalNotifyJobHandler#sendLeaveApprovalNotify]
2026-06-19 17:49:56 [xxl-job, JobThread-3-1781862596403] INFO  org.xiaoxu.workflow.job.ApprovalNotifyJobHandler - 没有待通知的请假单
2026-06-19 17:51:29 [xxl-job, JobThread-3-1781862596403] INFO  com.xxl.job.core.thread.JobThread - >>>>>>>>>>> xxl-job JobThread stoped, hashCode:Thread[xxl-job, JobThread-3-1781862596403,10,main]
2026-06-19 17:52:48 [Thread-5] INFO  com.xxl.job.core.server.EmbedServer - >>>>>>>>>>> xxl-job remoting server stop.
2026-06-19 17:52:48 [xxl-job, executor ExecutorRegistryThread] INFO  com.xxl.job.core.thread.ExecutorRegistryThread - >>>>>>>>>>> xxl-job registry-remove success, registryParam:RegistryParam{registryGroup='EXECUTOR', registryKey='permission-job-executor', registryValue='http://192.168.1.2:9998/'}, registryResult:ReturnT [code=200, msg=null, content=null]
2026-06-19 17:52:48 [xxl-job, executor ExecutorRegistryThread] INFO  com.xxl.job.core.thread.ExecutorRegistryThread - >>>>>>>>>>> xxl-job, executor registry thread destroy.
2026-06-19 17:52:48 [SpringApplicationShutdownHook] INFO  com.xxl.job.core.server.EmbedServer - >>>>>>>>>>> xxl-job remoting server destroy success.
2026-06-19 17:52:48 [xxl-job, executor JobLogFileCleanThread] INFO  com.xxl.job.core.thread.JobLogFileCleanThread - >>>>>>>>>>> xxl-job, executor JobLogFileCleanThread thread destroy.
2026-06-19 17:52:48 [xxl-job, executor TriggerCallbackThread] INFO  com.xxl.job.core.thread.TriggerCallbackThread - >>>>>>>>>>> xxl-job, executor callback thread destroy.
2026-06-19 17:52:48 [Thread-4] INFO  com.xxl.job.core.thread.TriggerCallbackThread - >>>>>>>>>>> xxl-job, executor retry callback thread destroy.
2026-06-19 17:52:48 [SpringApplicationShutdownHook] INFO  o.f.j.s.impl.asyncexecutor.AbstractAsyncExecutor - Shutting down the async job executor [org.flowable.spring.job.service.SpringAsyncExecutor] for engine cmmn
2026-06-19 17:52:48 [flowable-cmmn-reset-expired-jobs] INFO  o.f.j.s.i.asyncexecutor.ResetExpiredJobsRunnable - stopped resetting expired jobs for engine cmmn
2026-06-19 17:52:48 [flowable-cmmn-acquire-async-jobs] INFO  o.f.j.s.i.a.AcquireAsyncJobsDueRunnable - stopped async job due acquisition for engine cmmn
2026-06-19 17:52:48 [flowable-cmmn-acquire-timer-jobs] INFO  o.f.j.s.i.asyncexecutor.AcquireTimerJobsRunnable - stopped async job due acquisition for engine cmmn
2026-06-19 17:52:48 [SpringApplicationShutdownHook] INFO  o.f.j.s.impl.asyncexecutor.AbstractAsyncExecutor - Shutting down the async job executor [org.flowable.spring.job.service.SpringAsyncExecutor] for engine bpmn
2026-06-19 17:52:48 [flowable-bpmn-reset-expired-jobs] INFO  o.f.j.s.i.asyncexecutor.ResetExpiredJobsRunnable - stopped resetting expired jobs for engine bpmn
2026-06-19 17:52:48 [flowable-bpmn-acquire-async-jobs] INFO  o.f.j.s.i.a.AcquireAsyncJobsDueRunnable - stopped async job due acquisition for engine bpmn
2026-06-19 17:52:48 [flowable-bpmn-acquire-timer-jobs] INFO  o.f.j.s.i.asyncexecutor.AcquireTimerJobsRunnable - stopped async job due acquisition for engine bpmn
2026-06-19 17:52:48 [SpringApplicationShutdownHook] INFO  com.zaxxer.hikari.HikariDataSource - HikariPool-1 - Shutdown initiated...
2026-06-19 17:52:48 [SpringApplicationShutdownHook] INFO  com.zaxxer.hikari.HikariDataSource - HikariPool-1 - Shutdown completed.
2026-06-19 17:53:01 [background-preinit] INFO  org.hibernate.validator.internal.util.Version - HV000001: Hibernate Validator 8.0.1.Final
2026-06-19 17:57:46 [background-preinit] INFO  org.hibernate.validator.internal.util.Version - HV000001: Hibernate Validator 8.0.1.Final
2026-06-19 17:57:46 [main] INFO  org.xiaoxu.PermissionApplication - Starting PermissionApplication using Java 17.0.12 with PID 70284 (E:\programs\java_arsenal\permission-system\target\classes started by tingq in E:\programs\java_arsenal)
2026-06-19 17:57:46 [main] INFO  org.xiaoxu.PermissionApplication - The following 1 profile is active: "pro"
2026-06-19 17:57:48 [main] INFO  o.s.d.r.config.RepositoryConfigurationDelegate - Multiple Spring Data modules found, entering strict repository configuration mode
2026-06-19 17:57:48 [main] INFO  o.s.d.r.config.RepositoryConfigurationDelegate - Bootstrapping Spring Data Redis repositories in DEFAULT mode.
2026-06-19 17:57:48 [main] INFO  o.s.d.r.config.RepositoryConfigurationDelegate - Finished Spring Data repository scanning in 43 ms. Found 0 Redis repository interfaces.
2026-06-19 17:57:49 [main] WARN  o.s.c.s.PostProcessorRegistrationDelegate$BeanPostProcessorChecker - Bean 'com.alicp.jetcache.anno.config.JetCacheProxyConfiguration' of type [com.alicp.jetcache.anno.config.JetCacheProxyConfiguration$$SpringCGLIB$$0] is not eligible for getting processed by all BeanPostProcessors (for example: not eligible for auto-proxying). Is this bean getting eagerly injected into a currently created BeanPostProcessor [meterRegistryPostProcessor]? Check the corresponding BeanPostProcessor declaration and its dependencies.
2026-06-19 17:57:49 [main] WARN  o.s.c.s.PostProcessorRegistrationDelegate$BeanPostProcessorChecker - Bean 'com.alicp.jetcache.anno.config.CommonConfiguration' of type [com.alicp.jetcache.anno.config.CommonConfiguration$$SpringCGLIB$$0] is not eligible for getting processed by all BeanPostProcessors (for example: not eligible for auto-proxying). Is this bean getting eagerly injected into a currently created BeanPostProcessor [meterRegistryPostProcessor]? Check the corresponding BeanPostProcessor declaration and its dependencies.
2026-06-19 17:57:50 [main] INFO  o.s.boot.web.embedded.tomcat.TomcatWebServer - Tomcat initialized with port 13690 (http)
2026-06-19 17:57:50 [main] INFO  org.apache.coyote.http11.Http11NioProtocol - Initializing ProtocolHandler ["http-nio-13690"]
2026-06-19 17:57:50 [main] INFO  org.apache.catalina.core.StandardService - Starting service [Tomcat]
2026-06-19 17:57:50 [main] INFO  org.apache.catalina.core.StandardEngine - Starting Servlet engine: [Apache Tomcat/10.1.18]
2026-06-19 17:57:50 [main] INFO  o.a.c.core.ContainerBase.[Tomcat].[localhost].[/] - Initializing Spring embedded WebApplicationContext
2026-06-19 17:57:50 [main] INFO  o.s.b.w.s.c.ServletWebServerApplicationContext - Root WebApplicationContext: initialization completed in 3345 ms
2026-06-19 17:57:50 [main] INFO  org.redisson.Version - Redisson 3.24.3
2026-06-19 17:57:51 [redisson-netty-2-5] INFO  o.r.connection.pool.MasterPubSubConnectionPool - 1 connections initialized for 192.168.200.128/192.168.200.128:6379
2026-06-19 17:57:51 [redisson-netty-2-19] INFO  org.redisson.connection.pool.MasterConnectionPool - 24 connections initialized for 192.168.200.128/192.168.200.128:6379
2026-06-19 17:57:52 [main] INFO  org.xiaoxu.service.OssService - OSS 客户端初始化完成, bucket=oss-inshanghai
2026-06-19 17:57:52 [main] INFO  o.xiaoxu.workflow.approval.ApprovalHandlerRegistry - 审批回调注册完成，已注册业务: [fulfillment-approval, leave-request]
2026-06-19 17:57:53 [main] INFO  o.f.spring.boot.cmmn.CmmnEngineAutoConfiguration - No deployment resources were found for autodeployment
2026-06-19 17:57:53 [main] INFO  o.f.spring.boot.dmn.DmnEngineAutoConfiguration - No deployment resources were found for autodeployment
2026-06-19 17:57:53 [main] INFO  o.f.s.b.e.EventRegistryAutoConfiguration - No deployment resources were found for autodeployment
2026-06-19 17:57:53 [main] INFO  o.f.spring.boot.app.AppEngineAutoConfiguration - No deployment resources were found for autodeployment
2026-06-19 17:57:53 [main] INFO  o.flowable.app.spring.SpringAppEngineConfiguration - Found 5 Engine Configurators in total:
2026-06-19 17:57:53 [main] INFO  o.flowable.app.spring.SpringAppEngineConfiguration - class org.flowable.engine.spring.configurator.SpringProcessEngineConfigurator (priority:50000)
2026-06-19 17:57:53 [main] INFO  o.flowable.app.spring.SpringAppEngineConfiguration - class org.flowable.eventregistry.spring.configurator.SpringEventRegistryConfigurator (priority:100000)
2026-06-19 17:57:53 [main] INFO  o.flowable.app.spring.SpringAppEngineConfiguration - class org.flowable.idm.spring.configurator.SpringIdmEngineConfigurator (priority:150000)
2026-06-19 17:57:53 [main] INFO  o.flowable.app.spring.SpringAppEngineConfiguration - class org.flowable.dmn.spring.configurator.SpringDmnEngineConfigurator (priority:200000)
2026-06-19 17:57:53 [main] INFO  o.flowable.app.spring.SpringAppEngineConfiguration - class org.flowable.cmmn.spring.configurator.SpringCmmnEngineConfigurator (priority:500000)
2026-06-19 17:57:53 [main] INFO  o.flowable.app.spring.SpringAppEngineConfiguration - Executing beforeInit() of class org.flowable.engine.spring.configurator.SpringProcessEngineConfigurator (priority:50000)
2026-06-19 17:57:53 [main] INFO  o.flowable.app.spring.SpringAppEngineConfiguration - Executing beforeInit() of class org.flowable.eventregistry.spring.configurator.SpringEventRegistryConfigurator (priority:100000)
2026-06-19 17:57:53 [main] INFO  o.flowable.app.spring.SpringAppEngineConfiguration - Executing beforeInit() of class org.flowable.idm.spring.configurator.SpringIdmEngineConfigurator (priority:150000)
2026-06-19 17:57:53 [main] INFO  o.flowable.app.spring.SpringAppEngineConfiguration - Executing beforeInit() of class org.flowable.dmn.spring.configurator.SpringDmnEngineConfigurator (priority:200000)
2026-06-19 17:57:53 [main] INFO  o.flowable.app.spring.SpringAppEngineConfiguration - Executing beforeInit() of class org.flowable.cmmn.spring.configurator.SpringCmmnEngineConfigurator (priority:500000)
2026-06-19 17:57:53 [main] INFO  com.zaxxer.hikari.HikariDataSource - HikariPool-1 - Starting...
2026-06-19 17:57:54 [main] INFO  com.zaxxer.hikari.pool.HikariPool - HikariPool-1 - Added connection com.mysql.cj.jdbc.ConnectionImpl@110b6c78
2026-06-19 17:57:54 [main] INFO  com.zaxxer.hikari.HikariDataSource - HikariPool-1 - Start completed.
2026-06-19 17:57:55 [main] INFO  o.flowable.app.spring.SpringAppEngineConfiguration - Executing configure() of class org.flowable.engine.spring.configurator.SpringProcessEngineConfigurator (priority:50000)
2026-06-19 17:57:55 [main] INFO  org.flowable.engine.impl.ProcessEngineImpl - ProcessEngine default created
2026-06-19 17:57:55 [main] INFO  o.flowable.engine.impl.cmd.ValidateV5EntitiesCmd - Total of v5 deployments found: 0
2026-06-19 17:57:55 [main] INFO  o.flowable.app.spring.SpringAppEngineConfiguration - Executing configure() of class org.flowable.eventregistry.spring.configurator.SpringEventRegistryConfigurator (priority:100000)
2026-06-19 17:57:57 [main] INFO  liquibase.changelog - Reading from `2026mysql_ds`.FLW_EV_DATABASECHANGELOG
2026-06-19 17:57:57 [main] INFO  liquibase.changelog - Reading from `2026mysql_ds`.FLW_EV_DATABASECHANGELOG
2026-06-19 17:57:57 [main] INFO  liquibase.util - UPDATE SUMMARY
2026-06-19 17:57:57 [main] INFO  liquibase.util - Run:                          0
2026-06-19 17:57:57 [main] INFO  liquibase.util - Previously run:               3
2026-06-19 17:57:57 [main] INFO  liquibase.util - Filtered out:                 0
2026-06-19 17:57:57 [main] INFO  liquibase.util - -------------------------------
2026-06-19 17:57:57 [main] INFO  liquibase.util - Total change sets:            3
2026-06-19 17:57:57 [main] INFO  liquibase.util - Update summary generated
2026-06-19 17:57:57 [main] INFO  liquibase.lockservice - Successfully released change log lock
2026-06-19 17:57:57 [main] INFO  liquibase.command - Command execution complete
2026-06-19 17:57:57 [main] INFO  o.f.eventregistry.impl.EventRegistryEngineImpl - EventRegistryEngine default created
2026-06-19 17:57:57 [main] INFO  o.flowable.app.spring.SpringAppEngineConfiguration - Executing configure() of class org.flowable.idm.spring.configurator.SpringIdmEngineConfigurator (priority:150000)
2026-06-19 17:57:57 [main] INFO  org.flowable.idm.engine.impl.IdmEngineImpl - IdmEngine default created
2026-06-19 17:57:57 [main] INFO  o.flowable.app.spring.SpringAppEngineConfiguration - Executing configure() of class org.flowable.dmn.spring.configurator.SpringDmnEngineConfigurator (priority:200000)
2026-06-19 17:57:57 [main] INFO  liquibase.changelog - Reading from `2026mysql_ds`.ACT_DMN_DATABASECHANGELOG
2026-06-19 17:57:57 [main] INFO  liquibase.changelog - Reading from `2026mysql_ds`.ACT_DMN_DATABASECHANGELOG
2026-06-19 17:57:57 [main] INFO  liquibase.util - UPDATE SUMMARY
2026-06-19 17:57:57 [main] INFO  liquibase.util - Run:                          0
2026-06-19 17:57:57 [main] INFO  liquibase.util - Previously run:               9
2026-06-19 17:57:57 [main] INFO  liquibase.util - Filtered out:                 0
2026-06-19 17:57:57 [main] INFO  liquibase.util - -------------------------------
2026-06-19 17:57:57 [main] INFO  liquibase.util - Total change sets:            9
2026-06-19 17:57:57 [main] INFO  liquibase.util - Update summary generated
2026-06-19 17:57:57 [main] INFO  liquibase.lockservice - Successfully released change log lock
2026-06-19 17:57:57 [main] INFO  liquibase.command - Command execution complete
2026-06-19 17:57:57 [main] INFO  org.flowable.dmn.engine.impl.DmnEngineImpl - DmnEngine default created
2026-06-19 17:57:57 [main] INFO  o.flowable.app.spring.SpringAppEngineConfiguration - Executing configure() of class org.flowable.cmmn.spring.configurator.SpringCmmnEngineConfigurator (priority:500000)
2026-06-19 17:57:58 [main] INFO  liquibase.changelog - Reading from `2026mysql_ds`.ACT_CMMN_DATABASECHANGELOG
2026-06-19 17:57:58 [main] INFO  liquibase.changelog - Reading from `2026mysql_ds`.ACT_CMMN_DATABASECHANGELOG
2026-06-19 17:57:58 [main] INFO  liquibase.util - UPDATE SUMMARY
2026-06-19 17:57:58 [main] INFO  liquibase.util - Run:                          0
2026-06-19 17:57:58 [main] INFO  liquibase.util - Previously run:              16
2026-06-19 17:57:58 [main] INFO  liquibase.util - Filtered out:                 1
2026-06-19 17:57:58 [main] INFO  liquibase.util - -------------------------------
2026-06-19 17:57:58 [main] INFO  liquibase.util - Total change sets:           17
2026-06-19 17:57:58 [main] INFO  liquibase.util - FILTERED CHANGE SETS SUMMARY
2026-06-19 17:57:58 [main] INFO  liquibase.util - DBMS mismatch:                1
2026-06-19 17:57:58 [main] INFO  liquibase.util - Update summary generated
2026-06-19 17:57:58 [main] INFO  liquibase.lockservice - Successfully released change log lock
2026-06-19 17:57:58 [main] INFO  liquibase.command - Command execution complete
2026-06-19 17:57:58 [main] INFO  org.flowable.cmmn.engine.impl.CmmnEngineImpl - CmmnEngine default created
2026-06-19 17:57:58 [main] INFO  liquibase.changelog - Reading from `2026mysql_ds`.ACT_APP_DATABASECHANGELOG
2026-06-19 17:57:58 [main] INFO  liquibase.changelog - Reading from `2026mysql_ds`.ACT_APP_DATABASECHANGELOG
2026-06-19 17:57:58 [main] INFO  liquibase.util - UPDATE SUMMARY
2026-06-19 17:57:58 [main] INFO  liquibase.util - Run:                          0
2026-06-19 17:57:58 [main] INFO  liquibase.util - Previously run:               3
2026-06-19 17:57:58 [main] INFO  liquibase.util - Filtered out:                 0
2026-06-19 17:57:58 [main] INFO  liquibase.util - -------------------------------
2026-06-19 17:57:58 [main] INFO  liquibase.util - Total change sets:            3
2026-06-19 17:57:58 [main] INFO  liquibase.util - Update summary generated
2026-06-19 17:57:58 [main] INFO  liquibase.lockservice - Successfully released change log lock
2026-06-19 17:57:58 [main] INFO  liquibase.command - Command execution complete
2026-06-19 17:57:58 [main] INFO  org.flowable.app.engine.impl.AppEngineImpl - AppEngine default created
2026-06-19 17:57:59 [main] INFO  o.s.b.actuate.endpoint.web.EndpointLinksResolver - Exposing 1 endpoint(s) beneath base path '/actuator'
2026-06-19 17:57:59 [main] INFO  o.s.security.web.DefaultSecurityFilterChain - Will secure any request with [org.springframework.security.web.session.DisableEncodeUrlFilter@2f6268d9, org.springframework.security.web.context.request.async.WebAsyncManagerIntegrationFilter@6d244c88, org.springframework.security.web.context.SecurityContextHolderFilter@7da849b0, org.springframework.security.web.header.HeaderWriterFilter@870d329, org.springframework.web.filter.CorsFilter@1885905b, org.springframework.security.web.authentication.logout.LogoutFilter@3215df08, org.xiaoxu.auth.TokenAuthenticationFilter@21b2579d, org.springframework.security.web.savedrequest.RequestCacheAwareFilter@4b6fa567, org.springframework.security.web.servletapi.SecurityContextHolderAwareRequestFilter@4897097c, org.springframework.security.web.authentication.AnonymousAuthenticationFilter@7fe0e1c2, org.springframework.security.web.session.SessionManagementFilter@109aa6d9, org.springframework.security.web.access.ExceptionTranslationFilter@36a407c1, org.springframework.security.web.access.intercept.AuthorizationFilter@762b698]
2026-06-19 17:58:00 [main] INFO  com.xxl.job.core.executor.XxlJobExecutor - >>>>>>>>>>> xxl-job register jobhandler success, name:sendFulfillmentApprovalNotify, jobHandler:com.xxl.job.core.handler.impl.MethodJobHandler@f43d6b3[class org.xiaoxu.workflow.job.ApprovalNotifyJobHandler#sendFulfillmentApprovalNotify]
2026-06-19 17:58:00 [main] INFO  com.xxl.job.core.executor.XxlJobExecutor - >>>>>>>>>>> xxl-job register jobhandler success, name:sendLeaveApprovalNotify, jobHandler:com.xxl.job.core.handler.impl.MethodJobHandler@7fa609b4[class org.xiaoxu.workflow.job.ApprovalNotifyJobHandler#sendLeaveApprovalNotify]
2026-06-19 17:58:00 [main] INFO  o.f.j.s.impl.asyncexecutor.AbstractAsyncExecutor - Starting up the async job executor [org.flowable.spring.job.service.SpringAsyncExecutor] for engine cmmn
2026-06-19 17:58:00 [Thread-8] INFO  o.f.j.s.i.asyncexecutor.ResetExpiredJobsRunnable - starting to reset expired jobs for engine cmmn
2026-06-19 17:58:00 [main] INFO  o.f.j.s.impl.asyncexecutor.AbstractAsyncExecutor - Starting up the async job executor [org.flowable.spring.job.service.SpringAsyncExecutor] for engine bpmn
2026-06-19 17:58:00 [Thread-6] INFO  o.f.j.s.i.a.AcquireAsyncJobsDueRunnable - starting to acquire async jobs due for engine cmmn
2026-06-19 17:58:00 [Thread-7] INFO  o.f.j.s.i.asyncexecutor.AcquireTimerJobsRunnable - starting to acquire async jobs due for engine cmmn
2026-06-19 17:58:00 [Thread-10] INFO  o.f.j.s.i.asyncexecutor.AcquireTimerJobsRunnable - starting to acquire async jobs due for engine bpmn
2026-06-19 17:58:00 [main] INFO  o.f.s.configurator.DefaultAutoDeploymentStrategy - Deploying resources [file [E:\programs\java_arsenal\permission-system\target\classes\processes\fulfillment-approval.bpmn20.xml], file [E:\programs\java_arsenal\permission-system\target\classes\processes\leave-request.bpmn20.xml]] for engine org.flowable.engine.impl.ProcessEngineImpl@602b9b05 deployment name hint SpringBootAutoDeployment
2026-06-19 17:58:00 [Thread-11] INFO  o.f.j.s.i.asyncexecutor.ResetExpiredJobsRunnable - starting to reset expired jobs for engine bpmn
2026-06-19 17:58:00 [Thread-9] INFO  o.f.j.s.i.a.AcquireAsyncJobsDueRunnable - starting to acquire async jobs due for engine bpmn
2026-06-19 17:58:00 [main] INFO  org.apache.coyote.http11.Http11NioProtocol - Starting ProtocolHandler ["http-nio-13690"]
2026-06-19 17:58:00 [main] INFO  o.s.boot.web.embedded.tomcat.TomcatWebServer - Tomcat started on port 13690 (http) with context path ''
2026-06-19 17:58:00 [main] INFO  org.xiaoxu.PermissionApplication - Started PermissionApplication in 14.323 seconds (process running for 15.779)
2026-06-19 17:58:00 [Thread-5] INFO  com.xxl.job.core.server.EmbedServer - >>>>>>>>>>> xxl-job remoting server start success, nettype = class com.xxl.job.core.server.EmbedServer, port = 9998
2026-06-19 17:58:00 [RMI TCP Connection(4)-192.168.1.2] INFO  o.a.c.core.ContainerBase.[Tomcat].[localhost].[/] - Initializing Spring DispatcherServlet 'dispatcherServlet'
2026-06-19 17:58:00 [RMI TCP Connection(4)-192.168.1.2] INFO  org.springframework.web.servlet.DispatcherServlet - Initializing Servlet 'dispatcherServlet'
2026-06-19 17:58:00 [RMI TCP Connection(4)-192.168.1.2] INFO  org.springframework.web.servlet.DispatcherServlet - Completed initialization in 3 ms
2026-06-19 17:58:07 [http-nio-13690-exec-4] INFO  org.xiaoxu.service.MenuService - 用户[5]的角色IDs: [12]
2026-06-19 17:58:07 [http-nio-13690-exec-4] INFO  org.xiaoxu.service.MenuService - 用户[5]的菜单IDs: [100, 101, 104, 105]
2026-06-19 17:58:07 [http-nio-13690-exec-3] ERROR o.xiaoxu.common.excepiton.GlobalExceptionHandler - 权限不足：Access Denied
2026-06-19 17:58:13 [http-nio-13690-exec-8] INFO  org.xiaoxu.service.MenuService - 用户[1]的角色IDs: [1]
2026-06-19 17:58:13 [http-nio-13690-exec-8] INFO  org.xiaoxu.service.MenuService - 用户[1]的菜单IDs: [1, 2, 3, 4, 5, 6, 7, 8, 9, 10, 11, 12, 13, 14, 15, 16, 100, 101, 102, 103, 104, 105, 106, 107, 108, 109, 110]
2026-06-19 17:58:30 [http-nio-13690-exec-5] INFO  org.xiaoxu.service.MenuService - 用户[1]的角色IDs: [1]
2026-06-19 17:58:30 [http-nio-13690-exec-5] INFO  org.xiaoxu.service.MenuService - 用户[1]的菜单IDs: [1, 2, 3, 4, 5, 6, 7, 8, 9, 10, 11, 12, 13, 14, 15, 16, 100, 101, 102, 103, 104, 105, 106, 107, 108, 109, 110]
2026-06-19 17:58:31 [http-nio-13690-exec-7] INFO  org.xiaoxu.service.MenuService - 用户[1]的角色IDs: [1]
2026-06-19 17:58:31 [http-nio-13690-exec-7] INFO  org.xiaoxu.service.MenuService - 用户[1]的菜单IDs: [1, 2, 3, 4, 5, 6, 7, 8, 9, 10, 11, 12, 13, 14, 15, 16, 100, 101, 102, 103, 104, 105, 106, 107, 108, 109, 110]
2026-06-19 17:59:56 [xxl-job, EmbedServer bizThreadPool-1120499185] INFO  com.xxl.job.core.executor.XxlJobExecutor - >>>>>>>>>>> xxl-job regist JobThread success, jobId:3, handler:com.xxl.job.core.handler.impl.MethodJobHandler@7fa609b4[class org.xiaoxu.workflow.job.ApprovalNotifyJobHandler#sendLeaveApprovalNotify]
2026-06-19 17:59:56 [xxl-job, JobThread-3-1781863196506] INFO  org.xiaoxu.workflow.job.ApprovalNotifyJobHandler - 没有待通知的请假单
2026-06-19 18:00:23 [http-nio-13690-exec-9] INFO  org.xiaoxu.service.OssService - OSS 上传成功, object=avatar/2026/06/19/99fc3cce-f574-437f-be7e-75b814f5f706.png
2026-06-19 18:01:29 [http-nio-13690-exec-4] INFO  org.xiaoxu.service.MenuService - 用户[1]的角色IDs: [1]
2026-06-19 18:01:29 [http-nio-13690-exec-4] INFO  org.xiaoxu.service.MenuService - 用户[1]的菜单IDs: [1, 2, 3, 4, 5, 6, 7, 8, 9, 10, 11, 12, 13, 14, 15, 16, 100, 101, 102, 103, 104, 105, 106, 107, 108, 109, 110]
2026-06-19 18:01:29 [xxl-job, JobThread-3-1781863196506] INFO  com.xxl.job.core.thread.JobThread - >>>>>>>>>>> xxl-job JobThread stoped, hashCode:Thread[xxl-job, JobThread-3-1781863196506,10,main]
2026-06-19 18:04:49 [Thread-5] INFO  com.xxl.job.core.server.EmbedServer - >>>>>>>>>>> xxl-job remoting server stop.
2026-06-19 18:04:49 [xxl-job, executor ExecutorRegistryThread] INFO  com.xxl.job.core.thread.ExecutorRegistryThread - >>>>>>>>>>> xxl-job registry-remove success, registryParam:RegistryParam{registryGroup='EXECUTOR', registryKey='permission-job-executor', registryValue='http://192.168.1.2:9998/'}, registryResult:ReturnT [code=200, msg=null, content=null]
2026-06-19 18:04:49 [xxl-job, executor ExecutorRegistryThread] INFO  com.xxl.job.core.thread.ExecutorRegistryThread - >>>>>>>>>>> xxl-job, executor registry thread destroy.
2026-06-19 18:04:49 [SpringApplicationShutdownHook] INFO  com.xxl.job.core.server.EmbedServer - >>>>>>>>>>> xxl-job remoting server destroy success.
2026-06-19 18:04:49 [xxl-job, executor JobLogFileCleanThread] INFO  com.xxl.job.core.thread.JobLogFileCleanThread - >>>>>>>>>>> xxl-job, executor JobLogFileCleanThread thread destroy.
2026-06-19 18:04:49 [xxl-job, executor TriggerCallbackThread] INFO  com.xxl.job.core.thread.TriggerCallbackThread - >>>>>>>>>>> xxl-job, executor callback thread destroy.
2026-06-19 18:04:49 [Thread-4] INFO  com.xxl.job.core.thread.TriggerCallbackThread - >>>>>>>>>>> xxl-job, executor retry callback thread destroy.
2026-06-19 18:04:49 [SpringApplicationShutdownHook] INFO  o.f.j.s.impl.asyncexecutor.AbstractAsyncExecutor - Shutting down the async job executor [org.flowable.spring.job.service.SpringAsyncExecutor] for engine cmmn
2026-06-19 18:04:49 [flowable-cmmn-acquire-async-jobs] INFO  o.f.j.s.i.a.AcquireAsyncJobsDueRunnable - stopped async job due acquisition for engine cmmn
2026-06-19 18:04:49 [flowable-cmmn-reset-expired-jobs] INFO  o.f.j.s.i.asyncexecutor.ResetExpiredJobsRunnable - stopped resetting expired jobs for engine cmmn
2026-06-19 18:04:49 [flowable-cmmn-acquire-timer-jobs] INFO  o.f.j.s.i.asyncexecutor.AcquireTimerJobsRunnable - stopped async job due acquisition for engine cmmn
2026-06-19 18:04:49 [SpringApplicationShutdownHook] INFO  o.f.j.s.impl.asyncexecutor.AbstractAsyncExecutor - Shutting down the async job executor [org.flowable.spring.job.service.SpringAsyncExecutor] for engine bpmn
2026-06-19 18:04:49 [flowable-bpmn-acquire-async-jobs] INFO  o.f.j.s.i.a.AcquireAsyncJobsDueRunnable - stopped async job due acquisition for engine bpmn
2026-06-19 18:04:49 [flowable-bpmn-reset-expired-jobs] INFO  o.f.j.s.i.asyncexecutor.ResetExpiredJobsRunnable - stopped resetting expired jobs for engine bpmn
2026-06-19 18:04:49 [flowable-bpmn-acquire-timer-jobs] INFO  o.f.j.s.i.asyncexecutor.AcquireTimerJobsRunnable - stopped async job due acquisition for engine bpmn
2026-06-19 18:04:49 [SpringApplicationShutdownHook] INFO  com.zaxxer.hikari.HikariDataSource - HikariPool-1 - Shutdown initiated...
2026-06-19 18:04:49 [SpringApplicationShutdownHook] INFO  com.zaxxer.hikari.HikariDataSource - HikariPool-1 - Shutdown completed.
2026-06-19 18:04:54 [background-preinit] INFO  org.hibernate.validator.internal.util.Version - HV000001: Hibernate Validator 8.0.1.Final
2026-06-19 18:04:54 [main] INFO  org.xiaoxu.PermissionApplication - Starting PermissionApplication using Java 17.0.12 with PID 63676 (E:\programs\java_arsenal\permission-system\target\classes started by tingq in E:\programs\java_arsenal)
2026-06-19 18:04:54 [main] INFO  org.xiaoxu.PermissionApplication - The following 1 profile is active: "pro"
2026-06-19 18:04:55 [main] INFO  o.s.d.r.config.RepositoryConfigurationDelegate - Multiple Spring Data modules found, entering strict repository configuration mode
2026-06-19 18:04:55 [main] INFO  o.s.d.r.config.RepositoryConfigurationDelegate - Bootstrapping Spring Data Redis repositories in DEFAULT mode.
2026-06-19 18:04:55 [main] INFO  o.s.d.r.config.RepositoryConfigurationDelegate - Finished Spring Data repository scanning in 46 ms. Found 0 Redis repository interfaces.
2026-06-19 18:04:56 [main] WARN  o.s.c.s.PostProcessorRegistrationDelegate$BeanPostProcessorChecker - Bean 'com.alicp.jetcache.anno.config.JetCacheProxyConfiguration' of type [com.alicp.jetcache.anno.config.JetCacheProxyConfiguration$$SpringCGLIB$$0] is not eligible for getting processed by all BeanPostProcessors (for example: not eligible for auto-proxying). Is this bean getting eagerly injected into a currently created BeanPostProcessor [meterRegistryPostProcessor]? Check the corresponding BeanPostProcessor declaration and its dependencies.
2026-06-19 18:04:56 [main] WARN  o.s.c.s.PostProcessorRegistrationDelegate$BeanPostProcessorChecker - Bean 'com.alicp.jetcache.anno.config.CommonConfiguration' of type [com.alicp.jetcache.anno.config.CommonConfiguration$$SpringCGLIB$$0] is not eligible for getting processed by all BeanPostProcessors (for example: not eligible for auto-proxying). Is this bean getting eagerly injected into a currently created BeanPostProcessor [meterRegistryPostProcessor]? Check the corresponding BeanPostProcessor declaration and its dependencies.
2026-06-19 18:04:57 [main] INFO  o.s.boot.web.embedded.tomcat.TomcatWebServer - Tomcat initialized with port 13690 (http)
2026-06-19 18:04:57 [main] INFO  org.apache.coyote.http11.Http11NioProtocol - Initializing ProtocolHandler ["http-nio-13690"]
2026-06-19 18:04:57 [main] INFO  org.apache.catalina.core.StandardService - Starting service [Tomcat]
2026-06-19 18:04:57 [main] INFO  org.apache.catalina.core.StandardEngine - Starting Servlet engine: [Apache Tomcat/10.1.18]
2026-06-19 18:04:57 [main] INFO  o.a.c.core.ContainerBase.[Tomcat].[localhost].[/] - Initializing Spring embedded WebApplicationContext
2026-06-19 18:04:57 [main] INFO  o.s.b.w.s.c.ServletWebServerApplicationContext - Root WebApplicationContext: initialization completed in 3037 ms
2026-06-19 18:04:57 [main] INFO  org.redisson.Version - Redisson 3.24.3
2026-06-19 18:04:58 [redisson-netty-2-5] INFO  o.r.connection.pool.MasterPubSubConnectionPool - 1 connections initialized for 192.168.200.128/192.168.200.128:6379
2026-06-19 18:04:58 [redisson-netty-2-19] INFO  org.redisson.connection.pool.MasterConnectionPool - 24 connections initialized for 192.168.200.128/192.168.200.128:6379
2026-06-19 18:04:59 [main] INFO  org.xiaoxu.service.OssService - OSS 客户端初始化完成, bucket=oss-inshanghai
2026-06-19 18:04:59 [main] INFO  o.xiaoxu.workflow.approval.ApprovalHandlerRegistry - 审批回调注册完成，已注册业务: [fulfillment-approval, leave-request]
2026-06-19 18:05:00 [main] INFO  o.f.spring.boot.cmmn.CmmnEngineAutoConfiguration - No deployment resources were found for autodeployment
2026-06-19 18:05:00 [main] INFO  o.f.spring.boot.dmn.DmnEngineAutoConfiguration - No deployment resources were found for autodeployment
2026-06-19 18:05:00 [main] INFO  o.f.s.b.e.EventRegistryAutoConfiguration - No deployment resources were found for autodeployment
2026-06-19 18:05:00 [main] INFO  o.f.spring.boot.app.AppEngineAutoConfiguration - No deployment resources were found for autodeployment
2026-06-19 18:05:00 [main] INFO  o.flowable.app.spring.SpringAppEngineConfiguration - Found 5 Engine Configurators in total:
2026-06-19 18:05:00 [main] INFO  o.flowable.app.spring.SpringAppEngineConfiguration - class org.flowable.engine.spring.configurator.SpringProcessEngineConfigurator (priority:50000)
2026-06-19 18:05:00 [main] INFO  o.flowable.app.spring.SpringAppEngineConfiguration - class org.flowable.eventregistry.spring.configurator.SpringEventRegistryConfigurator (priority:100000)
2026-06-19 18:05:00 [main] INFO  o.flowable.app.spring.SpringAppEngineConfiguration - class org.flowable.idm.spring.configurator.SpringIdmEngineConfigurator (priority:150000)
2026-06-19 18:05:00 [main] INFO  o.flowable.app.spring.SpringAppEngineConfiguration - class org.flowable.dmn.spring.configurator.SpringDmnEngineConfigurator (priority:200000)
2026-06-19 18:05:00 [main] INFO  o.flowable.app.spring.SpringAppEngineConfiguration - class org.flowable.cmmn.spring.configurator.SpringCmmnEngineConfigurator (priority:500000)
2026-06-19 18:05:00 [main] INFO  o.flowable.app.spring.SpringAppEngineConfiguration - Executing beforeInit() of class org.flowable.engine.spring.configurator.SpringProcessEngineConfigurator (priority:50000)
2026-06-19 18:05:00 [main] INFO  o.flowable.app.spring.SpringAppEngineConfiguration - Executing beforeInit() of class org.flowable.eventregistry.spring.configurator.SpringEventRegistryConfigurator (priority:100000)
2026-06-19 18:05:00 [main] INFO  o.flowable.app.spring.SpringAppEngineConfiguration - Executing beforeInit() of class org.flowable.idm.spring.configurator.SpringIdmEngineConfigurator (priority:150000)
2026-06-19 18:05:00 [main] INFO  o.flowable.app.spring.SpringAppEngineConfiguration - Executing beforeInit() of class org.flowable.dmn.spring.configurator.SpringDmnEngineConfigurator (priority:200000)
2026-06-19 18:05:00 [main] INFO  o.flowable.app.spring.SpringAppEngineConfiguration - Executing beforeInit() of class org.flowable.cmmn.spring.configurator.SpringCmmnEngineConfigurator (priority:500000)
2026-06-19 18:05:00 [main] INFO  com.zaxxer.hikari.HikariDataSource - HikariPool-1 - Starting...
2026-06-19 18:05:01 [main] INFO  com.zaxxer.hikari.pool.HikariPool - HikariPool-1 - Added connection com.mysql.cj.jdbc.ConnectionImpl@e62d757
2026-06-19 18:05:01 [main] INFO  com.zaxxer.hikari.HikariDataSource - HikariPool-1 - Start completed.
2026-06-19 18:05:02 [main] INFO  o.flowable.app.spring.SpringAppEngineConfiguration - Executing configure() of class org.flowable.engine.spring.configurator.SpringProcessEngineConfigurator (priority:50000)
2026-06-19 18:05:02 [main] INFO  org.flowable.engine.impl.ProcessEngineImpl - ProcessEngine default created
2026-06-19 18:05:02 [main] INFO  o.flowable.engine.impl.cmd.ValidateV5EntitiesCmd - Total of v5 deployments found: 0
2026-06-19 18:05:02 [main] INFO  o.flowable.app.spring.SpringAppEngineConfiguration - Executing configure() of class org.flowable.eventregistry.spring.configurator.SpringEventRegistryConfigurator (priority:100000)
2026-06-19 18:05:03 [main] INFO  liquibase.changelog - Reading from `2026mysql_ds`.FLW_EV_DATABASECHANGELOG
2026-06-19 18:05:03 [main] INFO  liquibase.changelog - Reading from `2026mysql_ds`.FLW_EV_DATABASECHANGELOG
2026-06-19 18:05:03 [main] INFO  liquibase.util - UPDATE SUMMARY
2026-06-19 18:05:03 [main] INFO  liquibase.util - Run:                          0
2026-06-19 18:05:03 [main] INFO  liquibase.util - Previously run:               3
2026-06-19 18:05:03 [main] INFO  liquibase.util - Filtered out:                 0
2026-06-19 18:05:03 [main] INFO  liquibase.util - -------------------------------
2026-06-19 18:05:03 [main] INFO  liquibase.util - Total change sets:            3
2026-06-19 18:05:03 [main] INFO  liquibase.util - Update summary generated
2026-06-19 18:05:03 [main] INFO  liquibase.lockservice - Successfully released change log lock
2026-06-19 18:05:03 [main] INFO  liquibase.command - Command execution complete
2026-06-19 18:05:03 [main] INFO  o.f.eventregistry.impl.EventRegistryEngineImpl - EventRegistryEngine default created
2026-06-19 18:05:03 [main] INFO  o.flowable.app.spring.SpringAppEngineConfiguration - Executing configure() of class org.flowable.idm.spring.configurator.SpringIdmEngineConfigurator (priority:150000)
2026-06-19 18:05:03 [main] INFO  org.flowable.idm.engine.impl.IdmEngineImpl - IdmEngine default created
2026-06-19 18:05:03 [main] INFO  o.flowable.app.spring.SpringAppEngineConfiguration - Executing configure() of class org.flowable.dmn.spring.configurator.SpringDmnEngineConfigurator (priority:200000)
2026-06-19 18:05:03 [main] INFO  liquibase.changelog - Reading from `2026mysql_ds`.ACT_DMN_DATABASECHANGELOG
2026-06-19 18:05:04 [main] INFO  liquibase.changelog - Reading from `2026mysql_ds`.ACT_DMN_DATABASECHANGELOG
2026-06-19 18:05:04 [main] INFO  liquibase.util - UPDATE SUMMARY
2026-06-19 18:05:04 [main] INFO  liquibase.util - Run:                          0
2026-06-19 18:05:04 [main] INFO  liquibase.util - Previously run:               9
2026-06-19 18:05:04 [main] INFO  liquibase.util - Filtered out:                 0
2026-06-19 18:05:04 [main] INFO  liquibase.util - -------------------------------
2026-06-19 18:05:04 [main] INFO  liquibase.util - Total change sets:            9
2026-06-19 18:05:04 [main] INFO  liquibase.util - Update summary generated
2026-06-19 18:05:04 [main] INFO  liquibase.lockservice - Successfully released change log lock
2026-06-19 18:05:04 [main] INFO  liquibase.command - Command execution complete
2026-06-19 18:05:04 [main] INFO  org.flowable.dmn.engine.impl.DmnEngineImpl - DmnEngine default created
2026-06-19 18:05:04 [main] INFO  o.flowable.app.spring.SpringAppEngineConfiguration - Executing configure() of class org.flowable.cmmn.spring.configurator.SpringCmmnEngineConfigurator (priority:500000)
2026-06-19 18:05:04 [main] INFO  liquibase.changelog - Reading from `2026mysql_ds`.ACT_CMMN_DATABASECHANGELOG
2026-06-19 18:05:04 [main] INFO  liquibase.changelog - Reading from `2026mysql_ds`.ACT_CMMN_DATABASECHANGELOG
2026-06-19 18:05:04 [main] INFO  liquibase.util - UPDATE SUMMARY
2026-06-19 18:05:04 [main] INFO  liquibase.util - Run:                          0
2026-06-19 18:05:04 [main] INFO  liquibase.util - Previously run:              16
2026-06-19 18:05:04 [main] INFO  liquibase.util - Filtered out:                 1
2026-06-19 18:05:04 [main] INFO  liquibase.util - -------------------------------
2026-06-19 18:05:04 [main] INFO  liquibase.util - Total change sets:           17
2026-06-19 18:05:04 [main] INFO  liquibase.util - FILTERED CHANGE SETS SUMMARY
2026-06-19 18:05:04 [main] INFO  liquibase.util - DBMS mismatch:                1
2026-06-19 18:05:04 [main] INFO  liquibase.util - Update summary generated
2026-06-19 18:05:04 [main] INFO  liquibase.lockservice - Successfully released change log lock
2026-06-19 18:05:04 [main] INFO  liquibase.command - Command execution complete
2026-06-19 18:05:04 [main] INFO  org.flowable.cmmn.engine.impl.CmmnEngineImpl - CmmnEngine default created
2026-06-19 18:05:04 [main] INFO  liquibase.changelog - Reading from `2026mysql_ds`.ACT_APP_DATABASECHANGELOG
2026-06-19 18:05:04 [main] INFO  liquibase.changelog - Reading from `2026mysql_ds`.ACT_APP_DATABASECHANGELOG
2026-06-19 18:05:04 [main] INFO  liquibase.util - UPDATE SUMMARY
2026-06-19 18:05:04 [main] INFO  liquibase.util - Run:                          0
2026-06-19 18:05:04 [main] INFO  liquibase.util - Previously run:               3
2026-06-19 18:05:04 [main] INFO  liquibase.util - Filtered out:                 0
2026-06-19 18:05:04 [main] INFO  liquibase.util - -------------------------------
2026-06-19 18:05:04 [main] INFO  liquibase.util - Total change sets:            3
2026-06-19 18:05:04 [main] INFO  liquibase.util - Update summary generated
2026-06-19 18:05:04 [main] INFO  liquibase.lockservice - Successfully released change log lock
2026-06-19 18:05:04 [main] INFO  liquibase.command - Command execution complete
2026-06-19 18:05:04 [main] INFO  org.flowable.app.engine.impl.AppEngineImpl - AppEngine default created
2026-06-19 18:05:05 [main] INFO  o.s.b.actuate.endpoint.web.EndpointLinksResolver - Exposing 1 endpoint(s) beneath base path '/actuator'
2026-06-19 18:05:05 [main] INFO  o.s.security.web.DefaultSecurityFilterChain - Will secure any request with [org.springframework.security.web.session.DisableEncodeUrlFilter@6d244c88, org.springframework.security.web.context.request.async.WebAsyncManagerIntegrationFilter@7fe0e1c2, org.springframework.security.web.context.SecurityContextHolderFilter@384194b2, org.springframework.security.web.header.HeaderWriterFilter@2d689dc4, org.springframework.web.filter.CorsFilter@23e573e, org.springframework.security.web.authentication.logout.LogoutFilter@1c5b39ec, org.xiaoxu.auth.TokenAuthenticationFilter@87f1201, org.springframework.security.web.savedrequest.RequestCacheAwareFilter@4897097c, org.springframework.security.web.servletapi.SecurityContextHolderAwareRequestFilter@77cd3c17, org.springframework.security.web.authentication.AnonymousAuthenticationFilter@6d28d2b4, org.springframework.security.web.session.SessionManagementFilter@71004ba6, org.springframework.security.web.access.ExceptionTranslationFilter@51670993, org.springframework.security.web.access.intercept.AuthorizationFilter@5ee9866c]
2026-06-19 18:05:06 [main] INFO  com.xxl.job.core.executor.XxlJobExecutor - >>>>>>>>>>> xxl-job register jobhandler success, name:sendLeaveApprovalNotify, jobHandler:com.xxl.job.core.handler.impl.MethodJobHandler@7fa609b4[class org.xiaoxu.workflow.job.ApprovalNotifyJobHandler#sendLeaveApprovalNotify]
2026-06-19 18:05:06 [main] INFO  com.xxl.job.core.executor.XxlJobExecutor - >>>>>>>>>>> xxl-job register jobhandler success, name:sendFulfillmentApprovalNotify, jobHandler:com.xxl.job.core.handler.impl.MethodJobHandler@5a730d8f[class org.xiaoxu.workflow.job.ApprovalNotifyJobHandler#sendFulfillmentApprovalNotify]
2026-06-19 18:05:06 [main] INFO  o.f.j.s.impl.asyncexecutor.AbstractAsyncExecutor - Starting up the async job executor [org.flowable.spring.job.service.SpringAsyncExecutor] for engine cmmn
2026-06-19 18:05:06 [Thread-8] INFO  o.f.j.s.i.asyncexecutor.ResetExpiredJobsRunnable - starting to reset expired jobs for engine cmmn
2026-06-19 18:05:06 [main] INFO  o.f.j.s.impl.asyncexecutor.AbstractAsyncExecutor - Starting up the async job executor [org.flowable.spring.job.service.SpringAsyncExecutor] for engine bpmn
2026-06-19 18:05:06 [Thread-7] INFO  o.f.j.s.i.asyncexecutor.AcquireTimerJobsRunnable - starting to acquire async jobs due for engine cmmn
2026-06-19 18:05:06 [Thread-6] INFO  o.f.j.s.i.a.AcquireAsyncJobsDueRunnable - starting to acquire async jobs due for engine cmmn
2026-06-19 18:05:06 [main] INFO  o.f.s.configurator.DefaultAutoDeploymentStrategy - Deploying resources [file [E:\programs\java_arsenal\permission-system\target\classes\processes\fulfillment-approval.bpmn20.xml], file [E:\programs\java_arsenal\permission-system\target\classes\processes\leave-request.bpmn20.xml]] for engine org.flowable.engine.impl.ProcessEngineImpl@6a601152 deployment name hint SpringBootAutoDeployment
2026-06-19 18:05:06 [Thread-10] INFO  o.f.j.s.i.asyncexecutor.AcquireTimerJobsRunnable - starting to acquire async jobs due for engine bpmn
2026-06-19 18:05:06 [Thread-9] INFO  o.f.j.s.i.a.AcquireAsyncJobsDueRunnable - starting to acquire async jobs due for engine bpmn
2026-06-19 18:05:06 [Thread-11] INFO  o.f.j.s.i.asyncexecutor.ResetExpiredJobsRunnable - starting to reset expired jobs for engine bpmn
2026-06-19 18:05:06 [main] INFO  org.apache.coyote.http11.Http11NioProtocol - Starting ProtocolHandler ["http-nio-13690"]
2026-06-19 18:05:06 [main] INFO  o.s.boot.web.embedded.tomcat.TomcatWebServer - Tomcat started on port 13690 (http) with context path ''
2026-06-19 18:05:06 [main] INFO  org.xiaoxu.PermissionApplication - Started PermissionApplication in 12.981 seconds (process running for 14.233)
2026-06-19 18:05:06 [Thread-5] INFO  com.xxl.job.core.server.EmbedServer - >>>>>>>>>>> xxl-job remoting server start success, nettype = class com.xxl.job.core.server.EmbedServer, port = 9998
2026-06-19 18:05:06 [RMI TCP Connection(1)-192.168.1.2] INFO  o.a.c.core.ContainerBase.[Tomcat].[localhost].[/] - Initializing Spring DispatcherServlet 'dispatcherServlet'
2026-06-19 18:05:06 [RMI TCP Connection(1)-192.168.1.2] INFO  org.springframework.web.servlet.DispatcherServlet - Initializing Servlet 'dispatcherServlet'
2026-06-19 18:05:06 [RMI TCP Connection(1)-192.168.1.2] INFO  org.springframework.web.servlet.DispatcherServlet - Completed initialization in 3 ms
2026-06-19 18:05:19 [http-nio-13690-exec-2] INFO  org.xiaoxu.service.OssService - OSS 上传成功, object=avatar/2026/06/19/f8721581-2e02-465d-8f6e-c01cf102a62f.png
2026-06-19 18:05:22 [http-nio-13690-exec-6] INFO  org.xiaoxu.service.MenuService - 用户[1]的角色IDs: [1]
2026-06-19 18:05:22 [http-nio-13690-exec-6] INFO  org.xiaoxu.service.MenuService - 用户[1]的菜单IDs: [1, 2, 3, 4, 5, 6, 7, 8, 9, 10, 11, 12, 13, 14, 15, 16, 100, 101, 102, 103, 104, 105, 106, 107, 108, 109, 110]
2026-06-19 18:08:17 [http-nio-13690-exec-3] INFO  org.xiaoxu.service.MenuService - 用户[1]的角色IDs: [1]
2026-06-19 18:08:17 [http-nio-13690-exec-3] INFO  org.xiaoxu.service.MenuService - 用户[1]的菜单IDs: [1, 2, 3, 4, 5, 6, 7, 8, 9, 10, 11, 12, 13, 14, 15, 16, 100, 101, 102, 103, 104, 105, 106, 107, 108, 109, 110]
2026-06-19 18:09:56 [xxl-job, EmbedServer bizThreadPool-1184118369] INFO  com.xxl.job.core.executor.XxlJobExecutor - >>>>>>>>>>> xxl-job regist JobThread success, jobId:3, handler:com.xxl.job.core.handler.impl.MethodJobHandler@7fa609b4[class org.xiaoxu.workflow.job.ApprovalNotifyJobHandler#sendLeaveApprovalNotify]
2026-06-19 18:09:56 [xxl-job, JobThread-3-1781863796522] INFO  org.xiaoxu.workflow.job.ApprovalNotifyJobHandler - 没有待通知的请假单
2026-06-19 18:11:29 [xxl-job, JobThread-3-1781863796522] INFO  com.xxl.job.core.thread.JobThread - >>>>>>>>>>> xxl-job JobThread stoped, hashCode:Thread[xxl-job, JobThread-3-1781863796522,10,main]
2026-06-19 18:19:56 [xxl-job, EmbedServer bizThreadPool-494883507] INFO  com.xxl.job.core.executor.XxlJobExecutor - >>>>>>>>>>> xxl-job regist JobThread success, jobId:3, handler:com.xxl.job.core.handler.impl.MethodJobHandler@7fa609b4[class org.xiaoxu.workflow.job.ApprovalNotifyJobHandler#sendLeaveApprovalNotify]
2026-06-19 18:19:56 [xxl-job, JobThread-3-1781864396452] INFO  org.xiaoxu.workflow.job.ApprovalNotifyJobHandler - 没有待通知的请假单
2026-06-19 18:21:29 [xxl-job, JobThread-3-1781864396452] INFO  com.xxl.job.core.thread.JobThread - >>>>>>>>>>> xxl-job JobThread stoped, hashCode:Thread[xxl-job, JobThread-3-1781864396452,10,main]
2026-06-19 18:29:56 [xxl-job, EmbedServer bizThreadPool-1085789535] INFO  com.xxl.job.core.executor.XxlJobExecutor - >>>>>>>>>>> xxl-job regist JobThread success, jobId:3, handler:com.xxl.job.core.handler.impl.MethodJobHandler@7fa609b4[class org.xiaoxu.workflow.job.ApprovalNotifyJobHandler#sendLeaveApprovalNotify]
2026-06-19 18:29:56 [xxl-job, JobThread-3-1781864996471] INFO  org.xiaoxu.workflow.job.ApprovalNotifyJobHandler - 没有待通知的请假单
2026-06-19 18:31:29 [xxl-job, JobThread-3-1781864996471] INFO  com.xxl.job.core.thread.JobThread - >>>>>>>>>>> xxl-job JobThread stoped, hashCode:Thread[xxl-job, JobThread-3-1781864996471,10,main]
2026-06-19 18:39:56 [xxl-job, EmbedServer bizThreadPool-1359255239] INFO  com.xxl.job.core.executor.XxlJobExecutor - >>>>>>>>>>> xxl-job regist JobThread success, jobId:3, handler:com.xxl.job.core.handler.impl.MethodJobHandler@7fa609b4[class org.xiaoxu.workflow.job.ApprovalNotifyJobHandler#sendLeaveApprovalNotify]
2026-06-19 18:39:56 [xxl-job, JobThread-3-1781865596472] INFO  org.xiaoxu.workflow.job.ApprovalNotifyJobHandler - 没有待通知的请假单
2026-06-19 18:41:29 [xxl-job, JobThread-3-1781865596472] INFO  com.xxl.job.core.thread.JobThread - >>>>>>>>>>> xxl-job JobThread stoped, hashCode:Thread[xxl-job, JobThread-3-1781865596472,10,main]
2026-06-19 18:49:56 [xxl-job, EmbedServer bizThreadPool-613478320] INFO  com.xxl.job.core.executor.XxlJobExecutor - >>>>>>>>>>> xxl-job regist JobThread success, jobId:3, handler:com.xxl.job.core.handler.impl.MethodJobHandler@7fa609b4[class org.xiaoxu.workflow.job.ApprovalNotifyJobHandler#sendLeaveApprovalNotify]
2026-06-19 18:49:56 [xxl-job, JobThread-3-1781866196499] INFO  org.xiaoxu.workflow.job.ApprovalNotifyJobHandler - 没有待通知的请假单
2026-06-19 18:51:29 [xxl-job, JobThread-3-1781866196499] INFO  com.xxl.job.core.thread.JobThread - >>>>>>>>>>> xxl-job JobThread stoped, hashCode:Thread[xxl-job, JobThread-3-1781866196499,10,main]
2026-06-19 18:59:56 [xxl-job, EmbedServer bizThreadPool-1235014830] INFO  com.xxl.job.core.executor.XxlJobExecutor - >>>>>>>>>>> xxl-job regist JobThread success, jobId:3, handler:com.xxl.job.core.handler.impl.MethodJobHandler@7fa609b4[class org.xiaoxu.workflow.job.ApprovalNotifyJobHandler#sendLeaveApprovalNotify]
2026-06-19 18:59:56 [xxl-job, JobThread-3-1781866796519] INFO  org.xiaoxu.workflow.job.ApprovalNotifyJobHandler - 没有待通知的请假单
2026-06-19 19:01:29 [xxl-job, JobThread-3-1781866796519] INFO  com.xxl.job.core.thread.JobThread - >>>>>>>>>>> xxl-job JobThread stoped, hashCode:Thread[xxl-job, JobThread-3-1781866796519,10,main]
2026-06-19 19:08:30 [http-nio-13690-exec-6] INFO  org.xiaoxu.service.MenuService - 用户[1]的角色IDs: [1]
2026-06-19 19:08:30 [http-nio-13690-exec-6] INFO  org.xiaoxu.service.MenuService - 用户[1]的菜单IDs: [1, 2, 3, 4, 5, 6, 7, 8, 9, 10, 11, 12, 13, 14, 15, 16, 100, 101, 102, 103, 104, 105, 106, 107, 108, 109, 110]
2026-06-19 19:09:30 [http-nio-13690-exec-3] INFO  org.xiaoxu.service.MenuService - 用户[2]的角色IDs: [3]
2026-06-19 19:09:30 [http-nio-13690-exec-3] INFO  org.xiaoxu.service.MenuService - 用户[2]的菜单IDs: [3, 4, 6, 10]
2026-06-19 19:09:56 [xxl-job, EmbedServer bizThreadPool-2063910970] INFO  com.xxl.job.core.executor.XxlJobExecutor - >>>>>>>>>>> xxl-job regist JobThread success, jobId:3, handler:com.xxl.job.core.handler.impl.MethodJobHandler@7fa609b4[class org.xiaoxu.workflow.job.ApprovalNotifyJobHandler#sendLeaveApprovalNotify]
2026-06-19 19:09:56 [xxl-job, JobThread-3-1781867396556] INFO  org.xiaoxu.workflow.job.ApprovalNotifyJobHandler - 没有待通知的请假单
2026-06-19 19:10:43 [http-nio-13690-exec-2] INFO  org.xiaoxu.service.OssService - OSS 上传成功, object=avatar/2026/06/19/a37cc9e9-d47a-4411-ac1b-ad8d18614619.png
2026-06-19 19:10:47 [http-nio-13690-exec-9] INFO  org.xiaoxu.service.MenuService - 用户[2]的角色IDs: [3]
2026-06-19 19:10:47 [http-nio-13690-exec-9] INFO  org.xiaoxu.service.MenuService - 用户[2]的菜单IDs: [3, 4, 6, 10]
2026-06-19 19:11:29 [xxl-job, JobThread-3-1781867396556] INFO  com.xxl.job.core.thread.JobThread - >>>>>>>>>>> xxl-job JobThread stoped, hashCode:Thread[xxl-job, JobThread-3-1781867396556,10,main]
2026-06-19 19:12:14 [http-nio-13690-exec-9] INFO  org.xiaoxu.service.MenuService - 用户[2]的角色IDs: [3]
2026-06-19 19:12:14 [http-nio-13690-exec-9] INFO  org.xiaoxu.service.MenuService - 用户[2]的菜单IDs: [3, 4, 6, 10]
2026-06-19 19:12:20 [http-nio-13690-exec-2] INFO  org.xiaoxu.service.MenuService - 用户[2]的角色IDs: [3]
2026-06-19 19:12:20 [http-nio-13690-exec-2] INFO  org.xiaoxu.service.MenuService - 用户[2]的菜单IDs: [3, 4, 6, 10]
2026-06-19 19:12:21 [http-nio-13690-exec-9] INFO  org.xiaoxu.service.MenuService - 用户[2]的角色IDs: [3]
2026-06-19 19:12:21 [http-nio-13690-exec-9] INFO  org.xiaoxu.service.MenuService - 用户[2]的菜单IDs: [3, 4, 6, 10]
2026-06-19 19:13:39 [http-nio-13690-exec-5] INFO  org.xiaoxu.service.MenuService - 用户[2]的角色IDs: [3]
2026-06-19 19:13:39 [http-nio-13690-exec-5] INFO  org.xiaoxu.service.MenuService - 用户[2]的菜单IDs: [3, 4, 6, 10]
2026-06-19 19:15:06 [Thread-5] INFO  com.xxl.job.core.server.EmbedServer - >>>>>>>>>>> xxl-job remoting server stop.
2026-06-19 19:15:06 [xxl-job, executor ExecutorRegistryThread] INFO  com.xxl.job.core.thread.ExecutorRegistryThread - >>>>>>>>>>> xxl-job registry-remove success, registryParam:RegistryParam{registryGroup='EXECUTOR', registryKey='permission-job-executor', registryValue='http://192.168.1.2:9998/'}, registryResult:ReturnT [code=200, msg=null, content=null]
2026-06-19 19:15:06 [xxl-job, executor ExecutorRegistryThread] INFO  com.xxl.job.core.thread.ExecutorRegistryThread - >>>>>>>>>>> xxl-job, executor registry thread destroy.
2026-06-19 19:15:06 [SpringApplicationShutdownHook] INFO  com.xxl.job.core.server.EmbedServer - >>>>>>>>>>> xxl-job remoting server destroy success.
2026-06-19 19:15:06 [xxl-job, executor JobLogFileCleanThread] INFO  com.xxl.job.core.thread.JobLogFileCleanThread - >>>>>>>>>>> xxl-job, executor JobLogFileCleanThread thread destroy.
2026-06-19 19:15:06 [xxl-job, executor TriggerCallbackThread] INFO  com.xxl.job.core.thread.TriggerCallbackThread - >>>>>>>>>>> xxl-job, executor callback thread destroy.
2026-06-19 19:15:06 [Thread-4] INFO  com.xxl.job.core.thread.TriggerCallbackThread - >>>>>>>>>>> xxl-job, executor retry callback thread destroy.
2026-06-19 19:15:06 [SpringApplicationShutdownHook] INFO  o.f.j.s.impl.asyncexecutor.AbstractAsyncExecutor - Shutting down the async job executor [org.flowable.spring.job.service.SpringAsyncExecutor] for engine cmmn
2026-06-19 19:15:06 [flowable-cmmn-acquire-async-jobs] INFO  o.f.j.s.i.a.AcquireAsyncJobsDueRunnable - stopped async job due acquisition for engine cmmn
2026-06-19 19:15:06 [flowable-cmmn-reset-expired-jobs] INFO  o.f.j.s.i.asyncexecutor.ResetExpiredJobsRunnable - stopped resetting expired jobs for engine cmmn
2026-06-19 19:15:06 [flowable-cmmn-acquire-timer-jobs] INFO  o.f.j.s.i.asyncexecutor.AcquireTimerJobsRunnable - stopped async job due acquisition for engine cmmn
2026-06-19 19:15:06 [SpringApplicationShutdownHook] INFO  o.f.j.s.impl.asyncexecutor.AbstractAsyncExecutor - Shutting down the async job executor [org.flowable.spring.job.service.SpringAsyncExecutor] for engine bpmn
2026-06-19 19:15:06 [flowable-bpmn-reset-expired-jobs] INFO  o.f.j.s.i.asyncexecutor.ResetExpiredJobsRunnable - stopped resetting expired jobs for engine bpmn
2026-06-19 19:15:06 [flowable-bpmn-acquire-async-jobs] INFO  o.f.j.s.i.a.AcquireAsyncJobsDueRunnable - stopped async job due acquisition for engine bpmn
2026-06-19 19:15:06 [flowable-bpmn-acquire-timer-jobs] INFO  o.f.j.s.i.asyncexecutor.AcquireTimerJobsRunnable - stopped async job due acquisition for engine bpmn
2026-06-19 19:15:07 [SpringApplicationShutdownHook] INFO  com.zaxxer.hikari.HikariDataSource - HikariPool-1 - Shutdown initiated...
2026-06-19 19:15:07 [SpringApplicationShutdownHook] INFO  com.zaxxer.hikari.HikariDataSource - HikariPool-1 - Shutdown completed.
2026-06-19 19:15:13 [background-preinit] INFO  org.hibernate.validator.internal.util.Version - HV000001: Hibernate Validator 8.0.1.Final
2026-06-19 19:15:13 [main] INFO  org.xiaoxu.PermissionApplication - Starting PermissionApplication using Java 17.0.12 with PID 21572 (E:\programs\java_arsenal\permission-system\target\classes started by tingq in E:\programs\java_arsenal)
2026-06-19 19:15:13 [main] INFO  org.xiaoxu.PermissionApplication - The following 1 profile is active: "pro"
2026-06-19 19:15:14 [main] INFO  o.s.d.r.config.RepositoryConfigurationDelegate - Multiple Spring Data modules found, entering strict repository configuration mode
2026-06-19 19:15:14 [main] INFO  o.s.d.r.config.RepositoryConfigurationDelegate - Bootstrapping Spring Data Redis repositories in DEFAULT mode.
2026-06-19 19:15:15 [main] INFO  o.s.d.r.config.RepositoryConfigurationDelegate - Finished Spring Data repository scanning in 45 ms. Found 0 Redis repository interfaces.
2026-06-19 19:15:15 [main] WARN  o.s.c.s.PostProcessorRegistrationDelegate$BeanPostProcessorChecker - Bean 'com.alicp.jetcache.anno.config.JetCacheProxyConfiguration' of type [com.alicp.jetcache.anno.config.JetCacheProxyConfiguration$$SpringCGLIB$$0] is not eligible for getting processed by all BeanPostProcessors (for example: not eligible for auto-proxying). Is this bean getting eagerly injected into a currently created BeanPostProcessor [meterRegistryPostProcessor]? Check the corresponding BeanPostProcessor declaration and its dependencies.
2026-06-19 19:15:15 [main] WARN  o.s.c.s.PostProcessorRegistrationDelegate$BeanPostProcessorChecker - Bean 'com.alicp.jetcache.anno.config.CommonConfiguration' of type [com.alicp.jetcache.anno.config.CommonConfiguration$$SpringCGLIB$$0] is not eligible for getting processed by all BeanPostProcessors (for example: not eligible for auto-proxying). Is this bean getting eagerly injected into a currently created BeanPostProcessor [meterRegistryPostProcessor]? Check the corresponding BeanPostProcessor declaration and its dependencies.
2026-06-19 19:15:16 [main] INFO  o.s.boot.web.embedded.tomcat.TomcatWebServer - Tomcat initialized with port 13690 (http)
2026-06-19 19:15:16 [main] INFO  org.apache.coyote.http11.Http11NioProtocol - Initializing ProtocolHandler ["http-nio-13690"]
2026-06-19 19:15:16 [main] INFO  org.apache.catalina.core.StandardService - Starting service [Tomcat]
2026-06-19 19:15:16 [main] INFO  org.apache.catalina.core.StandardEngine - Starting Servlet engine: [Apache Tomcat/10.1.18]
2026-06-19 19:15:16 [main] INFO  o.a.c.core.ContainerBase.[Tomcat].[localhost].[/] - Initializing Spring embedded WebApplicationContext
2026-06-19 19:15:16 [main] INFO  o.s.b.w.s.c.ServletWebServerApplicationContext - Root WebApplicationContext: initialization completed in 3436 ms
2026-06-19 19:15:17 [main] INFO  org.redisson.Version - Redisson 3.24.3
2026-06-19 19:15:17 [redisson-netty-2-5] INFO  o.r.connection.pool.MasterPubSubConnectionPool - 1 connections initialized for 192.168.200.128/192.168.200.128:6379
2026-06-19 19:15:17 [redisson-netty-2-19] INFO  org.redisson.connection.pool.MasterConnectionPool - 24 connections initialized for 192.168.200.128/192.168.200.128:6379
2026-06-19 19:15:19 [main] INFO  org.xiaoxu.service.OssService - OSS 客户端初始化完成, bucket=oss-inshanghai
2026-06-19 19:15:19 [main] INFO  o.xiaoxu.workflow.approval.ApprovalHandlerRegistry - 审批回调注册完成，已注册业务: [fulfillment-approval, leave-request]
2026-06-19 19:15:19 [main] INFO  o.f.spring.boot.cmmn.CmmnEngineAutoConfiguration - No deployment resources were found for autodeployment
2026-06-19 19:15:20 [main] INFO  o.f.spring.boot.dmn.DmnEngineAutoConfiguration - No deployment resources were found for autodeployment
2026-06-19 19:15:20 [main] INFO  o.f.s.b.e.EventRegistryAutoConfiguration - No deployment resources were found for autodeployment
2026-06-19 19:15:20 [main] INFO  o.f.spring.boot.app.AppEngineAutoConfiguration - No deployment resources were found for autodeployment
2026-06-19 19:15:20 [main] INFO  o.flowable.app.spring.SpringAppEngineConfiguration - Found 5 Engine Configurators in total:
2026-06-19 19:15:20 [main] INFO  o.flowable.app.spring.SpringAppEngineConfiguration - class org.flowable.engine.spring.configurator.SpringProcessEngineConfigurator (priority:50000)
2026-06-19 19:15:20 [main] INFO  o.flowable.app.spring.SpringAppEngineConfiguration - class org.flowable.eventregistry.spring.configurator.SpringEventRegistryConfigurator (priority:100000)
2026-06-19 19:15:20 [main] INFO  o.flowable.app.spring.SpringAppEngineConfiguration - class org.flowable.idm.spring.configurator.SpringIdmEngineConfigurator (priority:150000)
2026-06-19 19:15:20 [main] INFO  o.flowable.app.spring.SpringAppEngineConfiguration - class org.flowable.dmn.spring.configurator.SpringDmnEngineConfigurator (priority:200000)
2026-06-19 19:15:20 [main] INFO  o.flowable.app.spring.SpringAppEngineConfiguration - class org.flowable.cmmn.spring.configurator.SpringCmmnEngineConfigurator (priority:500000)
2026-06-19 19:15:20 [main] INFO  o.flowable.app.spring.SpringAppEngineConfiguration - Executing beforeInit() of class org.flowable.engine.spring.configurator.SpringProcessEngineConfigurator (priority:50000)
2026-06-19 19:15:20 [main] INFO  o.flowable.app.spring.SpringAppEngineConfiguration - Executing beforeInit() of class org.flowable.eventregistry.spring.configurator.SpringEventRegistryConfigurator (priority:100000)
2026-06-19 19:15:20 [main] INFO  o.flowable.app.spring.SpringAppEngineConfiguration - Executing beforeInit() of class org.flowable.idm.spring.configurator.SpringIdmEngineConfigurator (priority:150000)
2026-06-19 19:15:20 [main] INFO  o.flowable.app.spring.SpringAppEngineConfiguration - Executing beforeInit() of class org.flowable.dmn.spring.configurator.SpringDmnEngineConfigurator (priority:200000)
2026-06-19 19:15:20 [main] INFO  o.flowable.app.spring.SpringAppEngineConfiguration - Executing beforeInit() of class org.flowable.cmmn.spring.configurator.SpringCmmnEngineConfigurator (priority:500000)
2026-06-19 19:15:20 [main] INFO  com.zaxxer.hikari.HikariDataSource - HikariPool-1 - Starting...
2026-06-19 19:15:20 [main] INFO  com.zaxxer.hikari.pool.HikariPool - HikariPool-1 - Added connection com.mysql.cj.jdbc.ConnectionImpl@63069995
2026-06-19 19:15:20 [main] INFO  com.zaxxer.hikari.HikariDataSource - HikariPool-1 - Start completed.
2026-06-19 19:15:21 [main] INFO  o.flowable.app.spring.SpringAppEngineConfiguration - Executing configure() of class org.flowable.engine.spring.configurator.SpringProcessEngineConfigurator (priority:50000)
2026-06-19 19:15:22 [main] INFO  org.flowable.engine.impl.ProcessEngineImpl - ProcessEngine default created
2026-06-19 19:15:22 [main] INFO  o.flowable.engine.impl.cmd.ValidateV5EntitiesCmd - Total of v5 deployments found: 0
2026-06-19 19:15:22 [main] INFO  o.flowable.app.spring.SpringAppEngineConfiguration - Executing configure() of class org.flowable.eventregistry.spring.configurator.SpringEventRegistryConfigurator (priority:100000)
2026-06-19 19:15:23 [main] INFO  liquibase.changelog - Reading from `2026mysql_ds`.FLW_EV_DATABASECHANGELOG
2026-06-19 19:15:23 [main] INFO  liquibase.changelog - Reading from `2026mysql_ds`.FLW_EV_DATABASECHANGELOG
2026-06-19 19:15:23 [main] INFO  liquibase.util - UPDATE SUMMARY
2026-06-19 19:15:23 [main] INFO  liquibase.util - Run:                          0
2026-06-19 19:15:23 [main] INFO  liquibase.util - Previously run:               3
2026-06-19 19:15:23 [main] INFO  liquibase.util - Filtered out:                 0
2026-06-19 19:15:23 [main] INFO  liquibase.util - -------------------------------
2026-06-19 19:15:23 [main] INFO  liquibase.util - Total change sets:            3
2026-06-19 19:15:23 [main] INFO  liquibase.util - Update summary generated
2026-06-19 19:15:23 [main] INFO  liquibase.lockservice - Successfully released change log lock
2026-06-19 19:15:23 [main] INFO  liquibase.command - Command execution complete
2026-06-19 19:15:23 [main] INFO  o.f.eventregistry.impl.EventRegistryEngineImpl - EventRegistryEngine default created
2026-06-19 19:15:23 [main] INFO  o.flowable.app.spring.SpringAppEngineConfiguration - Executing configure() of class org.flowable.idm.spring.configurator.SpringIdmEngineConfigurator (priority:150000)
2026-06-19 19:15:23 [main] INFO  org.flowable.idm.engine.impl.IdmEngineImpl - IdmEngine default created
2026-06-19 19:15:23 [main] INFO  o.flowable.app.spring.SpringAppEngineConfiguration - Executing configure() of class org.flowable.dmn.spring.configurator.SpringDmnEngineConfigurator (priority:200000)
2026-06-19 19:15:23 [main] INFO  liquibase.changelog - Reading from `2026mysql_ds`.ACT_DMN_DATABASECHANGELOG
2026-06-19 19:15:23 [main] INFO  liquibase.changelog - Reading from `2026mysql_ds`.ACT_DMN_DATABASECHANGELOG
2026-06-19 19:15:23 [main] INFO  liquibase.util - UPDATE SUMMARY
2026-06-19 19:15:23 [main] INFO  liquibase.util - Run:                          0
2026-06-19 19:15:23 [main] INFO  liquibase.util - Previously run:               9
2026-06-19 19:15:23 [main] INFO  liquibase.util - Filtered out:                 0
2026-06-19 19:15:23 [main] INFO  liquibase.util - -------------------------------
2026-06-19 19:15:23 [main] INFO  liquibase.util - Total change sets:            9
2026-06-19 19:15:23 [main] INFO  liquibase.util - Update summary generated
2026-06-19 19:15:23 [main] INFO  liquibase.lockservice - Successfully released change log lock
2026-06-19 19:15:23 [main] INFO  liquibase.command - Command execution complete
2026-06-19 19:15:23 [main] INFO  org.flowable.dmn.engine.impl.DmnEngineImpl - DmnEngine default created
2026-06-19 19:15:23 [main] INFO  o.flowable.app.spring.SpringAppEngineConfiguration - Executing configure() of class org.flowable.cmmn.spring.configurator.SpringCmmnEngineConfigurator (priority:500000)
2026-06-19 19:15:24 [main] INFO  liquibase.changelog - Reading from `2026mysql_ds`.ACT_CMMN_DATABASECHANGELOG
2026-06-19 19:15:24 [main] INFO  liquibase.changelog - Reading from `2026mysql_ds`.ACT_CMMN_DATABASECHANGELOG
2026-06-19 19:15:24 [main] INFO  liquibase.util - UPDATE SUMMARY
2026-06-19 19:15:24 [main] INFO  liquibase.util - Run:                          0
2026-06-19 19:15:24 [main] INFO  liquibase.util - Previously run:              16
2026-06-19 19:15:24 [main] INFO  liquibase.util - Filtered out:                 1
2026-06-19 19:15:24 [main] INFO  liquibase.util - -------------------------------
2026-06-19 19:15:24 [main] INFO  liquibase.util - Total change sets:           17
2026-06-19 19:15:24 [main] INFO  liquibase.util - FILTERED CHANGE SETS SUMMARY
2026-06-19 19:15:24 [main] INFO  liquibase.util - DBMS mismatch:                1
2026-06-19 19:15:24 [main] INFO  liquibase.util - Update summary generated
2026-06-19 19:15:24 [main] INFO  liquibase.lockservice - Successfully released change log lock
2026-06-19 19:15:24 [main] INFO  liquibase.command - Command execution complete
2026-06-19 19:15:24 [main] INFO  org.flowable.cmmn.engine.impl.CmmnEngineImpl - CmmnEngine default created
2026-06-19 19:15:24 [main] INFO  liquibase.changelog - Reading from `2026mysql_ds`.ACT_APP_DATABASECHANGELOG
2026-06-19 19:15:24 [main] INFO  liquibase.changelog - Reading from `2026mysql_ds`.ACT_APP_DATABASECHANGELOG
2026-06-19 19:15:24 [main] INFO  liquibase.util - UPDATE SUMMARY
2026-06-19 19:15:24 [main] INFO  liquibase.util - Run:                          0
2026-06-19 19:15:24 [main] INFO  liquibase.util - Previously run:               3
2026-06-19 19:15:24 [main] INFO  liquibase.util - Filtered out:                 0
2026-06-19 19:15:24 [main] INFO  liquibase.util - -------------------------------
2026-06-19 19:15:24 [main] INFO  liquibase.util - Total change sets:            3
2026-06-19 19:15:24 [main] INFO  liquibase.util - Update summary generated
2026-06-19 19:15:24 [main] INFO  liquibase.lockservice - Successfully released change log lock
2026-06-19 19:15:24 [main] INFO  liquibase.command - Command execution complete
2026-06-19 19:15:24 [main] INFO  org.flowable.app.engine.impl.AppEngineImpl - AppEngine default created
2026-06-19 19:15:25 [main] INFO  o.s.b.actuate.endpoint.web.EndpointLinksResolver - Exposing 1 endpoint(s) beneath base path '/actuator'
2026-06-19 19:15:25 [main] INFO  o.s.security.web.DefaultSecurityFilterChain - Will secure any request with [org.springframework.security.web.session.DisableEncodeUrlFilter@762b698, org.springframework.security.web.context.request.async.WebAsyncManagerIntegrationFilter@5ee9866c, org.springframework.security.web.context.SecurityContextHolderFilter@71004ba6, org.springframework.security.web.header.HeaderWriterFilter@36a407c1, org.springframework.web.filter.CorsFilter@386f88b3, org.springframework.security.web.authentication.logout.LogoutFilter@64cadc04, org.xiaoxu.auth.TokenAuthenticationFilter@22ea6051, org.springframework.security.web.savedrequest.RequestCacheAwareFilter@7da849b0, org.springframework.security.web.servletapi.SecurityContextHolderAwareRequestFilter@384194b2, org.springframework.security.web.authentication.AnonymousAuthenticationFilter@2f6268d9, org.springframework.security.web.session.SessionManagementFilter@33d2afd9, org.springframework.security.web.access.ExceptionTranslationFilter@fbace98, org.springframework.security.web.access.intercept.AuthorizationFilter@7cc1a777]
2026-06-19 19:15:26 [main] INFO  com.xxl.job.core.executor.XxlJobExecutor - >>>>>>>>>>> xxl-job register jobhandler success, name:sendLeaveApprovalNotify, jobHandler:com.xxl.job.core.handler.impl.MethodJobHandler@4f2d4ba4[class org.xiaoxu.workflow.job.ApprovalNotifyJobHandler#sendLeaveApprovalNotify]
2026-06-19 19:15:26 [main] INFO  com.xxl.job.core.executor.XxlJobExecutor - >>>>>>>>>>> xxl-job register jobhandler success, name:sendFulfillmentApprovalNotify, jobHandler:com.xxl.job.core.handler.impl.MethodJobHandler@cf75f6c[class org.xiaoxu.workflow.job.ApprovalNotifyJobHandler#sendFulfillmentApprovalNotify]
2026-06-19 19:15:26 [main] INFO  o.f.j.s.impl.asyncexecutor.AbstractAsyncExecutor - Starting up the async job executor [org.flowable.spring.job.service.SpringAsyncExecutor] for engine cmmn
2026-06-19 19:15:26 [Thread-8] INFO  o.f.j.s.i.asyncexecutor.ResetExpiredJobsRunnable - starting to reset expired jobs for engine cmmn
2026-06-19 19:15:26 [main] INFO  o.f.j.s.impl.asyncexecutor.AbstractAsyncExecutor - Starting up the async job executor [org.flowable.spring.job.service.SpringAsyncExecutor] for engine bpmn
2026-06-19 19:15:26 [Thread-6] INFO  o.f.j.s.i.a.AcquireAsyncJobsDueRunnable - starting to acquire async jobs due for engine cmmn
2026-06-19 19:15:26 [Thread-7] INFO  o.f.j.s.i.asyncexecutor.AcquireTimerJobsRunnable - starting to acquire async jobs due for engine cmmn
2026-06-19 19:15:26 [Thread-9] INFO  o.f.j.s.i.a.AcquireAsyncJobsDueRunnable - starting to acquire async jobs due for engine bpmn
2026-06-19 19:15:26 [main] INFO  o.f.s.configurator.DefaultAutoDeploymentStrategy - Deploying resources [file [E:\programs\java_arsenal\permission-system\target\classes\processes\fulfillment-approval.bpmn20.xml], file [E:\programs\java_arsenal\permission-system\target\classes\processes\leave-request.bpmn20.xml]] for engine org.flowable.engine.impl.ProcessEngineImpl@7ed0df52 deployment name hint SpringBootAutoDeployment
2026-06-19 19:15:26 [Thread-10] INFO  o.f.j.s.i.asyncexecutor.AcquireTimerJobsRunnable - starting to acquire async jobs due for engine bpmn
2026-06-19 19:15:26 [Thread-11] INFO  o.f.j.s.i.asyncexecutor.ResetExpiredJobsRunnable - starting to reset expired jobs for engine bpmn
2026-06-19 19:15:26 [main] INFO  org.apache.coyote.http11.Http11NioProtocol - Starting ProtocolHandler ["http-nio-13690"]
2026-06-19 19:15:26 [main] INFO  o.s.boot.web.embedded.tomcat.TomcatWebServer - Tomcat started on port 13690 (http) with context path ''
2026-06-19 19:15:26 [main] INFO  org.xiaoxu.PermissionApplication - Started PermissionApplication in 14.302 seconds (process running for 15.693)
2026-06-19 19:15:26 [Thread-5] INFO  com.xxl.job.core.server.EmbedServer - >>>>>>>>>>> xxl-job remoting server start success, nettype = class com.xxl.job.core.server.EmbedServer, port = 9998
2026-06-19 19:15:27 [RMI TCP Connection(5)-192.168.1.2] INFO  o.a.c.core.ContainerBase.[Tomcat].[localhost].[/] - Initializing Spring DispatcherServlet 'dispatcherServlet'
2026-06-19 19:15:27 [RMI TCP Connection(5)-192.168.1.2] INFO  org.springframework.web.servlet.DispatcherServlet - Initializing Servlet 'dispatcherServlet'
2026-06-19 19:15:27 [RMI TCP Connection(5)-192.168.1.2] INFO  org.springframework.web.servlet.DispatcherServlet - Completed initialization in 2 ms
2026-06-19 19:16:34 [http-nio-13690-exec-4] INFO  org.xiaoxu.service.MenuService - 用户[2]的角色IDs: [3]
2026-06-19 19:16:34 [http-nio-13690-exec-4] INFO  org.xiaoxu.service.MenuService - 用户[2]的菜单IDs: [3, 4, 6, 10]
2026-06-19 19:19:56 [xxl-job, EmbedServer bizThreadPool-159062224] INFO  com.xxl.job.core.executor.XxlJobExecutor - >>>>>>>>>>> xxl-job regist JobThread success, jobId:3, handler:com.xxl.job.core.handler.impl.MethodJobHandler@4f2d4ba4[class org.xiaoxu.workflow.job.ApprovalNotifyJobHandler#sendLeaveApprovalNotify]
2026-06-19 19:19:56 [xxl-job, JobThread-3-1781867996631] INFO  org.xiaoxu.workflow.job.ApprovalNotifyJobHandler - 没有待通知的请假单
2026-06-19 19:21:14 [http-nio-13690-exec-6] INFO  org.xiaoxu.service.MenuService - 用户[2]的角色IDs: [3]
2026-06-19 19:21:14 [http-nio-13690-exec-6] INFO  org.xiaoxu.service.MenuService - 用户[2]的菜单IDs: [3, 4, 6, 10]
2026-06-19 19:21:29 [xxl-job, JobThread-3-1781867996631] INFO  com.xxl.job.core.thread.JobThread - >>>>>>>>>>> xxl-job JobThread stoped, hashCode:Thread[xxl-job, JobThread-3-1781867996631,10,main]
2026-06-19 19:22:26 [http-nio-13690-exec-1] INFO  org.xiaoxu.service.MenuService - 用户[2]的角色IDs: [3]
2026-06-19 19:22:26 [http-nio-13690-exec-1] INFO  org.xiaoxu.service.MenuService - 用户[2]的菜单IDs: [3, 4, 6, 10]
2026-06-19 19:22:57 [http-nio-13690-exec-7] INFO  org.xiaoxu.service.MenuService - 用户[2]的角色IDs: [3]
2026-06-19 19:22:57 [http-nio-13690-exec-7] INFO  org.xiaoxu.service.MenuService - 用户[2]的菜单IDs: [3, 4, 6, 10]
2026-06-19 19:23:18 [http-nio-13690-exec-9] INFO  org.xiaoxu.service.MenuService - 用户[1]的角色IDs: [1]
2026-06-19 19:23:18 [http-nio-13690-exec-9] INFO  org.xiaoxu.service.MenuService - 用户[1]的菜单IDs: [1, 2, 3, 4, 5, 6, 7, 8, 9, 10, 11, 12, 13, 14, 15, 16, 100, 101, 102, 103, 104, 105, 106, 107, 108, 109, 110]
2026-06-19 19:24:06 [http-nio-13690-exec-10] INFO  org.xiaoxu.service.MenuService - 用户[1]的角色IDs: [1]
2026-06-19 19:24:06 [http-nio-13690-exec-10] INFO  org.xiaoxu.service.MenuService - 用户[1]的菜单IDs: [1, 2, 3, 4, 5, 6, 7, 8, 9, 10, 11, 12, 13, 14, 15, 16, 100, 101, 102, 103, 104, 105, 106, 107, 108, 109, 110]
2026-06-19 19:24:08 [http-nio-13690-exec-9] INFO  org.xiaoxu.service.MenuService - 用户[1]的角色IDs: [1]
2026-06-19 19:24:08 [http-nio-13690-exec-9] INFO  org.xiaoxu.service.MenuService - 用户[1]的菜单IDs: [1, 2, 3, 4, 5, 6, 7, 8, 9, 10, 11, 12, 13, 14, 15, 16, 100, 101, 102, 103, 104, 105, 106, 107, 108, 109, 110]
2026-06-19 19:24:12 [http-nio-13690-exec-1] INFO  org.xiaoxu.service.MenuService - 用户[4]的角色IDs: [11]
2026-06-19 19:24:12 [http-nio-13690-exec-1] INFO  org.xiaoxu.service.MenuService - 用户[4]的菜单IDs: [100, 101, 104, 105]
2026-06-19 19:29:18 [Thread-5] INFO  com.xxl.job.core.server.EmbedServer - >>>>>>>>>>> xxl-job remoting server stop.
2026-06-19 19:29:18 [xxl-job, executor ExecutorRegistryThread] INFO  com.xxl.job.core.thread.ExecutorRegistryThread - >>>>>>>>>>> xxl-job registry-remove success, registryParam:RegistryParam{registryGroup='EXECUTOR', registryKey='permission-job-executor', registryValue='http://192.168.1.2:9998/'}, registryResult:ReturnT [code=200, msg=null, content=null]
2026-06-19 19:29:18 [xxl-job, executor ExecutorRegistryThread] INFO  com.xxl.job.core.thread.ExecutorRegistryThread - >>>>>>>>>>> xxl-job, executor registry thread destroy.
2026-06-19 19:29:18 [SpringApplicationShutdownHook] INFO  com.xxl.job.core.server.EmbedServer - >>>>>>>>>>> xxl-job remoting server destroy success.
2026-06-19 19:29:18 [xxl-job, executor JobLogFileCleanThread] INFO  com.xxl.job.core.thread.JobLogFileCleanThread - >>>>>>>>>>> xxl-job, executor JobLogFileCleanThread thread destroy.
2026-06-19 19:29:18 [xxl-job, executor TriggerCallbackThread] INFO  com.xxl.job.core.thread.TriggerCallbackThread - >>>>>>>>>>> xxl-job, executor callback thread destroy.
2026-06-19 19:29:18 [Thread-4] INFO  com.xxl.job.core.thread.TriggerCallbackThread - >>>>>>>>>>> xxl-job, executor retry callback thread destroy.
2026-06-19 19:29:18 [SpringApplicationShutdownHook] INFO  o.f.j.s.impl.asyncexecutor.AbstractAsyncExecutor - Shutting down the async job executor [org.flowable.spring.job.service.SpringAsyncExecutor] for engine cmmn
2026-06-19 19:29:18 [flowable-cmmn-acquire-async-jobs] INFO  o.f.j.s.i.a.AcquireAsyncJobsDueRunnable - stopped async job due acquisition for engine cmmn
2026-06-19 19:29:18 [flowable-cmmn-acquire-timer-jobs] INFO  o.f.j.s.i.asyncexecutor.AcquireTimerJobsRunnable - stopped async job due acquisition for engine cmmn
2026-06-19 19:29:18 [flowable-cmmn-reset-expired-jobs] INFO  o.f.j.s.i.asyncexecutor.ResetExpiredJobsRunnable - stopped resetting expired jobs for engine cmmn
2026-06-19 19:29:18 [SpringApplicationShutdownHook] INFO  o.f.j.s.impl.asyncexecutor.AbstractAsyncExecutor - Shutting down the async job executor [org.flowable.spring.job.service.SpringAsyncExecutor] for engine bpmn
2026-06-19 19:29:18 [flowable-bpmn-reset-expired-jobs] INFO  o.f.j.s.i.asyncexecutor.ResetExpiredJobsRunnable - stopped resetting expired jobs for engine bpmn
2026-06-19 19:29:18 [flowable-bpmn-acquire-timer-jobs] INFO  o.f.j.s.i.asyncexecutor.AcquireTimerJobsRunnable - stopped async job due acquisition for engine bpmn
2026-06-19 19:29:18 [flowable-bpmn-acquire-async-jobs] INFO  o.f.j.s.i.a.AcquireAsyncJobsDueRunnable - stopped async job due acquisition for engine bpmn
2026-06-19 19:29:18 [SpringApplicationShutdownHook] INFO  com.zaxxer.hikari.HikariDataSource - HikariPool-1 - Shutdown initiated...
2026-06-19 19:29:18 [SpringApplicationShutdownHook] INFO  com.zaxxer.hikari.HikariDataSource - HikariPool-1 - Shutdown completed.
