2026-06-23 19:40:17 [background-preinit] INFO  org.hibernate.validator.internal.util.Version - HV000001: Hibernate Validator 8.0.1.Final
2026-06-23 19:40:17 [main] INFO  org.xiaoxu.PermissionApplication - Starting PermissionApplication using Java 17.0.12 with PID 69360 (E:\programs\java_arsenal\permission-system\target\classes started by tingq in E:\programs\java_arsenal)
2026-06-23 19:40:17 [main] INFO  org.xiaoxu.PermissionApplication - The following 1 profile is active: "local"
2026-06-23 19:40:18 [main] INFO  o.s.d.r.config.RepositoryConfigurationDelegate - Multiple Spring Data modules found, entering strict repository configuration mode
2026-06-23 19:40:18 [main] INFO  o.s.d.r.config.RepositoryConfigurationDelegate - Bootstrapping Spring Data Redis repositories in DEFAULT mode.
2026-06-23 19:40:18 [main] INFO  o.s.d.r.config.RepositoryConfigurationDelegate - Finished Spring Data repository scanning in 39 ms. Found 0 Redis repository interfaces.
2026-06-23 19:40:19 [main] WARN  o.s.c.s.PostProcessorRegistrationDelegate$BeanPostProcessorChecker - Bean 'com.alicp.jetcache.anno.config.JetCacheProxyConfiguration' of type [com.alicp.jetcache.anno.config.JetCacheProxyConfiguration$$SpringCGLIB$$0] is not eligible for getting processed by all BeanPostProcessors (for example: not eligible for auto-proxying). Is this bean getting eagerly injected into a currently created BeanPostProcessor [meterRegistryPostProcessor]? Check the corresponding BeanPostProcessor declaration and its dependencies.
2026-06-23 19:40:19 [main] WARN  o.s.c.s.PostProcessorRegistrationDelegate$BeanPostProcessorChecker - Bean 'com.alicp.jetcache.anno.config.CommonConfiguration' of type [com.alicp.jetcache.anno.config.CommonConfiguration$$SpringCGLIB$$0] is not eligible for getting processed by all BeanPostProcessors (for example: not eligible for auto-proxying). Is this bean getting eagerly injected into a currently created BeanPostProcessor [meterRegistryPostProcessor]? Check the corresponding BeanPostProcessor declaration and its dependencies.
2026-06-23 19:40:20 [main] INFO  o.s.boot.web.embedded.tomcat.TomcatWebServer - Tomcat initialized with port 13690 (http)
2026-06-23 19:40:20 [main] INFO  org.apache.coyote.http11.Http11NioProtocol - Initializing ProtocolHandler ["http-nio-13690"]
2026-06-23 19:40:20 [main] INFO  org.apache.catalina.core.StandardService - Starting service [Tomcat]
2026-06-23 19:40:20 [main] INFO  org.apache.catalina.core.StandardEngine - Starting Servlet engine: [Apache Tomcat/10.1.18]
2026-06-23 19:40:20 [main] INFO  o.a.c.core.ContainerBase.[Tomcat].[localhost].[/] - Initializing Spring embedded WebApplicationContext
2026-06-23 19:40:20 [main] INFO  o.s.b.w.s.c.ServletWebServerApplicationContext - Root WebApplicationContext: initialization completed in 3244 ms
2026-06-23 19:40:20 [main] INFO  org.redisson.Version - Redisson 3.24.3
2026-06-23 19:40:21 [redisson-netty-2-5] INFO  o.r.connection.pool.MasterPubSubConnectionPool - 1 connections initialized for 192.168.200.128/192.168.200.128:6379
2026-06-23 19:40:21 [redisson-netty-2-19] INFO  org.redisson.connection.pool.MasterConnectionPool - 24 connections initialized for 192.168.200.128/192.168.200.128:6379
2026-06-23 19:40:23 [main] INFO  org.xiaoxu.service.OssService - OSS 客户端初始化完成, bucket=oss-inshanghai
2026-06-23 19:40:23 [main] INFO  o.xiaoxu.workflow.approval.ApprovalHandlerRegistry - 审批回调注册完成，已注册业务: [fulfillment-approval, leave-request]
2026-06-23 19:40:24 [main] INFO  o.f.spring.boot.cmmn.CmmnEngineAutoConfiguration - No deployment resources were found for autodeployment
2026-06-23 19:40:24 [main] INFO  o.f.spring.boot.dmn.DmnEngineAutoConfiguration - No deployment resources were found for autodeployment
2026-06-23 19:40:24 [main] INFO  o.f.s.b.e.EventRegistryAutoConfiguration - No deployment resources were found for autodeployment
2026-06-23 19:40:24 [main] INFO  o.f.spring.boot.app.AppEngineAutoConfiguration - No deployment resources were found for autodeployment
2026-06-23 19:40:24 [main] INFO  o.flowable.app.spring.SpringAppEngineConfiguration - Found 5 Engine Configurators in total:
2026-06-23 19:40:24 [main] INFO  o.flowable.app.spring.SpringAppEngineConfiguration - class org.flowable.engine.spring.configurator.SpringProcessEngineConfigurator (priority:50000)
2026-06-23 19:40:24 [main] INFO  o.flowable.app.spring.SpringAppEngineConfiguration - class org.flowable.eventregistry.spring.configurator.SpringEventRegistryConfigurator (priority:100000)
2026-06-23 19:40:24 [main] INFO  o.flowable.app.spring.SpringAppEngineConfiguration - class org.flowable.idm.spring.configurator.SpringIdmEngineConfigurator (priority:150000)
2026-06-23 19:40:24 [main] INFO  o.flowable.app.spring.SpringAppEngineConfiguration - class org.flowable.dmn.spring.configurator.SpringDmnEngineConfigurator (priority:200000)
2026-06-23 19:40:24 [main] INFO  o.flowable.app.spring.SpringAppEngineConfiguration - class org.flowable.cmmn.spring.configurator.SpringCmmnEngineConfigurator (priority:500000)
2026-06-23 19:40:24 [main] INFO  o.flowable.app.spring.SpringAppEngineConfiguration - Executing beforeInit() of class org.flowable.engine.spring.configurator.SpringProcessEngineConfigurator (priority:50000)
2026-06-23 19:40:24 [main] INFO  o.flowable.app.spring.SpringAppEngineConfiguration - Executing beforeInit() of class org.flowable.eventregistry.spring.configurator.SpringEventRegistryConfigurator (priority:100000)
2026-06-23 19:40:24 [main] INFO  o.flowable.app.spring.SpringAppEngineConfiguration - Executing beforeInit() of class org.flowable.idm.spring.configurator.SpringIdmEngineConfigurator (priority:150000)
2026-06-23 19:40:24 [main] INFO  o.flowable.app.spring.SpringAppEngineConfiguration - Executing beforeInit() of class org.flowable.dmn.spring.configurator.SpringDmnEngineConfigurator (priority:200000)
2026-06-23 19:40:24 [main] INFO  o.flowable.app.spring.SpringAppEngineConfiguration - Executing beforeInit() of class org.flowable.cmmn.spring.configurator.SpringCmmnEngineConfigurator (priority:500000)
2026-06-23 19:40:24 [main] INFO  com.zaxxer.hikari.HikariDataSource - HikariPool-1 - Starting...
2026-06-23 19:40:24 [main] INFO  com.zaxxer.hikari.pool.HikariPool - HikariPool-1 - Added connection com.mysql.cj.jdbc.ConnectionImpl@6bd5cb99
2026-06-23 19:40:24 [main] INFO  com.zaxxer.hikari.HikariDataSource - HikariPool-1 - Start completed.
2026-06-23 19:40:25 [main] INFO  o.flowable.app.spring.SpringAppEngineConfiguration - Executing configure() of class org.flowable.engine.spring.configurator.SpringProcessEngineConfigurator (priority:50000)
2026-06-23 19:40:26 [main] INFO  org.flowable.engine.impl.ProcessEngineImpl - ProcessEngine default created
2026-06-23 19:40:26 [main] INFO  o.flowable.engine.impl.cmd.ValidateV5EntitiesCmd - Total of v5 deployments found: 0
2026-06-23 19:40:26 [main] INFO  o.flowable.app.spring.SpringAppEngineConfiguration - Executing configure() of class org.flowable.eventregistry.spring.configurator.SpringEventRegistryConfigurator (priority:100000)
2026-06-23 19:40:26 [main] INFO  liquibase.changelog - Reading from `2026mysql_ds`.FLW_EV_DATABASECHANGELOG
2026-06-23 19:40:27 [main] INFO  liquibase.changelog - Reading from `2026mysql_ds`.FLW_EV_DATABASECHANGELOG
2026-06-23 19:40:27 [main] INFO  liquibase.util - UPDATE SUMMARY
2026-06-23 19:40:27 [main] INFO  liquibase.util - Run:                          0
2026-06-23 19:40:27 [main] INFO  liquibase.util - Previously run:               3
2026-06-23 19:40:27 [main] INFO  liquibase.util - Filtered out:                 0
2026-06-23 19:40:27 [main] INFO  liquibase.util - -------------------------------
2026-06-23 19:40:27 [main] INFO  liquibase.util - Total change sets:            3
2026-06-23 19:40:27 [main] INFO  liquibase.util - Update summary generated
2026-06-23 19:40:27 [main] INFO  liquibase.lockservice - Successfully released change log lock
2026-06-23 19:40:27 [main] INFO  liquibase.command - Command execution complete
2026-06-23 19:40:27 [main] INFO  o.f.eventregistry.impl.EventRegistryEngineImpl - EventRegistryEngine default created
2026-06-23 19:40:27 [main] INFO  o.flowable.app.spring.SpringAppEngineConfiguration - Executing configure() of class org.flowable.idm.spring.configurator.SpringIdmEngineConfigurator (priority:150000)
2026-06-23 19:40:27 [main] INFO  org.flowable.idm.engine.impl.IdmEngineImpl - IdmEngine default created
2026-06-23 19:40:27 [main] INFO  o.flowable.app.spring.SpringAppEngineConfiguration - Executing configure() of class org.flowable.dmn.spring.configurator.SpringDmnEngineConfigurator (priority:200000)
2026-06-23 19:40:27 [main] INFO  liquibase.changelog - Reading from `2026mysql_ds`.ACT_DMN_DATABASECHANGELOG
2026-06-23 19:40:27 [main] INFO  liquibase.changelog - Reading from `2026mysql_ds`.ACT_DMN_DATABASECHANGELOG
2026-06-23 19:40:27 [main] INFO  liquibase.util - UPDATE SUMMARY
2026-06-23 19:40:27 [main] INFO  liquibase.util - Run:                          0
2026-06-23 19:40:27 [main] INFO  liquibase.util - Previously run:               9
2026-06-23 19:40:27 [main] INFO  liquibase.util - Filtered out:                 0
2026-06-23 19:40:27 [main] INFO  liquibase.util - -------------------------------
2026-06-23 19:40:27 [main] INFO  liquibase.util - Total change sets:            9
2026-06-23 19:40:27 [main] INFO  liquibase.util - Update summary generated
2026-06-23 19:40:27 [main] INFO  liquibase.lockservice - Successfully released change log lock
2026-06-23 19:40:27 [main] INFO  liquibase.command - Command execution complete
2026-06-23 19:40:27 [main] INFO  org.flowable.dmn.engine.impl.DmnEngineImpl - DmnEngine default created
2026-06-23 19:40:27 [main] INFO  o.flowable.app.spring.SpringAppEngineConfiguration - Executing configure() of class org.flowable.cmmn.spring.configurator.SpringCmmnEngineConfigurator (priority:500000)
2026-06-23 19:40:27 [main] INFO  liquibase.changelog - Reading from `2026mysql_ds`.ACT_CMMN_DATABASECHANGELOG
2026-06-23 19:40:27 [main] INFO  liquibase.changelog - Reading from `2026mysql_ds`.ACT_CMMN_DATABASECHANGELOG
2026-06-23 19:40:27 [main] INFO  liquibase.util - UPDATE SUMMARY
2026-06-23 19:40:27 [main] INFO  liquibase.util - Run:                          0
2026-06-23 19:40:27 [main] INFO  liquibase.util - Previously run:              16
2026-06-23 19:40:27 [main] INFO  liquibase.util - Filtered out:                 1
2026-06-23 19:40:27 [main] INFO  liquibase.util - -------------------------------
2026-06-23 19:40:27 [main] INFO  liquibase.util - Total change sets:           17
2026-06-23 19:40:27 [main] INFO  liquibase.util - FILTERED CHANGE SETS SUMMARY
2026-06-23 19:40:27 [main] INFO  liquibase.util - DBMS mismatch:                1
2026-06-23 19:40:28 [main] INFO  liquibase.util - Update summary generated
2026-06-23 19:40:28 [main] INFO  liquibase.lockservice - Successfully released change log lock
2026-06-23 19:40:28 [main] INFO  liquibase.command - Command execution complete
2026-06-23 19:40:28 [main] INFO  org.flowable.cmmn.engine.impl.CmmnEngineImpl - CmmnEngine default created
2026-06-23 19:40:28 [main] INFO  liquibase.changelog - Reading from `2026mysql_ds`.ACT_APP_DATABASECHANGELOG
2026-06-23 19:40:28 [main] INFO  liquibase.changelog - Reading from `2026mysql_ds`.ACT_APP_DATABASECHANGELOG
2026-06-23 19:40:28 [main] INFO  liquibase.util - UPDATE SUMMARY
2026-06-23 19:40:28 [main] INFO  liquibase.util - Run:                          0
2026-06-23 19:40:28 [main] INFO  liquibase.util - Previously run:               3
2026-06-23 19:40:28 [main] INFO  liquibase.util - Filtered out:                 0
2026-06-23 19:40:28 [main] INFO  liquibase.util - -------------------------------
2026-06-23 19:40:28 [main] INFO  liquibase.util - Total change sets:            3
2026-06-23 19:40:28 [main] INFO  liquibase.util - Update summary generated
2026-06-23 19:40:28 [main] INFO  liquibase.lockservice - Successfully released change log lock
2026-06-23 19:40:28 [main] INFO  liquibase.command - Command execution complete
2026-06-23 19:40:28 [main] INFO  org.flowable.app.engine.impl.AppEngineImpl - AppEngine default created
2026-06-23 19:40:28 [main] INFO  o.s.b.actuate.endpoint.web.EndpointLinksResolver - Exposing 1 endpoint(s) beneath base path '/actuator'
2026-06-23 19:40:28 [main] INFO  o.s.security.web.DefaultSecurityFilterChain - Will secure any request with [org.springframework.security.web.session.DisableEncodeUrlFilter@55819e5c, org.springframework.security.web.context.request.async.WebAsyncManagerIntegrationFilter@11225e23, org.springframework.security.web.context.SecurityContextHolderFilter@7c7dec9e, org.springframework.security.web.header.HeaderWriterFilter@3757edb0, org.springframework.web.filter.CorsFilter@2148849f, org.springframework.security.web.authentication.logout.LogoutFilter@31fd7fe1, org.xiaoxu.auth.TokenAuthenticationFilter@3fb42ec7, org.springframework.security.web.savedrequest.RequestCacheAwareFilter@7d2fcd1f, org.springframework.security.web.servletapi.SecurityContextHolderAwareRequestFilter@4c6c29e4, org.springframework.security.web.authentication.AnonymousAuthenticationFilter@4d87e80e, org.springframework.security.web.session.SessionManagementFilter@1e82eb3d, org.springframework.security.web.access.ExceptionTranslationFilter@29c9c254, org.springframework.security.web.access.intercept.AuthorizationFilter@135f1875]
2026-06-23 19:40:29 [main] INFO  com.xxl.job.core.executor.XxlJobExecutor - >>>>>>>>>>> xxl-job register jobhandler success, name:sendLeaveApprovalNotify, jobHandler:com.xxl.job.core.handler.impl.MethodJobHandler@28549222[class org.xiaoxu.workflow.job.ApprovalNotifyJobHandler#sendLeaveApprovalNotify]
2026-06-23 19:40:29 [main] INFO  com.xxl.job.core.executor.XxlJobExecutor - >>>>>>>>>>> xxl-job register jobhandler success, name:sendFulfillmentApprovalNotify, jobHandler:com.xxl.job.core.handler.impl.MethodJobHandler@48f396d4[class org.xiaoxu.workflow.job.ApprovalNotifyJobHandler#sendFulfillmentApprovalNotify]
2026-06-23 19:40:30 [main] INFO  o.f.j.s.impl.asyncexecutor.AbstractAsyncExecutor - Starting up the async job executor [org.flowable.spring.job.service.SpringAsyncExecutor] for engine cmmn
2026-06-23 19:40:30 [Thread-8] INFO  o.f.j.s.i.asyncexecutor.ResetExpiredJobsRunnable - starting to reset expired jobs for engine cmmn
2026-06-23 19:40:30 [main] INFO  o.f.j.s.impl.asyncexecutor.AbstractAsyncExecutor - Starting up the async job executor [org.flowable.spring.job.service.SpringAsyncExecutor] for engine bpmn
2026-06-23 19:40:30 [Thread-6] INFO  o.f.j.s.i.a.AcquireAsyncJobsDueRunnable - starting to acquire async jobs due for engine cmmn
2026-06-23 19:40:30 [Thread-7] INFO  o.f.j.s.i.asyncexecutor.AcquireTimerJobsRunnable - starting to acquire async jobs due for engine cmmn
2026-06-23 19:40:30 [Thread-10] INFO  o.f.j.s.i.asyncexecutor.AcquireTimerJobsRunnable - starting to acquire async jobs due for engine bpmn
2026-06-23 19:40:30 [main] INFO  o.f.s.configurator.DefaultAutoDeploymentStrategy - Deploying resources [file [E:\programs\java_arsenal\permission-system\target\classes\processes\fulfillment-approval.bpmn20.xml], file [E:\programs\java_arsenal\permission-system\target\classes\processes\leave-request.bpmn20.xml]] for engine org.flowable.engine.impl.ProcessEngineImpl@43ed38bf deployment name hint SpringBootAutoDeployment
2026-06-23 19:40:30 [Thread-11] INFO  o.f.j.s.i.asyncexecutor.ResetExpiredJobsRunnable - starting to reset expired jobs for engine bpmn
2026-06-23 19:40:30 [Thread-9] INFO  o.f.j.s.i.a.AcquireAsyncJobsDueRunnable - starting to acquire async jobs due for engine bpmn
2026-06-23 19:40:30 [main] INFO  org.apache.coyote.http11.Http11NioProtocol - Starting ProtocolHandler ["http-nio-13690"]
2026-06-23 19:40:30 [main] INFO  o.s.boot.web.embedded.tomcat.TomcatWebServer - Tomcat started on port 13690 (http) with context path ''
2026-06-23 19:40:30 [main] INFO  o.s.a.rabbit.connection.CachingConnectionFactory - Attempting to connect to: [124.222.192.3:5672]
2026-06-23 19:40:30 [Thread-5] INFO  com.xxl.job.core.server.EmbedServer - >>>>>>>>>>> xxl-job remoting server start success, nettype = class com.xxl.job.core.server.EmbedServer, port = 9998
2026-06-23 19:40:30 [main] INFO  o.s.a.rabbit.connection.CachingConnectionFactory - Created new connection: rabbitConnectionFactory#5694f6a0:0/SimpleConnection@1f7eef1d [delegate=amqp://admin@124.222.192.3:5672/, localPort=5491]
2026-06-23 19:40:30 [main] INFO  org.xiaoxu.PermissionApplication - Started PermissionApplication in 14.218 seconds (process running for 15.846)
2026-06-23 19:40:31 [RMI TCP Connection(1)-192.168.1.2] INFO  o.a.c.core.ContainerBase.[Tomcat].[localhost].[/] - Initializing Spring DispatcherServlet 'dispatcherServlet'
2026-06-23 19:40:31 [RMI TCP Connection(1)-192.168.1.2] INFO  org.springframework.web.servlet.DispatcherServlet - Initializing Servlet 'dispatcherServlet'
2026-06-23 19:40:31 [RMI TCP Connection(1)-192.168.1.2] INFO  org.springframework.web.servlet.DispatcherServlet - Completed initialization in 1 ms
2026-06-23 19:41:12 [http-nio-13690-exec-3] WARN  org.xiaoxu.auth.TokenAuthenticationFilter - Token 已失效: Redis 中不存在该 token
2026-06-23 19:41:12 [http-nio-13690-exec-4] WARN  org.xiaoxu.auth.TokenAuthenticationFilter - Token 已失效: Redis 中不存在该 token
2026-06-23 19:41:16 [http-nio-13690-exec-8] INFO  org.xiaoxu.service.AuditLogService - 登录日志已发送到MQ, username=admin
2026-06-23 19:41:16 [http-nio-13690-exec-5] INFO  org.xiaoxu.service.MenuService - 用户[1]的角色IDs: [1]
2026-06-23 19:41:16 [http-nio-13690-exec-5] INFO  org.xiaoxu.service.MenuService - 用户[1]的菜单IDs: [1, 2, 130, 3, 131, 4, 132, 5, 133, 6, 134, 7, 8, 9, 10, 11, 12, 13, 14, 15, 16, 100, 101, 102, 103, 104, 105, 106, 107, 108, 109, 110, 120]
2026-06-23 19:41:45 [http-nio-13690-exec-8] INFO  org.xiaoxu.service.AuditLogService - 登录日志已发送到MQ, username=admin
2026-06-23 19:41:48 [http-nio-13690-exec-10] INFO  org.xiaoxu.service.AuditLogService - 登录日志已发送到MQ, username=admin
2026-06-23 19:41:48 [http-nio-13690-exec-8] INFO  org.xiaoxu.service.MenuService - 用户[1]的角色IDs: [1]
2026-06-23 19:41:48 [http-nio-13690-exec-8] INFO  org.xiaoxu.service.MenuService - 用户[1]的菜单IDs: [1, 2, 130, 3, 131, 4, 132, 5, 133, 6, 134, 7, 8, 9, 10, 11, 12, 13, 14, 15, 16, 100, 101, 102, 103, 104, 105, 106, 107, 108, 109, 110, 120]
2026-06-23 19:42:47 [http-nio-13690-exec-4] INFO  org.xiaoxu.service.AuditLogService - 登录日志已发送到MQ, username=admin
2026-06-23 19:42:50 [http-nio-13690-exec-9] INFO  org.xiaoxu.service.AuditLogService - 登录日志已发送到MQ, username=manager
2026-06-23 19:42:50 [http-nio-13690-exec-10] INFO  org.xiaoxu.service.MenuService - 用户[3]的角色IDs: [10]
2026-06-23 19:42:50 [http-nio-13690-exec-10] INFO  org.xiaoxu.service.MenuService - 用户[3]的菜单IDs: [100, 101, 104, 105]
2026-06-23 19:45:56 [http-nio-13690-exec-1] INFO  o.xiaoxu.workflow.service.impl.FlowableServiceImpl - 用户 manager 自动认领任务 a52117a1-6ef8-11f1-899d-ca9402dece55
2026-06-23 19:45:56 [http-nio-13690-exec-1] INFO  o.xiaoxu.workflow.service.impl.FlowableServiceImpl - 任务完成, taskId: a52117a1-6ef8-11f1-899d-ca9402dece55
2026-06-23 19:45:56 [http-nio-13690-exec-1] INFO  org.xiaoxu.service.AuditLogService - 工作流日志已发送到MQ, processInstanceId=a51a39ca-6ef8-11f1-899d-ca9402dece55
2026-06-23 19:45:58 [http-nio-13690-exec-4] INFO  org.xiaoxu.service.AuditLogService - 登录日志已发送到MQ, username=manager
2026-06-23 19:46:00 [http-nio-13690-exec-2] INFO  org.xiaoxu.service.AuditLogService - 登录日志已发送到MQ, username=admin
2026-06-23 19:46:00 [http-nio-13690-exec-8] INFO  org.xiaoxu.service.MenuService - 用户[1]的角色IDs: [1]
2026-06-23 19:46:00 [http-nio-13690-exec-8] INFO  org.xiaoxu.service.MenuService - 用户[1]的菜单IDs: [1, 2, 130, 3, 131, 4, 132, 5, 133, 6, 134, 7, 8, 9, 10, 11, 12, 13, 14, 15, 16, 100, 101, 102, 103, 104, 105, 106, 107, 108, 109, 110, 120]
2026-06-23 19:50:29 [http-nio-13690-exec-4] INFO  org.xiaoxu.service.MenuService - 用户[1]的角色IDs: [1]
2026-06-23 19:50:29 [http-nio-13690-exec-4] INFO  org.xiaoxu.service.MenuService - 用户[1]的菜单IDs: [1, 2, 130, 3, 131, 4, 132, 5, 133, 6, 134, 7, 8, 9, 10, 11, 12, 13, 14, 15, 16, 100, 101, 102, 103, 104, 105, 106, 107, 108, 109, 110, 120]
2026-06-23 19:53:06 [http-nio-13690-exec-2] INFO  org.xiaoxu.service.MenuService - 用户[1]的角色IDs: [1]
2026-06-23 19:53:06 [http-nio-13690-exec-2] INFO  org.xiaoxu.service.MenuService - 用户[1]的菜单IDs: [1, 2, 130, 3, 131, 4, 132, 5, 133, 6, 134, 7, 8, 9, 10, 11, 12, 13, 14, 15, 16, 100, 101, 102, 103, 104, 105, 106, 107, 108, 109, 110, 120]
2026-06-23 19:53:34 [http-nio-13690-exec-6] INFO  org.xiaoxu.service.MenuService - 用户[1]的角色IDs: [1]
2026-06-23 19:53:34 [http-nio-13690-exec-6] INFO  org.xiaoxu.service.MenuService - 用户[1]的菜单IDs: [1, 2, 130, 3, 131, 4, 132, 5, 133, 6, 134, 7, 8, 9, 10, 11, 12, 13, 14, 15, 16, 100, 101, 102, 103, 104, 105, 106, 107, 108, 109, 110, 120]
2026-06-23 19:56:17 [http-nio-13690-exec-7] INFO  org.xiaoxu.service.MenuService - 用户[1]的角色IDs: [1]
2026-06-23 19:56:17 [http-nio-13690-exec-7] INFO  org.xiaoxu.service.MenuService - 用户[1]的菜单IDs: [1, 2, 130, 3, 131, 4, 132, 5, 133, 6, 134, 7, 8, 9, 10, 11, 12, 13, 14, 15, 16, 100, 101, 102, 103, 104, 105, 106, 107, 108, 109, 110, 120]
2026-06-23 19:58:19 [http-nio-13690-exec-7] INFO  org.xiaoxu.service.MenuService - 用户[1]的角色IDs: [1]
2026-06-23 19:58:19 [http-nio-13690-exec-7] INFO  org.xiaoxu.service.MenuService - 用户[1]的菜单IDs: [1, 2, 130, 3, 131, 4, 132, 5, 133, 6, 134, 7, 8, 9, 10, 11, 12, 13, 14, 15, 16, 100, 101, 102, 103, 104, 105, 106, 107, 108, 109, 110, 120]
2026-06-23 20:00:32 [http-nio-13690-exec-7] INFO  org.xiaoxu.service.MenuService - 用户[1]的角色IDs: [1]
2026-06-23 20:00:32 [http-nio-13690-exec-7] INFO  org.xiaoxu.service.MenuService - 用户[1]的菜单IDs: [1, 2, 130, 3, 131, 4, 132, 5, 133, 6, 134, 7, 8, 9, 10, 11, 12, 13, 14, 15, 16, 100, 101, 102, 103, 104, 105, 106, 107, 108, 109, 110, 120]
2026-06-23 20:00:55 [http-nio-13690-exec-5] INFO  org.xiaoxu.service.AuditLogService - 登录日志已发送到MQ, username=admin
2026-06-23 20:00:58 [http-nio-13690-exec-4] INFO  org.xiaoxu.service.AuditLogService - 登录日志已发送到MQ, username=hr
2026-06-23 20:00:58 [http-nio-13690-exec-5] INFO  org.xiaoxu.service.MenuService - 用户[6]的角色IDs: [13]
2026-06-23 20:00:58 [http-nio-13690-exec-5] INFO  org.xiaoxu.service.MenuService - 用户[6]的菜单IDs: [100, 101, 104, 105]
2026-06-23 20:01:58 [http-nio-13690-exec-6] INFO  org.xiaoxu.service.AuditLogService - 登录日志已发送到MQ, username=hr
2026-06-23 20:02:02 [http-nio-13690-exec-10] INFO  org.xiaoxu.service.AuditLogService - 登录日志已发送到MQ, username=admin
2026-06-23 20:02:02 [http-nio-13690-exec-3] INFO  org.xiaoxu.service.MenuService - 用户[1]的角色IDs: [1]
2026-06-23 20:02:02 [http-nio-13690-exec-3] INFO  org.xiaoxu.service.MenuService - 用户[1]的菜单IDs: [1, 2, 130, 3, 131, 4, 132, 5, 133, 6, 134, 7, 8, 9, 10, 11, 12, 13, 14, 15, 16, 100, 101, 102, 103, 104, 105, 106, 107, 108, 109, 110, 120]
2026-06-23 20:07:52 [http-nio-13690-exec-10] INFO  org.xiaoxu.service.MenuService - 用户[1]的角色IDs: [1]
2026-06-23 20:07:52 [http-nio-13690-exec-10] INFO  org.xiaoxu.service.MenuService - 用户[1]的菜单IDs: [1, 2, 130, 3, 131, 4, 132, 5, 133, 6, 134, 7, 8, 9, 10, 11, 12, 13, 14, 15, 16, 100, 101, 102, 103, 104, 105, 106, 107, 108, 109, 110, 120]
2026-06-23 20:13:21 [http-nio-13690-exec-7] INFO  org.xiaoxu.service.MenuService - 用户[1]的角色IDs: [1]
2026-06-23 20:13:21 [http-nio-13690-exec-7] INFO  org.xiaoxu.service.MenuService - 用户[1]的菜单IDs: [1, 2, 130, 3, 131, 4, 132, 5, 133, 6, 134, 7, 8, 9, 10, 11, 12, 13, 14, 15, 16, 100, 101, 102, 103, 104, 105, 106, 107, 108, 109, 110, 120]
2026-06-23 20:16:41 [http-nio-13690-exec-1] INFO  org.xiaoxu.service.MenuService - 用户[1]的角色IDs: [1]
2026-06-23 20:16:41 [http-nio-13690-exec-1] INFO  org.xiaoxu.service.MenuService - 用户[1]的菜单IDs: [1, 2, 130, 3, 131, 4, 132, 5, 133, 6, 134, 7, 8, 9, 10, 11, 12, 13, 14, 15, 16, 100, 101, 102, 103, 104, 105, 106, 107, 108, 109, 110, 120]
2026-06-23 20:18:23 [http-nio-13690-exec-3] INFO  org.xiaoxu.service.MenuService - 用户[1]的角色IDs: [1]
2026-06-23 20:18:23 [http-nio-13690-exec-3] INFO  org.xiaoxu.service.MenuService - 用户[1]的菜单IDs: [1, 2, 130, 3, 131, 4, 132, 5, 133, 6, 134, 7, 8, 9, 10, 11, 12, 13, 14, 15, 16, 100, 101, 102, 103, 104, 105, 106, 107, 108, 109, 110, 120]
2026-06-23 20:21:56 [http-nio-13690-exec-7] INFO  org.xiaoxu.service.MenuService - 用户[1]的角色IDs: [1]
2026-06-23 20:21:56 [http-nio-13690-exec-7] INFO  org.xiaoxu.service.MenuService - 用户[1]的菜单IDs: [1, 2, 130, 3, 131, 4, 132, 5, 133, 6, 134, 7, 8, 9, 10, 11, 12, 13, 14, 15, 16, 100, 101, 102, 103, 104, 105, 106, 107, 108, 109, 110, 120]
2026-06-23 20:22:13 [http-nio-13690-exec-8] INFO  org.xiaoxu.service.MenuService - 用户[1]的角色IDs: [1]
2026-06-23 20:22:13 [http-nio-13690-exec-8] INFO  org.xiaoxu.service.MenuService - 用户[1]的菜单IDs: [1, 2, 130, 3, 131, 4, 132, 5, 133, 6, 134, 7, 8, 9, 10, 11, 12, 13, 14, 15, 16, 100, 101, 102, 103, 104, 105, 106, 107, 108, 109, 110, 120]
2026-06-23 20:38:20 [org.springframework.amqp.rabbit.RabbitListenerEndpointContainer#0-2] INFO  o.s.a.r.listener.SimpleMessageListenerContainer - Waiting for workers to finish.
2026-06-23 20:38:20 [org.springframework.amqp.rabbit.RabbitListenerEndpointContainer#1-2] INFO  o.s.a.r.listener.SimpleMessageListenerContainer - Waiting for workers to finish.
2026-06-23 20:38:20 [org.springframework.amqp.rabbit.RabbitListenerEndpointContainer#2-2] INFO  o.s.a.r.listener.SimpleMessageListenerContainer - Waiting for workers to finish.
2026-06-23 20:38:20 [org.springframework.amqp.rabbit.RabbitListenerEndpointContainer#1-2] INFO  o.s.a.r.listener.SimpleMessageListenerContainer - Successfully waited for workers to finish.
2026-06-23 20:38:20 [org.springframework.amqp.rabbit.RabbitListenerEndpointContainer#0-2] INFO  o.s.a.r.listener.SimpleMessageListenerContainer - Successfully waited for workers to finish.
2026-06-23 20:38:20 [org.springframework.amqp.rabbit.RabbitListenerEndpointContainer#2-2] INFO  o.s.a.r.listener.SimpleMessageListenerContainer - Successfully waited for workers to finish.
2026-06-23 20:38:20 [Thread-5] INFO  com.xxl.job.core.server.EmbedServer - >>>>>>>>>>> xxl-job remoting server stop.
2026-06-23 20:38:20 [xxl-job, executor ExecutorRegistryThread] INFO  com.xxl.job.core.thread.ExecutorRegistryThread - >>>>>>>>>>> xxl-job registry-remove success, registryParam:RegistryParam{registryGroup='EXECUTOR', registryKey='permission-job-executor', registryValue='http://192.168.1.2:9998/'}, registryResult:ReturnT [code=200, msg=null, content=null]
2026-06-23 20:38:20 [xxl-job, executor ExecutorRegistryThread] INFO  com.xxl.job.core.thread.ExecutorRegistryThread - >>>>>>>>>>> xxl-job, executor registry thread destroy.
2026-06-23 20:38:20 [SpringApplicationShutdownHook] INFO  com.xxl.job.core.server.EmbedServer - >>>>>>>>>>> xxl-job remoting server destroy success.
2026-06-23 20:38:20 [xxl-job, executor JobLogFileCleanThread] INFO  com.xxl.job.core.thread.JobLogFileCleanThread - >>>>>>>>>>> xxl-job, executor JobLogFileCleanThread thread destroy.
2026-06-23 20:38:20 [xxl-job, executor TriggerCallbackThread] INFO  com.xxl.job.core.thread.TriggerCallbackThread - >>>>>>>>>>> xxl-job, executor callback thread destroy.
2026-06-23 20:38:20 [Thread-4] INFO  com.xxl.job.core.thread.TriggerCallbackThread - >>>>>>>>>>> xxl-job, executor retry callback thread destroy.
2026-06-23 20:38:20 [SpringApplicationShutdownHook] INFO  o.f.j.s.impl.asyncexecutor.AbstractAsyncExecutor - Shutting down the async job executor [org.flowable.spring.job.service.SpringAsyncExecutor] for engine cmmn
2026-06-23 20:38:20 [flowable-cmmn-reset-expired-jobs] INFO  o.f.j.s.i.asyncexecutor.ResetExpiredJobsRunnable - stopped resetting expired jobs for engine cmmn
2026-06-23 20:38:20 [flowable-cmmn-acquire-async-jobs] INFO  o.f.j.s.i.a.AcquireAsyncJobsDueRunnable - stopped async job due acquisition for engine cmmn
2026-06-23 20:38:20 [flowable-cmmn-acquire-timer-jobs] INFO  o.f.j.s.i.asyncexecutor.AcquireTimerJobsRunnable - stopped async job due acquisition for engine cmmn
2026-06-23 20:38:20 [SpringApplicationShutdownHook] INFO  o.f.j.s.impl.asyncexecutor.AbstractAsyncExecutor - Shutting down the async job executor [org.flowable.spring.job.service.SpringAsyncExecutor] for engine bpmn
2026-06-23 20:38:20 [flowable-bpmn-acquire-async-jobs] INFO  o.f.j.s.i.a.AcquireAsyncJobsDueRunnable - stopped async job due acquisition for engine bpmn
2026-06-23 20:38:20 [flowable-bpmn-acquire-timer-jobs] INFO  o.f.j.s.i.asyncexecutor.AcquireTimerJobsRunnable - stopped async job due acquisition for engine bpmn
2026-06-23 20:38:20 [flowable-bpmn-reset-expired-jobs] INFO  o.f.j.s.i.asyncexecutor.ResetExpiredJobsRunnable - stopped resetting expired jobs for engine bpmn
2026-06-23 20:38:20 [SpringApplicationShutdownHook] INFO  com.zaxxer.hikari.HikariDataSource - HikariPool-1 - Shutdown initiated...
2026-06-23 20:38:20 [SpringApplicationShutdownHook] INFO  com.zaxxer.hikari.HikariDataSource - HikariPool-1 - Shutdown completed.
2026-06-23 20:38:27 [background-preinit] INFO  org.hibernate.validator.internal.util.Version - HV000001: Hibernate Validator 8.0.1.Final
2026-06-23 20:38:27 [main] INFO  org.xiaoxu.PermissionApplication - Starting PermissionApplication using Java 17.0.12 with PID 60748 (E:\programs\java_arsenal\permission-system\target\classes started by tingq in E:\programs\java_arsenal)
2026-06-23 20:38:27 [main] INFO  org.xiaoxu.PermissionApplication - The following 1 profile is active: "local"
2026-06-23 20:38:29 [main] INFO  o.s.d.r.config.RepositoryConfigurationDelegate - Multiple Spring Data modules found, entering strict repository configuration mode
2026-06-23 20:38:29 [main] INFO  o.s.d.r.config.RepositoryConfigurationDelegate - Bootstrapping Spring Data Redis repositories in DEFAULT mode.
2026-06-23 20:38:29 [main] INFO  o.s.d.r.config.RepositoryConfigurationDelegate - Finished Spring Data repository scanning in 38 ms. Found 0 Redis repository interfaces.
2026-06-23 20:38:29 [main] WARN  o.s.c.s.PostProcessorRegistrationDelegate$BeanPostProcessorChecker - Bean 'com.alicp.jetcache.anno.config.JetCacheProxyConfiguration' of type [com.alicp.jetcache.anno.config.JetCacheProxyConfiguration$$SpringCGLIB$$0] is not eligible for getting processed by all BeanPostProcessors (for example: not eligible for auto-proxying). Is this bean getting eagerly injected into a currently created BeanPostProcessor [meterRegistryPostProcessor]? Check the corresponding BeanPostProcessor declaration and its dependencies.
2026-06-23 20:38:29 [main] WARN  o.s.c.s.PostProcessorRegistrationDelegate$BeanPostProcessorChecker - Bean 'com.alicp.jetcache.anno.config.CommonConfiguration' of type [com.alicp.jetcache.anno.config.CommonConfiguration$$SpringCGLIB$$0] is not eligible for getting processed by all BeanPostProcessors (for example: not eligible for auto-proxying). Is this bean getting eagerly injected into a currently created BeanPostProcessor [meterRegistryPostProcessor]? Check the corresponding BeanPostProcessor declaration and its dependencies.
2026-06-23 20:38:30 [main] INFO  o.s.boot.web.embedded.tomcat.TomcatWebServer - Tomcat initialized with port 13690 (http)
2026-06-23 20:38:30 [main] INFO  org.apache.coyote.http11.Http11NioProtocol - Initializing ProtocolHandler ["http-nio-13690"]
2026-06-23 20:38:30 [main] INFO  org.apache.catalina.core.StandardService - Starting service [Tomcat]
2026-06-23 20:38:30 [main] INFO  org.apache.catalina.core.StandardEngine - Starting Servlet engine: [Apache Tomcat/10.1.18]
2026-06-23 20:38:30 [main] INFO  o.a.c.core.ContainerBase.[Tomcat].[localhost].[/] - Initializing Spring embedded WebApplicationContext
2026-06-23 20:38:30 [main] INFO  o.s.b.w.s.c.ServletWebServerApplicationContext - Root WebApplicationContext: initialization completed in 2867 ms
2026-06-23 20:38:31 [main] INFO  org.redisson.Version - Redisson 3.24.3
2026-06-23 20:38:31 [redisson-netty-2-5] INFO  o.r.connection.pool.MasterPubSubConnectionPool - 1 connections initialized for 192.168.200.128/192.168.200.128:6379
2026-06-23 20:38:31 [redisson-netty-2-19] INFO  org.redisson.connection.pool.MasterConnectionPool - 24 connections initialized for 192.168.200.128/192.168.200.128:6379
2026-06-23 20:38:33 [main] INFO  org.xiaoxu.service.OssService - OSS 客户端初始化完成, bucket=oss-inshanghai
2026-06-23 20:38:33 [main] INFO  o.xiaoxu.workflow.approval.ApprovalHandlerRegistry - 审批回调注册完成，已注册业务: [fulfillment-approval, leave-request]
2026-06-23 20:38:34 [main] INFO  o.f.spring.boot.cmmn.CmmnEngineAutoConfiguration - No deployment resources were found for autodeployment
2026-06-23 20:38:34 [main] INFO  o.f.spring.boot.dmn.DmnEngineAutoConfiguration - No deployment resources were found for autodeployment
2026-06-23 20:38:34 [main] INFO  o.f.s.b.e.EventRegistryAutoConfiguration - No deployment resources were found for autodeployment
2026-06-23 20:38:34 [main] INFO  o.f.spring.boot.app.AppEngineAutoConfiguration - No deployment resources were found for autodeployment
2026-06-23 20:38:34 [main] INFO  o.flowable.app.spring.SpringAppEngineConfiguration - Found 5 Engine Configurators in total:
2026-06-23 20:38:34 [main] INFO  o.flowable.app.spring.SpringAppEngineConfiguration - class org.flowable.engine.spring.configurator.SpringProcessEngineConfigurator (priority:50000)
2026-06-23 20:38:34 [main] INFO  o.flowable.app.spring.SpringAppEngineConfiguration - class org.flowable.eventregistry.spring.configurator.SpringEventRegistryConfigurator (priority:100000)
2026-06-23 20:38:34 [main] INFO  o.flowable.app.spring.SpringAppEngineConfiguration - class org.flowable.idm.spring.configurator.SpringIdmEngineConfigurator (priority:150000)
2026-06-23 20:38:34 [main] INFO  o.flowable.app.spring.SpringAppEngineConfiguration - class org.flowable.dmn.spring.configurator.SpringDmnEngineConfigurator (priority:200000)
2026-06-23 20:38:34 [main] INFO  o.flowable.app.spring.SpringAppEngineConfiguration - class org.flowable.cmmn.spring.configurator.SpringCmmnEngineConfigurator (priority:500000)
2026-06-23 20:38:34 [main] INFO  o.flowable.app.spring.SpringAppEngineConfiguration - Executing beforeInit() of class org.flowable.engine.spring.configurator.SpringProcessEngineConfigurator (priority:50000)
2026-06-23 20:38:34 [main] INFO  o.flowable.app.spring.SpringAppEngineConfiguration - Executing beforeInit() of class org.flowable.eventregistry.spring.configurator.SpringEventRegistryConfigurator (priority:100000)
2026-06-23 20:38:34 [main] INFO  o.flowable.app.spring.SpringAppEngineConfiguration - Executing beforeInit() of class org.flowable.idm.spring.configurator.SpringIdmEngineConfigurator (priority:150000)
2026-06-23 20:38:34 [main] INFO  o.flowable.app.spring.SpringAppEngineConfiguration - Executing beforeInit() of class org.flowable.dmn.spring.configurator.SpringDmnEngineConfigurator (priority:200000)
2026-06-23 20:38:34 [main] INFO  o.flowable.app.spring.SpringAppEngineConfiguration - Executing beforeInit() of class org.flowable.cmmn.spring.configurator.SpringCmmnEngineConfigurator (priority:500000)
2026-06-23 20:38:34 [main] INFO  com.zaxxer.hikari.HikariDataSource - HikariPool-1 - Starting...
2026-06-23 20:38:34 [main] INFO  com.zaxxer.hikari.pool.HikariPool - HikariPool-1 - Added connection com.mysql.cj.jdbc.ConnectionImpl@5813046e
2026-06-23 20:38:34 [main] INFO  com.zaxxer.hikari.HikariDataSource - HikariPool-1 - Start completed.
2026-06-23 20:38:35 [main] INFO  o.flowable.app.spring.SpringAppEngineConfiguration - Executing configure() of class org.flowable.engine.spring.configurator.SpringProcessEngineConfigurator (priority:50000)
2026-06-23 20:38:36 [main] INFO  org.flowable.engine.impl.ProcessEngineImpl - ProcessEngine default created
2026-06-23 20:38:36 [main] INFO  o.flowable.engine.impl.cmd.ValidateV5EntitiesCmd - Total of v5 deployments found: 0
2026-06-23 20:38:36 [main] INFO  o.flowable.app.spring.SpringAppEngineConfiguration - Executing configure() of class org.flowable.eventregistry.spring.configurator.SpringEventRegistryConfigurator (priority:100000)
2026-06-23 20:38:36 [main] INFO  liquibase.changelog - Reading from `2026mysql_ds`.FLW_EV_DATABASECHANGELOG
2026-06-23 20:38:36 [main] INFO  liquibase.changelog - Reading from `2026mysql_ds`.FLW_EV_DATABASECHANGELOG
2026-06-23 20:38:36 [main] INFO  liquibase.util - UPDATE SUMMARY
2026-06-23 20:38:36 [main] INFO  liquibase.util - Run:                          0
2026-06-23 20:38:36 [main] INFO  liquibase.util - Previously run:               3
2026-06-23 20:38:36 [main] INFO  liquibase.util - Filtered out:                 0
2026-06-23 20:38:36 [main] INFO  liquibase.util - -------------------------------
2026-06-23 20:38:36 [main] INFO  liquibase.util - Total change sets:            3
2026-06-23 20:38:36 [main] INFO  liquibase.util - Update summary generated
2026-06-23 20:38:36 [main] INFO  liquibase.lockservice - Successfully released change log lock
2026-06-23 20:38:36 [main] INFO  liquibase.command - Command execution complete
2026-06-23 20:38:36 [main] INFO  o.f.eventregistry.impl.EventRegistryEngineImpl - EventRegistryEngine default created
2026-06-23 20:38:36 [main] INFO  o.flowable.app.spring.SpringAppEngineConfiguration - Executing configure() of class org.flowable.idm.spring.configurator.SpringIdmEngineConfigurator (priority:150000)
2026-06-23 20:38:36 [main] INFO  org.flowable.idm.engine.impl.IdmEngineImpl - IdmEngine default created
2026-06-23 20:38:36 [main] INFO  o.flowable.app.spring.SpringAppEngineConfiguration - Executing configure() of class org.flowable.dmn.spring.configurator.SpringDmnEngineConfigurator (priority:200000)
2026-06-23 20:38:37 [main] INFO  liquibase.changelog - Reading from `2026mysql_ds`.ACT_DMN_DATABASECHANGELOG
2026-06-23 20:38:37 [main] INFO  liquibase.changelog - Reading from `2026mysql_ds`.ACT_DMN_DATABASECHANGELOG
2026-06-23 20:38:37 [main] INFO  liquibase.util - UPDATE SUMMARY
2026-06-23 20:38:37 [main] INFO  liquibase.util - Run:                          0
2026-06-23 20:38:37 [main] INFO  liquibase.util - Previously run:               9
2026-06-23 20:38:37 [main] INFO  liquibase.util - Filtered out:                 0
2026-06-23 20:38:37 [main] INFO  liquibase.util - -------------------------------
2026-06-23 20:38:37 [main] INFO  liquibase.util - Total change sets:            9
2026-06-23 20:38:37 [main] INFO  liquibase.util - Update summary generated
2026-06-23 20:38:37 [main] INFO  liquibase.lockservice - Successfully released change log lock
2026-06-23 20:38:37 [main] INFO  liquibase.command - Command execution complete
2026-06-23 20:38:37 [main] INFO  org.flowable.dmn.engine.impl.DmnEngineImpl - DmnEngine default created
2026-06-23 20:38:37 [main] INFO  o.flowable.app.spring.SpringAppEngineConfiguration - Executing configure() of class org.flowable.cmmn.spring.configurator.SpringCmmnEngineConfigurator (priority:500000)
2026-06-23 20:38:37 [main] INFO  liquibase.changelog - Reading from `2026mysql_ds`.ACT_CMMN_DATABASECHANGELOG
2026-06-23 20:38:37 [main] INFO  liquibase.changelog - Reading from `2026mysql_ds`.ACT_CMMN_DATABASECHANGELOG
2026-06-23 20:38:37 [main] INFO  liquibase.util - UPDATE SUMMARY
2026-06-23 20:38:37 [main] INFO  liquibase.util - Run:                          0
2026-06-23 20:38:37 [main] INFO  liquibase.util - Previously run:              16
2026-06-23 20:38:37 [main] INFO  liquibase.util - Filtered out:                 1
2026-06-23 20:38:37 [main] INFO  liquibase.util - -------------------------------
2026-06-23 20:38:37 [main] INFO  liquibase.util - Total change sets:           17
2026-06-23 20:38:37 [main] INFO  liquibase.util - FILTERED CHANGE SETS SUMMARY
2026-06-23 20:38:37 [main] INFO  liquibase.util - DBMS mismatch:                1
2026-06-23 20:38:37 [main] INFO  liquibase.util - Update summary generated
2026-06-23 20:38:37 [main] INFO  liquibase.lockservice - Successfully released change log lock
2026-06-23 20:38:37 [main] INFO  liquibase.command - Command execution complete
2026-06-23 20:38:37 [main] INFO  org.flowable.cmmn.engine.impl.CmmnEngineImpl - CmmnEngine default created
2026-06-23 20:38:37 [main] INFO  liquibase.changelog - Reading from `2026mysql_ds`.ACT_APP_DATABASECHANGELOG
2026-06-23 20:38:37 [main] INFO  liquibase.changelog - Reading from `2026mysql_ds`.ACT_APP_DATABASECHANGELOG
2026-06-23 20:38:37 [main] INFO  liquibase.util - UPDATE SUMMARY
2026-06-23 20:38:37 [main] INFO  liquibase.util - Run:                          0
2026-06-23 20:38:37 [main] INFO  liquibase.util - Previously run:               3
2026-06-23 20:38:37 [main] INFO  liquibase.util - Filtered out:                 0
2026-06-23 20:38:37 [main] INFO  liquibase.util - -------------------------------
2026-06-23 20:38:37 [main] INFO  liquibase.util - Total change sets:            3
2026-06-23 20:38:37 [main] INFO  liquibase.util - Update summary generated
2026-06-23 20:38:37 [main] INFO  liquibase.lockservice - Successfully released change log lock
2026-06-23 20:38:37 [main] INFO  liquibase.command - Command execution complete
2026-06-23 20:38:37 [main] INFO  org.flowable.app.engine.impl.AppEngineImpl - AppEngine default created
2026-06-23 20:38:38 [main] INFO  o.s.b.actuate.endpoint.web.EndpointLinksResolver - Exposing 1 endpoint(s) beneath base path '/actuator'
2026-06-23 20:38:38 [main] INFO  o.s.security.web.DefaultSecurityFilterChain - Will secure any request with [org.springframework.security.web.session.DisableEncodeUrlFilter@20f05295, org.springframework.security.web.context.request.async.WebAsyncManagerIntegrationFilter@1ed1829e, org.springframework.security.web.context.SecurityContextHolderFilter@40c412a5, org.springframework.security.web.header.HeaderWriterFilter@2091b888, org.springframework.web.filter.CorsFilter@6e349258, org.springframework.security.web.authentication.logout.LogoutFilter@3fbe3c03, org.xiaoxu.auth.TokenAuthenticationFilter@61d9dd15, org.springframework.security.web.savedrequest.RequestCacheAwareFilter@7e339372, org.springframework.security.web.servletapi.SecurityContextHolderAwareRequestFilter@1e374429, org.springframework.security.web.authentication.AnonymousAuthenticationFilter@6d95f99e, org.springframework.security.web.session.SessionManagementFilter@4fd47883, org.springframework.security.web.access.ExceptionTranslationFilter@24b8b293, org.springframework.security.web.access.intercept.AuthorizationFilter@6e1760e2]
2026-06-23 20:38:39 [main] INFO  com.xxl.job.core.executor.XxlJobExecutor - >>>>>>>>>>> xxl-job register jobhandler success, name:sendLeaveApprovalNotify, jobHandler:com.xxl.job.core.handler.impl.MethodJobHandler@3bae341[class org.xiaoxu.workflow.job.ApprovalNotifyJobHandler#sendLeaveApprovalNotify]
2026-06-23 20:38:39 [main] INFO  com.xxl.job.core.executor.XxlJobExecutor - >>>>>>>>>>> xxl-job register jobhandler success, name:sendFulfillmentApprovalNotify, jobHandler:com.xxl.job.core.handler.impl.MethodJobHandler@440f66ec[class org.xiaoxu.workflow.job.ApprovalNotifyJobHandler#sendFulfillmentApprovalNotify]
2026-06-23 20:38:39 [main] INFO  o.f.j.s.impl.asyncexecutor.AbstractAsyncExecutor - Starting up the async job executor [org.flowable.spring.job.service.SpringAsyncExecutor] for engine cmmn
2026-06-23 20:38:39 [Thread-8] INFO  o.f.j.s.i.asyncexecutor.ResetExpiredJobsRunnable - starting to reset expired jobs for engine cmmn
2026-06-23 20:38:39 [main] INFO  o.f.j.s.impl.asyncexecutor.AbstractAsyncExecutor - Starting up the async job executor [org.flowable.spring.job.service.SpringAsyncExecutor] for engine bpmn
2026-06-23 20:38:39 [Thread-6] INFO  o.f.j.s.i.a.AcquireAsyncJobsDueRunnable - starting to acquire async jobs due for engine cmmn
2026-06-23 20:38:39 [Thread-7] INFO  o.f.j.s.i.asyncexecutor.AcquireTimerJobsRunnable - starting to acquire async jobs due for engine cmmn
2026-06-23 20:38:39 [Thread-9] INFO  o.f.j.s.i.a.AcquireAsyncJobsDueRunnable - starting to acquire async jobs due for engine bpmn
2026-06-23 20:38:39 [main] INFO  o.f.s.configurator.DefaultAutoDeploymentStrategy - Deploying resources [file [E:\programs\java_arsenal\permission-system\target\classes\processes\fulfillment-approval.bpmn20.xml], file [E:\programs\java_arsenal\permission-system\target\classes\processes\leave-request.bpmn20.xml]] for engine org.flowable.engine.impl.ProcessEngineImpl@6581cd78 deployment name hint SpringBootAutoDeployment
2026-06-23 20:38:39 [Thread-11] INFO  o.f.j.s.i.asyncexecutor.ResetExpiredJobsRunnable - starting to reset expired jobs for engine bpmn
2026-06-23 20:38:39 [Thread-10] INFO  o.f.j.s.i.asyncexecutor.AcquireTimerJobsRunnable - starting to acquire async jobs due for engine bpmn
2026-06-23 20:38:39 [main] INFO  org.apache.coyote.http11.Http11NioProtocol - Starting ProtocolHandler ["http-nio-13690"]
2026-06-23 20:38:39 [main] INFO  o.s.boot.web.embedded.tomcat.TomcatWebServer - Tomcat started on port 13690 (http) with context path ''
2026-06-23 20:38:39 [main] INFO  o.s.a.rabbit.connection.CachingConnectionFactory - Attempting to connect to: [124.222.192.3:5672]
2026-06-23 20:38:39 [Thread-5] INFO  com.xxl.job.core.server.EmbedServer - >>>>>>>>>>> xxl-job remoting server start success, nettype = class com.xxl.job.core.server.EmbedServer, port = 9998
2026-06-23 20:38:39 [main] INFO  o.s.a.rabbit.connection.CachingConnectionFactory - Created new connection: rabbitConnectionFactory#37f0fb02:0/SimpleConnection@3a4c8a5 [delegate=amqp://admin@124.222.192.3:5672/, localPort=4111]
2026-06-23 20:38:40 [main] INFO  org.xiaoxu.PermissionApplication - Started PermissionApplication in 13.201 seconds (process running for 14.494)
2026-06-23 20:38:40 [RMI TCP Connection(3)-192.168.1.2] INFO  o.a.c.core.ContainerBase.[Tomcat].[localhost].[/] - Initializing Spring DispatcherServlet 'dispatcherServlet'
2026-06-23 20:38:40 [RMI TCP Connection(3)-192.168.1.2] INFO  org.springframework.web.servlet.DispatcherServlet - Initializing Servlet 'dispatcherServlet'
2026-06-23 20:38:40 [RMI TCP Connection(3)-192.168.1.2] INFO  org.springframework.web.servlet.DispatcherServlet - Completed initialization in 1 ms
2026-06-23 20:39:25 [http-nio-13690-exec-7] INFO  org.xiaoxu.service.MenuService - 用户[1]的角色IDs: [1]
2026-06-23 20:39:25 [http-nio-13690-exec-7] INFO  org.xiaoxu.service.MenuService - 用户[1]的菜单IDs: [1, 2, 130, 3, 131, 4, 132, 5, 133, 6, 134, 7, 8, 9, 10, 11, 12, 13, 14, 15, 16, 100, 101, 102, 103, 104, 105, 106, 107, 108, 109, 110, 120]
2026-06-23 20:44:04 [http-nio-13690-exec-6] INFO  org.xiaoxu.service.MenuService - 用户[1]的角色IDs: [1]
2026-06-23 20:44:04 [http-nio-13690-exec-6] INFO  org.xiaoxu.service.MenuService - 用户[1]的菜单IDs: [1, 2, 130, 3, 131, 4, 132, 5, 133, 6, 134, 7, 8, 9, 10, 11, 12, 13, 14, 15, 16, 100, 101, 102, 103, 104, 105, 106, 107, 108, 109, 110, 120]
2026-06-23 20:46:30 [http-nio-13690-exec-3] INFO  org.xiaoxu.service.MenuService - 用户[1]的角色IDs: [1]
2026-06-23 20:46:30 [http-nio-13690-exec-3] INFO  org.xiaoxu.service.MenuService - 用户[1]的菜单IDs: [1, 2, 130, 3, 131, 4, 132, 5, 133, 6, 134, 7, 8, 9, 10, 11, 12, 13, 14, 15, 16, 100, 101, 102, 103, 104, 105, 106, 107, 108, 109, 110, 120]
2026-06-23 20:46:31 [http-nio-13690-exec-10] INFO  org.xiaoxu.service.MenuService - 用户[1]的角色IDs: [1]
2026-06-23 20:46:31 [http-nio-13690-exec-10] INFO  org.xiaoxu.service.MenuService - 用户[1]的菜单IDs: [1, 2, 130, 3, 131, 4, 132, 5, 133, 6, 134, 7, 8, 9, 10, 11, 12, 13, 14, 15, 16, 100, 101, 102, 103, 104, 105, 106, 107, 108, 109, 110, 120]
2026-06-23 20:47:10 [http-nio-13690-exec-4] INFO  org.xiaoxu.service.MenuService - 用户[1]的角色IDs: [1]
2026-06-23 20:47:10 [http-nio-13690-exec-4] INFO  org.xiaoxu.service.MenuService - 用户[1]的菜单IDs: [1, 2, 130, 3, 131, 4, 132, 5, 133, 6, 134, 7, 8, 9, 10, 11, 12, 13, 14, 15, 16, 100, 101, 102, 103, 104, 105, 106, 107, 108, 109, 110, 120]
2026-06-23 20:48:42 [http-nio-13690-exec-5] INFO  org.xiaoxu.service.MenuService - 用户[1]的角色IDs: [1]
2026-06-23 20:48:42 [http-nio-13690-exec-5] INFO  org.xiaoxu.service.MenuService - 用户[1]的菜单IDs: [1, 2, 130, 3, 131, 4, 132, 5, 133, 6, 134, 7, 8, 9, 10, 11, 12, 13, 14, 15, 16, 100, 101, 102, 103, 104, 105, 106, 107, 108, 109, 110, 120]
2026-06-23 20:48:44 [http-nio-13690-exec-1] WARN  o.xiaoxu.common.excepiton.GlobalExceptionHandler - 请求的资源不存在 : api/announcement/detail/3 
2026-06-23 20:48:46 [http-nio-13690-exec-2] WARN  o.xiaoxu.common.excepiton.GlobalExceptionHandler - 请求的资源不存在 : api/announcement/detail/1 
2026-06-23 20:49:06 [org.springframework.amqp.rabbit.RabbitListenerEndpointContainer#0-2] INFO  o.s.a.r.listener.SimpleMessageListenerContainer - Waiting for workers to finish.
2026-06-23 20:49:06 [org.springframework.amqp.rabbit.RabbitListenerEndpointContainer#1-2] INFO  o.s.a.r.listener.SimpleMessageListenerContainer - Waiting for workers to finish.
2026-06-23 20:49:06 [org.springframework.amqp.rabbit.RabbitListenerEndpointContainer#2-2] INFO  o.s.a.r.listener.SimpleMessageListenerContainer - Waiting for workers to finish.
2026-06-23 20:49:07 [org.springframework.amqp.rabbit.RabbitListenerEndpointContainer#0-2] INFO  o.s.a.r.listener.SimpleMessageListenerContainer - Successfully waited for workers to finish.
2026-06-23 20:49:07 [org.springframework.amqp.rabbit.RabbitListenerEndpointContainer#1-2] INFO  o.s.a.r.listener.SimpleMessageListenerContainer - Successfully waited for workers to finish.
2026-06-23 20:49:07 [org.springframework.amqp.rabbit.RabbitListenerEndpointContainer#2-2] INFO  o.s.a.r.listener.SimpleMessageListenerContainer - Successfully waited for workers to finish.
2026-06-23 20:49:07 [Thread-5] INFO  com.xxl.job.core.server.EmbedServer - >>>>>>>>>>> xxl-job remoting server stop.
2026-06-23 20:49:07 [xxl-job, executor ExecutorRegistryThread] INFO  com.xxl.job.core.thread.ExecutorRegistryThread - >>>>>>>>>>> xxl-job registry-remove success, registryParam:RegistryParam{registryGroup='EXECUTOR', registryKey='permission-job-executor', registryValue='http://192.168.1.2:9998/'}, registryResult:ReturnT [code=200, msg=null, content=null]
2026-06-23 20:49:07 [xxl-job, executor ExecutorRegistryThread] INFO  com.xxl.job.core.thread.ExecutorRegistryThread - >>>>>>>>>>> xxl-job, executor registry thread destroy.
2026-06-23 20:49:07 [SpringApplicationShutdownHook] INFO  com.xxl.job.core.server.EmbedServer - >>>>>>>>>>> xxl-job remoting server destroy success.
2026-06-23 20:49:07 [xxl-job, executor JobLogFileCleanThread] INFO  com.xxl.job.core.thread.JobLogFileCleanThread - >>>>>>>>>>> xxl-job, executor JobLogFileCleanThread thread destroy.
2026-06-23 20:49:07 [xxl-job, executor TriggerCallbackThread] INFO  com.xxl.job.core.thread.TriggerCallbackThread - >>>>>>>>>>> xxl-job, executor callback thread destroy.
2026-06-23 20:49:07 [Thread-4] INFO  com.xxl.job.core.thread.TriggerCallbackThread - >>>>>>>>>>> xxl-job, executor retry callback thread destroy.
2026-06-23 20:49:07 [SpringApplicationShutdownHook] INFO  o.f.j.s.impl.asyncexecutor.AbstractAsyncExecutor - Shutting down the async job executor [org.flowable.spring.job.service.SpringAsyncExecutor] for engine cmmn
2026-06-23 20:49:07 [flowable-cmmn-acquire-async-jobs] INFO  o.f.j.s.i.a.AcquireAsyncJobsDueRunnable - stopped async job due acquisition for engine cmmn
2026-06-23 20:49:07 [flowable-cmmn-acquire-timer-jobs] INFO  o.f.j.s.i.asyncexecutor.AcquireTimerJobsRunnable - stopped async job due acquisition for engine cmmn
2026-06-23 20:49:07 [flowable-cmmn-reset-expired-jobs] INFO  o.f.j.s.i.asyncexecutor.ResetExpiredJobsRunnable - stopped resetting expired jobs for engine cmmn
2026-06-23 20:49:07 [SpringApplicationShutdownHook] INFO  o.f.j.s.impl.asyncexecutor.AbstractAsyncExecutor - Shutting down the async job executor [org.flowable.spring.job.service.SpringAsyncExecutor] for engine bpmn
2026-06-23 20:49:07 [flowable-bpmn-acquire-async-jobs] INFO  o.f.j.s.i.a.AcquireAsyncJobsDueRunnable - stopped async job due acquisition for engine bpmn
2026-06-23 20:49:07 [flowable-bpmn-reset-expired-jobs] INFO  o.f.j.s.i.asyncexecutor.ResetExpiredJobsRunnable - stopped resetting expired jobs for engine bpmn
2026-06-23 20:49:07 [flowable-bpmn-acquire-timer-jobs] INFO  o.f.j.s.i.asyncexecutor.AcquireTimerJobsRunnable - stopped async job due acquisition for engine bpmn
2026-06-23 20:49:07 [SpringApplicationShutdownHook] INFO  com.zaxxer.hikari.HikariDataSource - HikariPool-1 - Shutdown initiated...
2026-06-23 20:49:07 [SpringApplicationShutdownHook] INFO  com.zaxxer.hikari.HikariDataSource - HikariPool-1 - Shutdown completed.
2026-06-25 20:35:12 [background-preinit] INFO  org.hibernate.validator.internal.util.Version - HV000001: Hibernate Validator 8.0.1.Final
2026-06-25 20:35:13 [main] INFO  org.xiaoxu.PermissionApplication - Starting PermissionApplication using Java 17.0.12 with PID 11808 (E:\programs\java_arsenal\permission-system\target\classes started by tingq in E:\programs\java_arsenal)
2026-06-25 20:35:13 [main] INFO  org.xiaoxu.PermissionApplication - The following 1 profile is active: "local"
2026-06-25 20:35:15 [main] INFO  o.s.d.r.config.RepositoryConfigurationDelegate - Multiple Spring Data modules found, entering strict repository configuration mode
2026-06-25 20:35:15 [main] INFO  o.s.d.r.config.RepositoryConfigurationDelegate - Bootstrapping Spring Data Redis repositories in DEFAULT mode.
2026-06-25 20:35:15 [main] INFO  o.s.d.r.config.RepositoryConfigurationDelegate - Finished Spring Data repository scanning in 47 ms. Found 0 Redis repository interfaces.
2026-06-25 20:35:16 [main] WARN  o.s.c.s.PostProcessorRegistrationDelegate$BeanPostProcessorChecker - Bean 'com.alicp.jetcache.anno.config.JetCacheProxyConfiguration' of type [com.alicp.jetcache.anno.config.JetCacheProxyConfiguration$$SpringCGLIB$$0] is not eligible for getting processed by all BeanPostProcessors (for example: not eligible for auto-proxying). Is this bean getting eagerly injected into a currently created BeanPostProcessor [meterRegistryPostProcessor]? Check the corresponding BeanPostProcessor declaration and its dependencies.
2026-06-25 20:35:16 [main] WARN  o.s.c.s.PostProcessorRegistrationDelegate$BeanPostProcessorChecker - Bean 'com.alicp.jetcache.anno.config.CommonConfiguration' of type [com.alicp.jetcache.anno.config.CommonConfiguration$$SpringCGLIB$$0] is not eligible for getting processed by all BeanPostProcessors (for example: not eligible for auto-proxying). Is this bean getting eagerly injected into a currently created BeanPostProcessor [meterRegistryPostProcessor]? Check the corresponding BeanPostProcessor declaration and its dependencies.
2026-06-25 20:35:17 [main] INFO  o.s.boot.web.embedded.tomcat.TomcatWebServer - Tomcat initialized with port 13690 (http)
2026-06-25 20:35:17 [main] INFO  org.apache.coyote.http11.Http11NioProtocol - Initializing ProtocolHandler ["http-nio-13690"]
2026-06-25 20:35:17 [main] INFO  org.apache.catalina.core.StandardService - Starting service [Tomcat]
2026-06-25 20:35:17 [main] INFO  org.apache.catalina.core.StandardEngine - Starting Servlet engine: [Apache Tomcat/10.1.18]
2026-06-25 20:35:17 [main] INFO  o.a.c.core.ContainerBase.[Tomcat].[localhost].[/] - Initializing Spring embedded WebApplicationContext
2026-06-25 20:35:17 [main] INFO  o.s.b.w.s.c.ServletWebServerApplicationContext - Root WebApplicationContext: initialization completed in 4203 ms
2026-06-25 20:35:17 [main] INFO  org.redisson.Version - Redisson 3.24.3
2026-06-25 20:35:18 [redisson-netty-2-5] INFO  o.r.connection.pool.MasterPubSubConnectionPool - 1 connections initialized for 192.168.200.128/192.168.200.128:6379
2026-06-25 20:35:18 [redisson-netty-2-19] INFO  org.redisson.connection.pool.MasterConnectionPool - 24 connections initialized for 192.168.200.128/192.168.200.128:6379
2026-06-25 20:35:20 [main] INFO  org.xiaoxu.service.OssService - OSS 客户端初始化完成, bucket=oss-inshanghai
2026-06-25 20:35:20 [main] INFO  o.xiaoxu.workflow.approval.ApprovalHandlerRegistry - 审批回调注册完成，已注册业务: [fulfillment-approval, leave-request]
2026-06-25 20:35:21 [main] INFO  o.f.spring.boot.cmmn.CmmnEngineAutoConfiguration - No deployment resources were found for autodeployment
2026-06-25 20:35:21 [main] INFO  o.f.spring.boot.dmn.DmnEngineAutoConfiguration - No deployment resources were found for autodeployment
2026-06-25 20:35:21 [main] INFO  o.f.s.b.e.EventRegistryAutoConfiguration - No deployment resources were found for autodeployment
2026-06-25 20:35:21 [main] INFO  o.f.spring.boot.app.AppEngineAutoConfiguration - No deployment resources were found for autodeployment
2026-06-25 20:35:21 [main] INFO  o.flowable.app.spring.SpringAppEngineConfiguration - Found 5 Engine Configurators in total:
2026-06-25 20:35:21 [main] INFO  o.flowable.app.spring.SpringAppEngineConfiguration - class org.flowable.engine.spring.configurator.SpringProcessEngineConfigurator (priority:50000)
2026-06-25 20:35:21 [main] INFO  o.flowable.app.spring.SpringAppEngineConfiguration - class org.flowable.eventregistry.spring.configurator.SpringEventRegistryConfigurator (priority:100000)
2026-06-25 20:35:21 [main] INFO  o.flowable.app.spring.SpringAppEngineConfiguration - class org.flowable.idm.spring.configurator.SpringIdmEngineConfigurator (priority:150000)
2026-06-25 20:35:21 [main] INFO  o.flowable.app.spring.SpringAppEngineConfiguration - class org.flowable.dmn.spring.configurator.SpringDmnEngineConfigurator (priority:200000)
2026-06-25 20:35:21 [main] INFO  o.flowable.app.spring.SpringAppEngineConfiguration - class org.flowable.cmmn.spring.configurator.SpringCmmnEngineConfigurator (priority:500000)
2026-06-25 20:35:21 [main] INFO  o.flowable.app.spring.SpringAppEngineConfiguration - Executing beforeInit() of class org.flowable.engine.spring.configurator.SpringProcessEngineConfigurator (priority:50000)
2026-06-25 20:35:21 [main] INFO  o.flowable.app.spring.SpringAppEngineConfiguration - Executing beforeInit() of class org.flowable.eventregistry.spring.configurator.SpringEventRegistryConfigurator (priority:100000)
2026-06-25 20:35:21 [main] INFO  o.flowable.app.spring.SpringAppEngineConfiguration - Executing beforeInit() of class org.flowable.idm.spring.configurator.SpringIdmEngineConfigurator (priority:150000)
2026-06-25 20:35:21 [main] INFO  o.flowable.app.spring.SpringAppEngineConfiguration - Executing beforeInit() of class org.flowable.dmn.spring.configurator.SpringDmnEngineConfigurator (priority:200000)
2026-06-25 20:35:21 [main] INFO  o.flowable.app.spring.SpringAppEngineConfiguration - Executing beforeInit() of class org.flowable.cmmn.spring.configurator.SpringCmmnEngineConfigurator (priority:500000)
2026-06-25 20:35:21 [main] INFO  com.zaxxer.hikari.HikariDataSource - HikariPool-1 - Starting...
2026-06-25 20:35:22 [main] INFO  com.zaxxer.hikari.pool.HikariPool - HikariPool-1 - Added connection com.mysql.cj.jdbc.ConnectionImpl@1acf7db2
2026-06-25 20:35:22 [main] INFO  com.zaxxer.hikari.HikariDataSource - HikariPool-1 - Start completed.
2026-06-25 20:35:23 [main] INFO  o.flowable.app.spring.SpringAppEngineConfiguration - Executing configure() of class org.flowable.engine.spring.configurator.SpringProcessEngineConfigurator (priority:50000)
2026-06-25 20:35:23 [main] INFO  org.flowable.engine.impl.ProcessEngineImpl - ProcessEngine default created
2026-06-25 20:35:23 [main] INFO  o.flowable.engine.impl.cmd.ValidateV5EntitiesCmd - Total of v5 deployments found: 0
2026-06-25 20:35:23 [main] INFO  o.flowable.app.spring.SpringAppEngineConfiguration - Executing configure() of class org.flowable.eventregistry.spring.configurator.SpringEventRegistryConfigurator (priority:100000)
2026-06-25 20:35:25 [main] INFO  liquibase.changelog - Reading from `2026mysql_ds`.FLW_EV_DATABASECHANGELOG
2026-06-25 20:35:25 [main] INFO  liquibase.changelog - Reading from `2026mysql_ds`.FLW_EV_DATABASECHANGELOG
2026-06-25 20:35:25 [main] INFO  liquibase.util - UPDATE SUMMARY
2026-06-25 20:35:25 [main] INFO  liquibase.util - Run:                          0
2026-06-25 20:35:25 [main] INFO  liquibase.util - Previously run:               3
2026-06-25 20:35:25 [main] INFO  liquibase.util - Filtered out:                 0
2026-06-25 20:35:25 [main] INFO  liquibase.util - -------------------------------
2026-06-25 20:35:25 [main] INFO  liquibase.util - Total change sets:            3
2026-06-25 20:35:25 [main] INFO  liquibase.util - Update summary generated
2026-06-25 20:35:25 [main] INFO  liquibase.lockservice - Successfully released change log lock
2026-06-25 20:35:25 [main] INFO  liquibase.command - Command execution complete
2026-06-25 20:35:25 [main] INFO  o.f.eventregistry.impl.EventRegistryEngineImpl - EventRegistryEngine default created
2026-06-25 20:35:25 [main] INFO  o.flowable.app.spring.SpringAppEngineConfiguration - Executing configure() of class org.flowable.idm.spring.configurator.SpringIdmEngineConfigurator (priority:150000)
2026-06-25 20:35:25 [main] INFO  org.flowable.idm.engine.impl.IdmEngineImpl - IdmEngine default created
2026-06-25 20:35:25 [main] INFO  o.flowable.app.spring.SpringAppEngineConfiguration - Executing configure() of class org.flowable.dmn.spring.configurator.SpringDmnEngineConfigurator (priority:200000)
2026-06-25 20:35:25 [main] INFO  liquibase.changelog - Reading from `2026mysql_ds`.ACT_DMN_DATABASECHANGELOG
2026-06-25 20:35:25 [main] INFO  liquibase.changelog - Reading from `2026mysql_ds`.ACT_DMN_DATABASECHANGELOG
2026-06-25 20:35:25 [main] INFO  liquibase.util - UPDATE SUMMARY
2026-06-25 20:35:25 [main] INFO  liquibase.util - Run:                          0
2026-06-25 20:35:25 [main] INFO  liquibase.util - Previously run:               9
2026-06-25 20:35:25 [main] INFO  liquibase.util - Filtered out:                 0
2026-06-25 20:35:25 [main] INFO  liquibase.util - -------------------------------
2026-06-25 20:35:25 [main] INFO  liquibase.util - Total change sets:            9
2026-06-25 20:35:25 [main] INFO  liquibase.util - Update summary generated
2026-06-25 20:35:25 [main] INFO  liquibase.lockservice - Successfully released change log lock
2026-06-25 20:35:25 [main] INFO  liquibase.command - Command execution complete
2026-06-25 20:35:25 [main] INFO  org.flowable.dmn.engine.impl.DmnEngineImpl - DmnEngine default created
2026-06-25 20:35:25 [main] INFO  o.flowable.app.spring.SpringAppEngineConfiguration - Executing configure() of class org.flowable.cmmn.spring.configurator.SpringCmmnEngineConfigurator (priority:500000)
2026-06-25 20:35:26 [main] INFO  liquibase.changelog - Reading from `2026mysql_ds`.ACT_CMMN_DATABASECHANGELOG
2026-06-25 20:35:26 [main] INFO  liquibase.changelog - Reading from `2026mysql_ds`.ACT_CMMN_DATABASECHANGELOG
2026-06-25 20:35:26 [main] INFO  liquibase.util - UPDATE SUMMARY
2026-06-25 20:35:26 [main] INFO  liquibase.util - Run:                          0
2026-06-25 20:35:26 [main] INFO  liquibase.util - Previously run:              16
2026-06-25 20:35:26 [main] INFO  liquibase.util - Filtered out:                 1
2026-06-25 20:35:26 [main] INFO  liquibase.util - -------------------------------
2026-06-25 20:35:26 [main] INFO  liquibase.util - Total change sets:           17
2026-06-25 20:35:26 [main] INFO  liquibase.util - FILTERED CHANGE SETS SUMMARY
2026-06-25 20:35:26 [main] INFO  liquibase.util - DBMS mismatch:                1
2026-06-25 20:35:26 [main] INFO  liquibase.util - Update summary generated
2026-06-25 20:35:26 [main] INFO  liquibase.lockservice - Successfully released change log lock
2026-06-25 20:35:26 [main] INFO  liquibase.command - Command execution complete
2026-06-25 20:35:26 [main] INFO  org.flowable.cmmn.engine.impl.CmmnEngineImpl - CmmnEngine default created
2026-06-25 20:35:26 [main] INFO  liquibase.changelog - Reading from `2026mysql_ds`.ACT_APP_DATABASECHANGELOG
2026-06-25 20:35:26 [main] INFO  liquibase.changelog - Reading from `2026mysql_ds`.ACT_APP_DATABASECHANGELOG
2026-06-25 20:35:26 [main] INFO  liquibase.util - UPDATE SUMMARY
2026-06-25 20:35:26 [main] INFO  liquibase.util - Run:                          0
2026-06-25 20:35:26 [main] INFO  liquibase.util - Previously run:               3
2026-06-25 20:35:26 [main] INFO  liquibase.util - Filtered out:                 0
2026-06-25 20:35:26 [main] INFO  liquibase.util - -------------------------------
2026-06-25 20:35:26 [main] INFO  liquibase.util - Total change sets:            3
2026-06-25 20:35:26 [main] INFO  liquibase.util - Update summary generated
2026-06-25 20:35:26 [main] INFO  liquibase.lockservice - Successfully released change log lock
2026-06-25 20:35:26 [main] INFO  liquibase.command - Command execution complete
2026-06-25 20:35:26 [main] INFO  org.flowable.app.engine.impl.AppEngineImpl - AppEngine default created
2026-06-25 20:35:27 [main] INFO  o.s.b.actuate.endpoint.web.EndpointLinksResolver - Exposing 1 endpoint(s) beneath base path '/actuator'
2026-06-25 20:35:27 [main] INFO  o.s.security.web.DefaultSecurityFilterChain - Will secure any request with [org.springframework.security.web.session.DisableEncodeUrlFilter@3adce97b, org.springframework.security.web.context.request.async.WebAsyncManagerIntegrationFilter@5168ed6e, org.springframework.security.web.context.SecurityContextHolderFilter@44f66b7a, org.springframework.security.web.header.HeaderWriterFilter@378cd260, org.springframework.web.filter.CorsFilter@62376bdd, org.springframework.security.web.authentication.logout.LogoutFilter@75b52cb1, org.xiaoxu.auth.TokenAuthenticationFilter@32b8992e, org.springframework.security.web.savedrequest.RequestCacheAwareFilter@54e2b360, org.springframework.security.web.servletapi.SecurityContextHolderAwareRequestFilter@18918606, org.springframework.security.web.authentication.AnonymousAuthenticationFilter@6a345168, org.springframework.security.web.session.SessionManagementFilter@2b62dddf, org.springframework.security.web.access.ExceptionTranslationFilter@7c039f70, org.springframework.security.web.access.intercept.AuthorizationFilter@4fec1bc2]
2026-06-25 20:35:28 [main] INFO  com.xxl.job.core.executor.XxlJobExecutor - >>>>>>>>>>> xxl-job register jobhandler success, name:sendLeaveApprovalNotify, jobHandler:com.xxl.job.core.handler.impl.MethodJobHandler@2a71d462[class org.xiaoxu.workflow.job.ApprovalNotifyJobHandler#sendLeaveApprovalNotify]
2026-06-25 20:35:28 [main] INFO  com.xxl.job.core.executor.XxlJobExecutor - >>>>>>>>>>> xxl-job register jobhandler success, name:sendFulfillmentApprovalNotify, jobHandler:com.xxl.job.core.handler.impl.MethodJobHandler@68faa4bb[class org.xiaoxu.workflow.job.ApprovalNotifyJobHandler#sendFulfillmentApprovalNotify]
2026-06-25 20:35:28 [main] INFO  com.xxl.job.core.executor.XxlJobExecutor - >>>>>>>>>>> xxl-job register jobhandler success, name:syncFulfillmentApprovalStatus, jobHandler:com.xxl.job.core.handler.impl.MethodJobHandler@67a831b1[class org.xiaoxu.workflow.job.ApprovalStatusSyncJob#syncFulfillmentApprovalStatus]
2026-06-25 20:35:28 [main] INFO  com.xxl.job.core.executor.XxlJobExecutor - >>>>>>>>>>> xxl-job register jobhandler success, name:syncLeaveApprovalStatus, jobHandler:com.xxl.job.core.handler.impl.MethodJobHandler@5de70652[class org.xiaoxu.workflow.job.ApprovalStatusSyncJob#syncLeaveApprovalStatus]
2026-06-25 20:35:29 [main] INFO  o.f.j.s.impl.asyncexecutor.AbstractAsyncExecutor - Starting up the async job executor [org.flowable.spring.job.service.SpringAsyncExecutor] for engine cmmn
2026-06-25 20:35:29 [Thread-8] INFO  o.f.j.s.i.asyncexecutor.ResetExpiredJobsRunnable - starting to reset expired jobs for engine cmmn
2026-06-25 20:35:29 [main] INFO  o.f.j.s.impl.asyncexecutor.AbstractAsyncExecutor - Starting up the async job executor [org.flowable.spring.job.service.SpringAsyncExecutor] for engine bpmn
2026-06-25 20:35:29 [Thread-7] INFO  o.f.j.s.i.asyncexecutor.AcquireTimerJobsRunnable - starting to acquire async jobs due for engine cmmn
2026-06-25 20:35:29 [Thread-6] INFO  o.f.j.s.i.a.AcquireAsyncJobsDueRunnable - starting to acquire async jobs due for engine cmmn
2026-06-25 20:35:29 [Thread-10] INFO  o.f.j.s.i.asyncexecutor.AcquireTimerJobsRunnable - starting to acquire async jobs due for engine bpmn
2026-06-25 20:35:29 [Thread-9] INFO  o.f.j.s.i.a.AcquireAsyncJobsDueRunnable - starting to acquire async jobs due for engine bpmn
2026-06-25 20:35:29 [main] INFO  o.f.s.configurator.DefaultAutoDeploymentStrategy - Deploying resources [file [E:\programs\java_arsenal\permission-system\target\classes\processes\fulfillment-approval.bpmn20.xml], file [E:\programs\java_arsenal\permission-system\target\classes\processes\leave-request-v2.bpmn20.xml], file [E:\programs\java_arsenal\permission-system\target\classes\processes\leave-request.bpmn20.xml]] for engine org.flowable.engine.impl.ProcessEngineImpl@3bbdc4c4 deployment name hint SpringBootAutoDeployment
2026-06-25 20:35:29 [Thread-11] INFO  o.f.j.s.i.asyncexecutor.ResetExpiredJobsRunnable - starting to reset expired jobs for engine bpmn
2026-06-25 20:35:29 [main] INFO  org.apache.coyote.http11.Http11NioProtocol - Starting ProtocolHandler ["http-nio-13690"]
2026-06-25 20:35:29 [main] INFO  o.s.boot.web.embedded.tomcat.TomcatWebServer - Tomcat started on port 13690 (http) with context path ''
2026-06-25 20:35:29 [main] INFO  o.s.a.rabbit.connection.CachingConnectionFactory - Attempting to connect to: [124.222.192.3:5672]
2026-06-25 20:35:29 [Thread-5] INFO  com.xxl.job.core.server.EmbedServer - >>>>>>>>>>> xxl-job remoting server start success, nettype = class com.xxl.job.core.server.EmbedServer, port = 9998
2026-06-25 20:35:29 [main] INFO  o.s.a.rabbit.connection.CachingConnectionFactory - Created new connection: rabbitConnectionFactory#5692863:0/SimpleConnection@cc82479 [delegate=amqp://admin@124.222.192.3:5672/, localPort=9544]
2026-06-25 20:35:29 [main] INFO  org.xiaoxu.PermissionApplication - Started PermissionApplication in 17.481 seconds (process running for 19.838)
2026-06-25 20:35:30 [RMI TCP Connection(5)-192.168.1.2] INFO  o.a.c.core.ContainerBase.[Tomcat].[localhost].[/] - Initializing Spring DispatcherServlet 'dispatcherServlet'
2026-06-25 20:35:30 [RMI TCP Connection(5)-192.168.1.2] INFO  org.springframework.web.servlet.DispatcherServlet - Initializing Servlet 'dispatcherServlet'
2026-06-25 20:35:30 [RMI TCP Connection(5)-192.168.1.2] INFO  org.springframework.web.servlet.DispatcherServlet - Completed initialization in 1 ms
2026-06-25 20:35:32 [http-nio-13690-exec-4] WARN  org.xiaoxu.auth.TokenAuthenticationFilter - Token 已失效: Redis 中不存在该 token
2026-06-25 20:35:32 [http-nio-13690-exec-3] WARN  org.xiaoxu.auth.TokenAuthenticationFilter - Token 已失效: Redis 中不存在该 token
2026-06-25 20:35:40 [http-nio-13690-exec-8] INFO  org.xiaoxu.service.AuditLogService - 登录日志已发送到MQ, username=admin
2026-06-25 20:35:40 [http-nio-13690-exec-6] INFO  org.xiaoxu.service.MenuService - 用户[1]的角色IDs: [1]
2026-06-25 20:35:40 [http-nio-13690-exec-6] INFO  org.xiaoxu.service.MenuService - 用户[1]的菜单IDs: [1, 2, 130, 3, 131, 4, 132, 5, 133, 6, 134, 7, 8, 9, 10, 11, 12, 13, 14, 15, 16, 100, 101, 102, 103, 104, 105, 106, 107, 108, 109, 110, 120]
2026-06-25 20:42:33 [http-nio-13690-exec-2] INFO  org.xiaoxu.service.MenuService - 用户[1]的角色IDs: [1]
2026-06-25 20:42:33 [http-nio-13690-exec-2] INFO  org.xiaoxu.service.MenuService - 用户[1]的菜单IDs: [1, 2, 130, 3, 131, 4, 132, 5, 133, 6, 134, 7, 8, 9, 10, 11, 12, 13, 14, 15, 16, 100, 101, 102, 103, 104, 105, 106, 107, 108, 109, 110, 120]
2026-06-25 20:43:42 [http-nio-13690-exec-8] WARN  o.x.workflow.service.impl.FlowableLeaveServiceImpl - 查找经理审批人失败，使用默认值
org.springframework.jdbc.BadSqlGrammarException: 
### Error querying database.  Cause: java.sql.SQLSyntaxErrorException: Table '2026mysql_ds.sys_user_department' doesn't exist
### The error may exist in org/xiaoxu/workflow/mapper/UserDepartmentMapper.java (best guess)
### The error may involve defaultParameterMap
### The error occurred while setting parameters
### SQL: SELECT  id,user_id,username,department_id,is_primary,create_time  FROM sys_user_department      WHERE  (username = ? AND is_primary = ?)
### Cause: java.sql.SQLSyntaxErrorException: Table '2026mysql_ds.sys_user_department' doesn't exist
; bad SQL grammar []
	at org.springframework.jdbc.support.SQLErrorCodeSQLExceptionTranslator.doTranslate(SQLErrorCodeSQLExceptionTranslator.java:246)
	at org.springframework.jdbc.support.AbstractFallbackSQLExceptionTranslator.translate(AbstractFallbackSQLExceptionTranslator.java:107)
	at org.mybatis.spring.MyBatisExceptionTranslator.translateExceptionIfPossible(MyBatisExceptionTranslator.java:92)
	at org.mybatis.spring.SqlSessionTemplate$SqlSessionInterceptor.invoke(SqlSessionTemplate.java:439)
	at jdk.proxy2/jdk.proxy2.$Proxy123.selectList(Unknown Source)
	at org.mybatis.spring.SqlSessionTemplate.selectList(SqlSessionTemplate.java:224)
	at com.baomidou.mybatisplus.core.override.MybatisMapperMethod.executeForMany(MybatisMapperMethod.java:164)
	at com.baomidou.mybatisplus.core.override.MybatisMapperMethod.execute(MybatisMapperMethod.java:77)
	at com.baomidou.mybatisplus.core.override.MybatisMapperProxy$PlainMethodInvoker.invoke(MybatisMapperProxy.java:152)
	at com.baomidou.mybatisplus.core.override.MybatisMapperProxy.invoke(MybatisMapperProxy.java:89)
	at jdk.proxy2/jdk.proxy2.$Proxy162.selectList(Unknown Source)
	at com.baomidou.mybatisplus.core.mapper.BaseMapper.selectOne(BaseMapper.java:222)
	at java.base/java.lang.invoke.MethodHandle.invokeWithArguments(MethodHandle.java:732)
	at com.baomidou.mybatisplus.core.override.MybatisMapperProxy$DefaultMethodInvoker.invoke(MybatisMapperProxy.java:166)
	at com.baomidou.mybatisplus.core.override.MybatisMapperProxy.invoke(MybatisMapperProxy.java:89)
	at jdk.proxy2/jdk.proxy2.$Proxy162.selectOne(Unknown Source)
	at com.baomidou.mybatisplus.core.mapper.BaseMapper.selectOne(BaseMapper.java:211)
	at java.base/java.lang.invoke.MethodHandle.invokeWithArguments(MethodHandle.java:732)
	at com.baomidou.mybatisplus.core.override.MybatisMapperProxy$DefaultMethodInvoker.invoke(MybatisMapperProxy.java:166)
	at com.baomidou.mybatisplus.core.override.MybatisMapperProxy.invoke(MybatisMapperProxy.java:89)
	at jdk.proxy2/jdk.proxy2.$Proxy162.selectOne(Unknown Source)
	at org.xiaoxu.workflow.service.impl.DepartmentServiceImpl.getPrimaryDepartment(DepartmentServiceImpl.java:57)
	at java.base/jdk.internal.reflect.NativeMethodAccessorImpl.invoke0(Native Method)
	at java.base/jdk.internal.reflect.NativeMethodAccessorImpl.invoke(NativeMethodAccessorImpl.java:77)
	at java.base/jdk.internal.reflect.DelegatingMethodAccessorImpl.invoke(DelegatingMethodAccessorImpl.java:43)
	at java.base/java.lang.reflect.Method.invoke(Method.java:568)
	at org.springframework.aop.support.AopUtils.invokeJoinpointUsingReflection(AopUtils.java:351)
	at org.springframework.aop.framework.CglibAopProxy$DynamicAdvisedInterceptor.intercept(CglibAopProxy.java:713)
	at org.xiaoxu.workflow.service.impl.DepartmentServiceImpl$$SpringCGLIB$$0.getPrimaryDepartment(<generated>)
	at org.xiaoxu.workflow.service.impl.FlowableLeaveServiceImpl.findManagerApprover(FlowableLeaveServiceImpl.java:111)
	at org.xiaoxu.workflow.service.impl.FlowableLeaveServiceImpl.submitApproval(FlowableLeaveServiceImpl.java:72)
	at org.xiaoxu.workflow.controller.ApproveLeaveController.submitApproval(ApproveLeaveController.java:62)
	at java.base/jdk.internal.reflect.NativeMethodAccessorImpl.invoke0(Native Method)
	at java.base/jdk.internal.reflect.NativeMethodAccessorImpl.invoke(NativeMethodAccessorImpl.java:77)
	at java.base/jdk.internal.reflect.DelegatingMethodAccessorImpl.invoke(DelegatingMethodAccessorImpl.java:43)
	at java.base/java.lang.reflect.Method.invoke(Method.java:568)
	at org.springframework.web.method.support.InvocableHandlerMethod.doInvoke(InvocableHandlerMethod.java:261)
	at org.springframework.web.method.support.InvocableHandlerMethod.invokeForRequest(InvocableHandlerMethod.java:189)
	at org.springframework.web.servlet.mvc.method.annotation.ServletInvocableHandlerMethod.invokeAndHandle(ServletInvocableHandlerMethod.java:118)
	at org.springframework.web.servlet.mvc.method.annotation.RequestMappingHandlerAdapter.invokeHandlerMethod(RequestMappingHandlerAdapter.java:917)
	at org.springframework.web.servlet.mvc.method.annotation.RequestMappingHandlerAdapter.handleInternal(RequestMappingHandlerAdapter.java:829)
	at org.springframework.web.servlet.mvc.method.AbstractHandlerMethodAdapter.handle(AbstractHandlerMethodAdapter.java:87)
	at org.springframework.web.servlet.DispatcherServlet.doDispatch(DispatcherServlet.java:1089)
	at org.springframework.web.servlet.DispatcherServlet.doService(DispatcherServlet.java:979)
	at org.springframework.web.servlet.FrameworkServlet.processRequest(FrameworkServlet.java:1014)
	at org.springframework.web.servlet.FrameworkServlet.doPost(FrameworkServlet.java:914)
	at jakarta.servlet.http.HttpServlet.service(HttpServlet.java:590)
	at org.springframework.web.servlet.FrameworkServlet.service(FrameworkServlet.java:885)
	at jakarta.servlet.http.HttpServlet.service(HttpServlet.java:658)
	at org.apache.catalina.core.ApplicationFilterChain.internalDoFilter(ApplicationFilterChain.java:205)
	at org.apache.catalina.core.ApplicationFilterChain.doFilter(ApplicationFilterChain.java:149)
	at org.apache.tomcat.websocket.server.WsFilter.doFilter(WsFilter.java:51)
	at org.apache.catalina.core.ApplicationFilterChain.internalDoFilter(ApplicationFilterChain.java:174)
	at org.apache.catalina.core.ApplicationFilterChain.doFilter(ApplicationFilterChain.java:149)
	at org.springframework.web.filter.OncePerRequestFilter.doFilter(OncePerRequestFilter.java:110)
	at org.apache.catalina.core.ApplicationFilterChain.internalDoFilter(ApplicationFilterChain.java:174)
	at org.apache.catalina.core.ApplicationFilterChain.doFilter(ApplicationFilterChain.java:149)
	at org.springframework.web.filter.OncePerRequestFilter.doFilter(OncePerRequestFilter.java:110)
	at org.apache.catalina.core.ApplicationFilterChain.internalDoFilter(ApplicationFilterChain.java:174)
	at org.apache.catalina.core.ApplicationFilterChain.doFilter(ApplicationFilterChain.java:149)
	at org.springframework.web.filter.CompositeFilter$VirtualFilterChain.doFilter(CompositeFilter.java:108)
	at org.springframework.security.web.FilterChainProxy.lambda$doFilterInternal$3(FilterChainProxy.java:231)
	at org.springframework.security.web.ObservationFilterChainDecorator$FilterObservation$SimpleFilterObservation.lambda$wrap$1(ObservationFilterChainDecorator.java:479)
	at org.springframework.security.web.ObservationFilterChainDecorator$AroundFilterObservation$SimpleAroundFilterObservation.lambda$wrap$1(ObservationFilterChainDecorator.java:340)
	at org.springframework.security.web.ObservationFilterChainDecorator.lambda$wrapSecured$0(ObservationFilterChainDecorator.java:82)
	at org.springframework.security.web.ObservationFilterChainDecorator$VirtualFilterChain.doFilter(ObservationFilterChainDecorator.java:128)
	at org.springframework.security.web.access.intercept.AuthorizationFilter.doFilter(AuthorizationFilter.java:100)
	at org.springframework.security.web.ObservationFilterChainDecorator$ObservationFilter.wrapFilter(ObservationFilterChainDecorator.java:240)
	at org.springframework.security.web.ObservationFilterChainDecorator$ObservationFilter.doFilter(ObservationFilterChainDecorator.java:227)
	at org.springframework.security.web.ObservationFilterChainDecorator$VirtualFilterChain.doFilter(ObservationFilterChainDecorator.java:137)
	at org.springframework.security.web.access.ExceptionTranslationFilter.doFilter(ExceptionTranslationFilter.java:126)
	at org.springframework.security.web.access.ExceptionTranslationFilter.doFilter(ExceptionTranslationFilter.java:120)
	at org.springframework.security.web.ObservationFilterChainDecorator$ObservationFilter.wrapFilter(ObservationFilterChainDecorator.java:240)
	at org.springframework.security.web.ObservationFilterChainDecorator$ObservationFilter.doFilter(ObservationFilterChainDecorator.java:227)
	at org.springframework.security.web.ObservationFilterChainDecorator$VirtualFilterChain.doFilter(ObservationFilterChainDecorator.java:137)
	at org.springframework.security.web.session.SessionManagementFilter.doFilter(SessionManagementFilter.java:131)
	at org.springframework.security.web.session.SessionManagementFilter.doFilter(SessionManagementFilter.java:85)
	at org.springframework.security.web.ObservationFilterChainDecorator$ObservationFilter.wrapFilter(ObservationFilterChainDecorator.java:240)
	at org.springframework.security.web.ObservationFilterChainDecorator$ObservationFilter.doFilter(ObservationFilterChainDecorator.java:227)
	at org.springframework.security.web.ObservationFilterChainDecorator$VirtualFilterChain.doFilter(ObservationFilterChainDecorator.java:137)
	at org.springframework.security.web.authentication.AnonymousAuthenticationFilter.doFilter(AnonymousAuthenticationFilter.java:100)
	at org.springframework.security.web.ObservationFilterChainDecorator$ObservationFilter.wrapFilter(ObservationFilterChainDecorator.java:240)
	at org.springframework.security.web.ObservationFilterChainDecorator$ObservationFilter.doFilter(ObservationFilterChainDecorator.java:227)
	at org.springframework.security.web.ObservationFilterChainDecorator$VirtualFilterChain.doFilter(ObservationFilterChainDecorator.java:137)
	at org.springframework.security.web.servletapi.SecurityContextHolderAwareRequestFilter.doFilter(SecurityContextHolderAwareRequestFilter.java:179)
	at org.springframework.security.web.ObservationFilterChainDecorator$ObservationFilter.wrapFilter(ObservationFilterChainDecorator.java:240)
	at org.springframework.security.web.ObservationFilterChainDecorator$ObservationFilter.doFilter(ObservationFilterChainDecorator.java:227)
	at org.springframework.security.web.ObservationFilterChainDecorator$VirtualFilterChain.doFilter(ObservationFilterChainDecorator.java:137)
	at org.springframework.security.web.savedrequest.RequestCacheAwareFilter.doFilter(RequestCacheAwareFilter.java:63)
	at org.springframework.security.web.ObservationFilterChainDecorator$ObservationFilter.wrapFilter(ObservationFilterChainDecorator.java:240)
	at org.springframework.security.web.ObservationFilterChainDecorator$ObservationFilter.doFilter(ObservationFilterChainDecorator.java:227)
	at org.springframework.security.web.ObservationFilterChainDecorator$VirtualFilterChain.doFilter(ObservationFilterChainDecorator.java:137)
	at org.xiaoxu.auth.TokenAuthenticationFilter.doFilterInternal(TokenAuthenticationFilter.java:73)
	at org.springframework.web.filter.OncePerRequestFilter.doFilter(OncePerRequestFilter.java:116)
	at org.springframework.security.web.ObservationFilterChainDecorator$ObservationFilter.wrapFilter(ObservationFilterChainDecorator.java:240)
	at org.springframework.security.web.ObservationFilterChainDecorator$ObservationFilter.doFilter(ObservationFilterChainDecorator.java:227)
	at org.springframework.security.web.ObservationFilterChainDecorator$VirtualFilterChain.doFilter(ObservationFilterChainDecorator.java:137)
	at org.springframework.security.web.authentication.logout.LogoutFilter.doFilter(LogoutFilter.java:107)
	at org.springframework.security.web.authentication.logout.LogoutFilter.doFilter(LogoutFilter.java:93)
	at org.springframework.security.web.ObservationFilterChainDecorator$ObservationFilter.wrapFilter(ObservationFilterChainDecorator.java:240)
	at org.springframework.security.web.ObservationFilterChainDecorator$ObservationFilter.doFilter(ObservationFilterChainDecorator.java:227)
	at org.springframework.security.web.ObservationFilterChainDecorator$VirtualFilterChain.doFilter(ObservationFilterChainDecorator.java:137)
	at org.springframework.web.filter.CorsFilter.doFilterInternal(CorsFilter.java:91)
	at org.springframework.web.filter.OncePerRequestFilter.doFilter(OncePerRequestFilter.java:116)
	at org.springframework.security.web.ObservationFilterChainDecorator$ObservationFilter.wrapFilter(ObservationFilterChainDecorator.java:240)
	at org.springframework.security.web.ObservationFilterChainDecorator$ObservationFilter.doFilter(ObservationFilterChainDecorator.java:227)
	at org.springframework.security.web.ObservationFilterChainDecorator$VirtualFilterChain.doFilter(ObservationFilterChainDecorator.java:137)
	at org.springframework.security.web.header.HeaderWriterFilter.doHeadersAfter(HeaderWriterFilter.java:90)
	at org.springframework.security.web.header.HeaderWriterFilter.doFilterInternal(HeaderWriterFilter.java:75)
	at org.springframework.web.filter.OncePerRequestFilter.doFilter(OncePerRequestFilter.java:116)
	at org.springframework.security.web.ObservationFilterChainDecorator$ObservationFilter.wrapFilter(ObservationFilterChainDecorator.java:240)
	at org.springframework.security.web.ObservationFilterChainDecorator$ObservationFilter.doFilter(ObservationFilterChainDecorator.java:227)
	at org.springframework.security.web.ObservationFilterChainDecorator$VirtualFilterChain.doFilter(ObservationFilterChainDecorator.java:137)
	at org.springframework.security.web.context.SecurityContextHolderFilter.doFilter(SecurityContextHolderFilter.java:82)
	at org.springframework.security.web.context.SecurityContextHolderFilter.doFilter(SecurityContextHolderFilter.java:69)
	at org.springframework.security.web.ObservationFilterChainDecorator$ObservationFilter.wrapFilter(ObservationFilterChainDecorator.java:240)
	at org.springframework.security.web.ObservationFilterChainDecorator$ObservationFilter.doFilter(ObservationFilterChainDecorator.java:227)
	at org.springframework.security.web.ObservationFilterChainDecorator$VirtualFilterChain.doFilter(ObservationFilterChainDecorator.java:137)
	at org.springframework.security.web.context.request.async.WebAsyncManagerIntegrationFilter.doFilterInternal(WebAsyncManagerIntegrationFilter.java:62)
	at org.springframework.web.filter.OncePerRequestFilter.doFilter(OncePerRequestFilter.java:116)
	at org.springframework.security.web.ObservationFilterChainDecorator$ObservationFilter.wrapFilter(ObservationFilterChainDecorator.java:240)
	at org.springframework.security.web.ObservationFilterChainDecorator$ObservationFilter.doFilter(ObservationFilterChainDecorator.java:227)
	at org.springframework.security.web.ObservationFilterChainDecorator$VirtualFilterChain.doFilter(ObservationFilterChainDecorator.java:137)
	at org.springframework.security.web.session.DisableEncodeUrlFilter.doFilterInternal(DisableEncodeUrlFilter.java:42)
	at org.springframework.web.filter.OncePerRequestFilter.doFilter(OncePerRequestFilter.java:116)
	at org.springframework.security.web.ObservationFilterChainDecorator$ObservationFilter.wrapFilter(ObservationFilterChainDecorator.java:240)
	at org.springframework.security.web.ObservationFilterChainDecorator$AroundFilterObservation$SimpleAroundFilterObservation.lambda$wrap$0(ObservationFilterChainDecorator.java:323)
	at org.springframework.security.web.ObservationFilterChainDecorator$ObservationFilter.doFilter(ObservationFilterChainDecorator.java:224)
	at org.springframework.security.web.ObservationFilterChainDecorator$VirtualFilterChain.doFilter(ObservationFilterChainDecorator.java:137)
	at org.springframework.security.web.FilterChainProxy.doFilterInternal(FilterChainProxy.java:233)
	at org.springframework.security.web.FilterChainProxy.doFilter(FilterChainProxy.java:191)
	at org.springframework.web.filter.CompositeFilter$VirtualFilterChain.doFilter(CompositeFilter.java:113)
	at org.springframework.web.servlet.handler.HandlerMappingIntrospector.lambda$createCacheFilter$3(HandlerMappingIntrospector.java:195)
	at org.springframework.web.filter.CompositeFilter$VirtualFilterChain.doFilter(CompositeFilter.java:113)
	at org.springframework.web.filter.CompositeFilter.doFilter(CompositeFilter.java:74)
	at org.springframework.security.config.annotation.web.configuration.WebMvcSecurityConfiguration$CompositeFilterChainProxy.doFilter(WebMvcSecurityConfiguration.java:225)
	at org.springframework.web.filter.DelegatingFilterProxy.invokeDelegate(DelegatingFilterProxy.java:352)
	at org.springframework.web.filter.DelegatingFilterProxy.doFilter(DelegatingFilterProxy.java:268)
	at org.apache.catalina.core.ApplicationFilterChain.internalDoFilter(ApplicationFilterChain.java:174)
	at org.apache.catalina.core.ApplicationFilterChain.doFilter(ApplicationFilterChain.java:149)
	at org.springframework.web.filter.RequestContextFilter.doFilterInternal(RequestContextFilter.java:100)
	at org.springframework.web.filter.OncePerRequestFilter.doFilter(OncePerRequestFilter.java:116)
	at org.apache.catalina.core.ApplicationFilterChain.internalDoFilter(ApplicationFilterChain.java:174)
	at org.apache.catalina.core.ApplicationFilterChain.doFilter(ApplicationFilterChain.java:149)
	at org.springframework.web.filter.FormContentFilter.doFilterInternal(FormContentFilter.java:93)
	at org.springframework.web.filter.OncePerRequestFilter.doFilter(OncePerRequestFilter.java:116)
	at org.apache.catalina.core.ApplicationFilterChain.internalDoFilter(ApplicationFilterChain.java:174)
	at org.apache.catalina.core.ApplicationFilterChain.doFilter(ApplicationFilterChain.java:149)
	at org.springframework.web.filter.ServerHttpObservationFilter.doFilterInternal(ServerHttpObservationFilter.java:109)
	at org.springframework.web.filter.OncePerRequestFilter.doFilter(OncePerRequestFilter.java:116)
	at org.apache.catalina.core.ApplicationFilterChain.internalDoFilter(ApplicationFilterChain.java:174)
	at org.apache.catalina.core.ApplicationFilterChain.doFilter(ApplicationFilterChain.java:149)
	at org.springframework.web.filter.CharacterEncodingFilter.doFilterInternal(CharacterEncodingFilter.java:201)
	at org.springframework.web.filter.OncePerRequestFilter.doFilter(OncePerRequestFilter.java:116)
	at org.apache.catalina.core.ApplicationFilterChain.internalDoFilter(ApplicationFilterChain.java:174)
	at org.apache.catalina.core.ApplicationFilterChain.doFilter(ApplicationFilterChain.java:149)
	at org.apache.catalina.core.StandardWrapperValve.invoke(StandardWrapperValve.java:167)
	at org.apache.catalina.core.StandardContextValve.invoke(StandardContextValve.java:90)
	at org.apache.catalina.authenticator.AuthenticatorBase.invoke(AuthenticatorBase.java:482)
	at org.apache.catalina.core.StandardHostValve.invoke(StandardHostValve.java:115)
	at org.apache.catalina.valves.ErrorReportValve.invoke(ErrorReportValve.java:93)
	at org.apache.catalina.core.StandardEngineValve.invoke(StandardEngineValve.java:74)
	at org.apache.catalina.connector.CoyoteAdapter.service(CoyoteAdapter.java:340)
	at org.apache.coyote.http11.Http11Processor.service(Http11Processor.java:391)
	at org.apache.coyote.AbstractProcessorLight.process(AbstractProcessorLight.java:63)
	at org.apache.coyote.AbstractProtocol$ConnectionHandler.process(AbstractProtocol.java:896)
	at org.apache.tomcat.util.net.NioEndpoint$SocketProcessor.doRun(NioEndpoint.java:1744)
	at org.apache.tomcat.util.net.SocketProcessorBase.run(SocketProcessorBase.java:52)
	at org.apache.tomcat.util.threads.ThreadPoolExecutor.runWorker(ThreadPoolExecutor.java:1191)
	at org.apache.tomcat.util.threads.ThreadPoolExecutor$Worker.run(ThreadPoolExecutor.java:659)
	at org.apache.tomcat.util.threads.TaskThread$WrappingRunnable.run(TaskThread.java:61)
	at java.base/java.lang.Thread.run(Thread.java:842)
Caused by: java.sql.SQLSyntaxErrorException: Table '2026mysql_ds.sys_user_department' doesn't exist
	at com.mysql.cj.jdbc.exceptions.SQLError.createSQLException(SQLError.java:120)
	at com.mysql.cj.jdbc.exceptions.SQLExceptionsMapping.translateException(SQLExceptionsMapping.java:122)
	at com.mysql.cj.jdbc.ClientPreparedStatement.executeInternal(ClientPreparedStatement.java:953)
	at com.mysql.cj.jdbc.ClientPreparedStatement.execute(ClientPreparedStatement.java:371)
	at com.zaxxer.hikari.pool.ProxyPreparedStatement.execute(ProxyPreparedStatement.java:44)
	at com.zaxxer.hikari.pool.HikariProxyPreparedStatement.execute(HikariProxyPreparedStatement.java)
	at org.apache.ibatis.executor.statement.PreparedStatementHandler.query(PreparedStatementHandler.java:65)
	at org.apache.ibatis.executor.statement.RoutingStatementHandler.query(RoutingStatementHandler.java:80)
	at jdk.internal.reflect.GeneratedMethodAccessor111.invoke(Unknown Source)
	at java.base/jdk.internal.reflect.DelegatingMethodAccessorImpl.invoke(DelegatingMethodAccessorImpl.java:43)
	at java.base/java.lang.reflect.Method.invoke(Method.java:568)
	at org.apache.ibatis.plugin.Plugin.invoke(Plugin.java:61)
	at jdk.proxy2/jdk.proxy2.$Proxy193.query(Unknown Source)
	at org.apache.ibatis.executor.SimpleExecutor.doQuery(SimpleExecutor.java:65)
	at org.apache.ibatis.executor.BaseExecutor.queryFromDatabase(BaseExecutor.java:336)
	at org.apache.ibatis.executor.BaseExecutor.query(BaseExecutor.java:158)
	at org.apache.ibatis.executor.CachingExecutor.query(CachingExecutor.java:110)
	at com.baomidou.mybatisplus.extension.plugins.MybatisPlusInterceptor.intercept(MybatisPlusInterceptor.java:81)
	at org.apache.ibatis.plugin.Plugin.invoke(Plugin.java:59)
	at jdk.proxy2/jdk.proxy2.$Proxy192.query(Unknown Source)
	at com.github.pagehelper.PageInterceptor.intercept(PageInterceptor.java:151)
	at org.apache.ibatis.plugin.Plugin.invoke(Plugin.java:59)
	at jdk.proxy2/jdk.proxy2.$Proxy192.query(Unknown Source)
	at org.apache.ibatis.session.defaults.DefaultSqlSession.selectList(DefaultSqlSession.java:154)
	at org.apache.ibatis.session.defaults.DefaultSqlSession.selectList(DefaultSqlSession.java:147)
	at org.apache.ibatis.session.defaults.DefaultSqlSession.selectList(DefaultSqlSession.java:142)
	at jdk.internal.reflect.GeneratedMethodAccessor119.invoke(Unknown Source)
	at java.base/jdk.internal.reflect.DelegatingMethodAccessorImpl.invoke(DelegatingMethodAccessorImpl.java:43)
	at java.base/java.lang.reflect.Method.invoke(Method.java:568)
	at org.mybatis.spring.SqlSessionTemplate$SqlSessionInterceptor.invoke(SqlSessionTemplate.java:425)
	... 168 common frames omitted
2026-06-25 20:43:42 [http-nio-13690-exec-8] WARN  o.x.workflow.service.impl.FlowableLeaveServiceImpl - 查找总监审批人失败，使用默认值
org.springframework.jdbc.BadSqlGrammarException: 
### Error querying database.  Cause: java.sql.SQLSyntaxErrorException: Table '2026mysql_ds.sys_user_department' doesn't exist
### The error may exist in org/xiaoxu/workflow/mapper/UserDepartmentMapper.java (best guess)
### The error may involve defaultParameterMap
### The error occurred while setting parameters
### SQL: SELECT  id,user_id,username,department_id,is_primary,create_time  FROM sys_user_department      WHERE  (username = ? AND is_primary = ?)
### Cause: java.sql.SQLSyntaxErrorException: Table '2026mysql_ds.sys_user_department' doesn't exist
; bad SQL grammar []
	at org.springframework.jdbc.support.SQLErrorCodeSQLExceptionTranslator.doTranslate(SQLErrorCodeSQLExceptionTranslator.java:246)
	at org.springframework.jdbc.support.AbstractFallbackSQLExceptionTranslator.translate(AbstractFallbackSQLExceptionTranslator.java:107)
	at org.mybatis.spring.MyBatisExceptionTranslator.translateExceptionIfPossible(MyBatisExceptionTranslator.java:92)
	at org.mybatis.spring.SqlSessionTemplate$SqlSessionInterceptor.invoke(SqlSessionTemplate.java:439)
	at jdk.proxy2/jdk.proxy2.$Proxy123.selectList(Unknown Source)
	at org.mybatis.spring.SqlSessionTemplate.selectList(SqlSessionTemplate.java:224)
	at com.baomidou.mybatisplus.core.override.MybatisMapperMethod.executeForMany(MybatisMapperMethod.java:164)
	at com.baomidou.mybatisplus.core.override.MybatisMapperMethod.execute(MybatisMapperMethod.java:77)
	at com.baomidou.mybatisplus.core.override.MybatisMapperProxy$PlainMethodInvoker.invoke(MybatisMapperProxy.java:152)
	at com.baomidou.mybatisplus.core.override.MybatisMapperProxy.invoke(MybatisMapperProxy.java:89)
	at jdk.proxy2/jdk.proxy2.$Proxy162.selectList(Unknown Source)
	at com.baomidou.mybatisplus.core.mapper.BaseMapper.selectOne(BaseMapper.java:222)
	at java.base/java.lang.invoke.MethodHandle.invokeWithArguments(MethodHandle.java:732)
	at com.baomidou.mybatisplus.core.override.MybatisMapperProxy$DefaultMethodInvoker.invoke(MybatisMapperProxy.java:166)
	at com.baomidou.mybatisplus.core.override.MybatisMapperProxy.invoke(MybatisMapperProxy.java:89)
	at jdk.proxy2/jdk.proxy2.$Proxy162.selectOne(Unknown Source)
	at com.baomidou.mybatisplus.core.mapper.BaseMapper.selectOne(BaseMapper.java:211)
	at java.base/java.lang.invoke.MethodHandle.invokeWithArguments(MethodHandle.java:732)
	at com.baomidou.mybatisplus.core.override.MybatisMapperProxy$DefaultMethodInvoker.invoke(MybatisMapperProxy.java:166)
	at com.baomidou.mybatisplus.core.override.MybatisMapperProxy.invoke(MybatisMapperProxy.java:89)
	at jdk.proxy2/jdk.proxy2.$Proxy162.selectOne(Unknown Source)
	at org.xiaoxu.workflow.service.impl.DepartmentServiceImpl.getPrimaryDepartment(DepartmentServiceImpl.java:57)
	at java.base/jdk.internal.reflect.NativeMethodAccessorImpl.invoke0(Native Method)
	at java.base/jdk.internal.reflect.NativeMethodAccessorImpl.invoke(NativeMethodAccessorImpl.java:77)
	at java.base/jdk.internal.reflect.DelegatingMethodAccessorImpl.invoke(DelegatingMethodAccessorImpl.java:43)
	at java.base/java.lang.reflect.Method.invoke(Method.java:568)
	at org.springframework.aop.support.AopUtils.invokeJoinpointUsingReflection(AopUtils.java:351)
	at org.springframework.aop.framework.CglibAopProxy$DynamicAdvisedInterceptor.intercept(CglibAopProxy.java:713)
	at org.xiaoxu.workflow.service.impl.DepartmentServiceImpl$$SpringCGLIB$$0.getPrimaryDepartment(<generated>)
	at org.xiaoxu.workflow.service.impl.FlowableLeaveServiceImpl.findDirectorApprover(FlowableLeaveServiceImpl.java:136)
	at org.xiaoxu.workflow.service.impl.FlowableLeaveServiceImpl.submitApproval(FlowableLeaveServiceImpl.java:73)
	at org.xiaoxu.workflow.controller.ApproveLeaveController.submitApproval(ApproveLeaveController.java:62)
	at java.base/jdk.internal.reflect.NativeMethodAccessorImpl.invoke0(Native Method)
	at java.base/jdk.internal.reflect.NativeMethodAccessorImpl.invoke(NativeMethodAccessorImpl.java:77)
	at java.base/jdk.internal.reflect.DelegatingMethodAccessorImpl.invoke(DelegatingMethodAccessorImpl.java:43)
	at java.base/java.lang.reflect.Method.invoke(Method.java:568)
	at org.springframework.web.method.support.InvocableHandlerMethod.doInvoke(InvocableHandlerMethod.java:261)
	at org.springframework.web.method.support.InvocableHandlerMethod.invokeForRequest(InvocableHandlerMethod.java:189)
	at org.springframework.web.servlet.mvc.method.annotation.ServletInvocableHandlerMethod.invokeAndHandle(ServletInvocableHandlerMethod.java:118)
	at org.springframework.web.servlet.mvc.method.annotation.RequestMappingHandlerAdapter.invokeHandlerMethod(RequestMappingHandlerAdapter.java:917)
	at org.springframework.web.servlet.mvc.method.annotation.RequestMappingHandlerAdapter.handleInternal(RequestMappingHandlerAdapter.java:829)
	at org.springframework.web.servlet.mvc.method.AbstractHandlerMethodAdapter.handle(AbstractHandlerMethodAdapter.java:87)
	at org.springframework.web.servlet.DispatcherServlet.doDispatch(DispatcherServlet.java:1089)
	at org.springframework.web.servlet.DispatcherServlet.doService(DispatcherServlet.java:979)
	at org.springframework.web.servlet.FrameworkServlet.processRequest(FrameworkServlet.java:1014)
	at org.springframework.web.servlet.FrameworkServlet.doPost(FrameworkServlet.java:914)
	at jakarta.servlet.http.HttpServlet.service(HttpServlet.java:590)
	at org.springframework.web.servlet.FrameworkServlet.service(FrameworkServlet.java:885)
	at jakarta.servlet.http.HttpServlet.service(HttpServlet.java:658)
	at org.apache.catalina.core.ApplicationFilterChain.internalDoFilter(ApplicationFilterChain.java:205)
	at org.apache.catalina.core.ApplicationFilterChain.doFilter(ApplicationFilterChain.java:149)
	at org.apache.tomcat.websocket.server.WsFilter.doFilter(WsFilter.java:51)
	at org.apache.catalina.core.ApplicationFilterChain.internalDoFilter(ApplicationFilterChain.java:174)
	at org.apache.catalina.core.ApplicationFilterChain.doFilter(ApplicationFilterChain.java:149)
	at org.springframework.web.filter.OncePerRequestFilter.doFilter(OncePerRequestFilter.java:110)
	at org.apache.catalina.core.ApplicationFilterChain.internalDoFilter(ApplicationFilterChain.java:174)
	at org.apache.catalina.core.ApplicationFilterChain.doFilter(ApplicationFilterChain.java:149)
	at org.springframework.web.filter.OncePerRequestFilter.doFilter(OncePerRequestFilter.java:110)
	at org.apache.catalina.core.ApplicationFilterChain.internalDoFilter(ApplicationFilterChain.java:174)
	at org.apache.catalina.core.ApplicationFilterChain.doFilter(ApplicationFilterChain.java:149)
	at org.springframework.web.filter.CompositeFilter$VirtualFilterChain.doFilter(CompositeFilter.java:108)
	at org.springframework.security.web.FilterChainProxy.lambda$doFilterInternal$3(FilterChainProxy.java:231)
	at org.springframework.security.web.ObservationFilterChainDecorator$FilterObservation$SimpleFilterObservation.lambda$wrap$1(ObservationFilterChainDecorator.java:479)
	at org.springframework.security.web.ObservationFilterChainDecorator$AroundFilterObservation$SimpleAroundFilterObservation.lambda$wrap$1(ObservationFilterChainDecorator.java:340)
	at org.springframework.security.web.ObservationFilterChainDecorator.lambda$wrapSecured$0(ObservationFilterChainDecorator.java:82)
	at org.springframework.security.web.ObservationFilterChainDecorator$VirtualFilterChain.doFilter(ObservationFilterChainDecorator.java:128)
	at org.springframework.security.web.access.intercept.AuthorizationFilter.doFilter(AuthorizationFilter.java:100)
	at org.springframework.security.web.ObservationFilterChainDecorator$ObservationFilter.wrapFilter(ObservationFilterChainDecorator.java:240)
	at org.springframework.security.web.ObservationFilterChainDecorator$ObservationFilter.doFilter(ObservationFilterChainDecorator.java:227)
	at org.springframework.security.web.ObservationFilterChainDecorator$VirtualFilterChain.doFilter(ObservationFilterChainDecorator.java:137)
	at org.springframework.security.web.access.ExceptionTranslationFilter.doFilter(ExceptionTranslationFilter.java:126)
	at org.springframework.security.web.access.ExceptionTranslationFilter.doFilter(ExceptionTranslationFilter.java:120)
	at org.springframework.security.web.ObservationFilterChainDecorator$ObservationFilter.wrapFilter(ObservationFilterChainDecorator.java:240)
	at org.springframework.security.web.ObservationFilterChainDecorator$ObservationFilter.doFilter(ObservationFilterChainDecorator.java:227)
	at org.springframework.security.web.ObservationFilterChainDecorator$VirtualFilterChain.doFilter(ObservationFilterChainDecorator.java:137)
	at org.springframework.security.web.session.SessionManagementFilter.doFilter(SessionManagementFilter.java:131)
	at org.springframework.security.web.session.SessionManagementFilter.doFilter(SessionManagementFilter.java:85)
	at org.springframework.security.web.ObservationFilterChainDecorator$ObservationFilter.wrapFilter(ObservationFilterChainDecorator.java:240)
	at org.springframework.security.web.ObservationFilterChainDecorator$ObservationFilter.doFilter(ObservationFilterChainDecorator.java:227)
	at org.springframework.security.web.ObservationFilterChainDecorator$VirtualFilterChain.doFilter(ObservationFilterChainDecorator.java:137)
	at org.springframework.security.web.authentication.AnonymousAuthenticationFilter.doFilter(AnonymousAuthenticationFilter.java:100)
	at org.springframework.security.web.ObservationFilterChainDecorator$ObservationFilter.wrapFilter(ObservationFilterChainDecorator.java:240)
	at org.springframework.security.web.ObservationFilterChainDecorator$ObservationFilter.doFilter(ObservationFilterChainDecorator.java:227)
	at org.springframework.security.web.ObservationFilterChainDecorator$VirtualFilterChain.doFilter(ObservationFilterChainDecorator.java:137)
	at org.springframework.security.web.servletapi.SecurityContextHolderAwareRequestFilter.doFilter(SecurityContextHolderAwareRequestFilter.java:179)
	at org.springframework.security.web.ObservationFilterChainDecorator$ObservationFilter.wrapFilter(ObservationFilterChainDecorator.java:240)
	at org.springframework.security.web.ObservationFilterChainDecorator$ObservationFilter.doFilter(ObservationFilterChainDecorator.java:227)
	at org.springframework.security.web.ObservationFilterChainDecorator$VirtualFilterChain.doFilter(ObservationFilterChainDecorator.java:137)
	at org.springframework.security.web.savedrequest.RequestCacheAwareFilter.doFilter(RequestCacheAwareFilter.java:63)
	at org.springframework.security.web.ObservationFilterChainDecorator$ObservationFilter.wrapFilter(ObservationFilterChainDecorator.java:240)
	at org.springframework.security.web.ObservationFilterChainDecorator$ObservationFilter.doFilter(ObservationFilterChainDecorator.java:227)
	at org.springframework.security.web.ObservationFilterChainDecorator$VirtualFilterChain.doFilter(ObservationFilterChainDecorator.java:137)
	at org.xiaoxu.auth.TokenAuthenticationFilter.doFilterInternal(TokenAuthenticationFilter.java:73)
	at org.springframework.web.filter.OncePerRequestFilter.doFilter(OncePerRequestFilter.java:116)
	at org.springframework.security.web.ObservationFilterChainDecorator$ObservationFilter.wrapFilter(ObservationFilterChainDecorator.java:240)
	at org.springframework.security.web.ObservationFilterChainDecorator$ObservationFilter.doFilter(ObservationFilterChainDecorator.java:227)
	at org.springframework.security.web.ObservationFilterChainDecorator$VirtualFilterChain.doFilter(ObservationFilterChainDecorator.java:137)
	at org.springframework.security.web.authentication.logout.LogoutFilter.doFilter(LogoutFilter.java:107)
	at org.springframework.security.web.authentication.logout.LogoutFilter.doFilter(LogoutFilter.java:93)
	at org.springframework.security.web.ObservationFilterChainDecorator$ObservationFilter.wrapFilter(ObservationFilterChainDecorator.java:240)
	at org.springframework.security.web.ObservationFilterChainDecorator$ObservationFilter.doFilter(ObservationFilterChainDecorator.java:227)
	at org.springframework.security.web.ObservationFilterChainDecorator$VirtualFilterChain.doFilter(ObservationFilterChainDecorator.java:137)
	at org.springframework.web.filter.CorsFilter.doFilterInternal(CorsFilter.java:91)
	at org.springframework.web.filter.OncePerRequestFilter.doFilter(OncePerRequestFilter.java:116)
	at org.springframework.security.web.ObservationFilterChainDecorator$ObservationFilter.wrapFilter(ObservationFilterChainDecorator.java:240)
	at org.springframework.security.web.ObservationFilterChainDecorator$ObservationFilter.doFilter(ObservationFilterChainDecorator.java:227)
	at org.springframework.security.web.ObservationFilterChainDecorator$VirtualFilterChain.doFilter(ObservationFilterChainDecorator.java:137)
	at org.springframework.security.web.header.HeaderWriterFilter.doHeadersAfter(HeaderWriterFilter.java:90)
	at org.springframework.security.web.header.HeaderWriterFilter.doFilterInternal(HeaderWriterFilter.java:75)
	at org.springframework.web.filter.OncePerRequestFilter.doFilter(OncePerRequestFilter.java:116)
	at org.springframework.security.web.ObservationFilterChainDecorator$ObservationFilter.wrapFilter(ObservationFilterChainDecorator.java:240)
	at org.springframework.security.web.ObservationFilterChainDecorator$ObservationFilter.doFilter(ObservationFilterChainDecorator.java:227)
	at org.springframework.security.web.ObservationFilterChainDecorator$VirtualFilterChain.doFilter(ObservationFilterChainDecorator.java:137)
	at org.springframework.security.web.context.SecurityContextHolderFilter.doFilter(SecurityContextHolderFilter.java:82)
	at org.springframework.security.web.context.SecurityContextHolderFilter.doFilter(SecurityContextHolderFilter.java:69)
	at org.springframework.security.web.ObservationFilterChainDecorator$ObservationFilter.wrapFilter(ObservationFilterChainDecorator.java:240)
	at org.springframework.security.web.ObservationFilterChainDecorator$ObservationFilter.doFilter(ObservationFilterChainDecorator.java:227)
	at org.springframework.security.web.ObservationFilterChainDecorator$VirtualFilterChain.doFilter(ObservationFilterChainDecorator.java:137)
	at org.springframework.security.web.context.request.async.WebAsyncManagerIntegrationFilter.doFilterInternal(WebAsyncManagerIntegrationFilter.java:62)
	at org.springframework.web.filter.OncePerRequestFilter.doFilter(OncePerRequestFilter.java:116)
	at org.springframework.security.web.ObservationFilterChainDecorator$ObservationFilter.wrapFilter(ObservationFilterChainDecorator.java:240)
	at org.springframework.security.web.ObservationFilterChainDecorator$ObservationFilter.doFilter(ObservationFilterChainDecorator.java:227)
	at org.springframework.security.web.ObservationFilterChainDecorator$VirtualFilterChain.doFilter(ObservationFilterChainDecorator.java:137)
	at org.springframework.security.web.session.DisableEncodeUrlFilter.doFilterInternal(DisableEncodeUrlFilter.java:42)
	at org.springframework.web.filter.OncePerRequestFilter.doFilter(OncePerRequestFilter.java:116)
	at org.springframework.security.web.ObservationFilterChainDecorator$ObservationFilter.wrapFilter(ObservationFilterChainDecorator.java:240)
	at org.springframework.security.web.ObservationFilterChainDecorator$AroundFilterObservation$SimpleAroundFilterObservation.lambda$wrap$0(ObservationFilterChainDecorator.java:323)
	at org.springframework.security.web.ObservationFilterChainDecorator$ObservationFilter.doFilter(ObservationFilterChainDecorator.java:224)
	at org.springframework.security.web.ObservationFilterChainDecorator$VirtualFilterChain.doFilter(ObservationFilterChainDecorator.java:137)
	at org.springframework.security.web.FilterChainProxy.doFilterInternal(FilterChainProxy.java:233)
	at org.springframework.security.web.FilterChainProxy.doFilter(FilterChainProxy.java:191)
	at org.springframework.web.filter.CompositeFilter$VirtualFilterChain.doFilter(CompositeFilter.java:113)
	at org.springframework.web.servlet.handler.HandlerMappingIntrospector.lambda$createCacheFilter$3(HandlerMappingIntrospector.java:195)
	at org.springframework.web.filter.CompositeFilter$VirtualFilterChain.doFilter(CompositeFilter.java:113)
	at org.springframework.web.filter.CompositeFilter.doFilter(CompositeFilter.java:74)
	at org.springframework.security.config.annotation.web.configuration.WebMvcSecurityConfiguration$CompositeFilterChainProxy.doFilter(WebMvcSecurityConfiguration.java:225)
	at org.springframework.web.filter.DelegatingFilterProxy.invokeDelegate(DelegatingFilterProxy.java:352)
	at org.springframework.web.filter.DelegatingFilterProxy.doFilter(DelegatingFilterProxy.java:268)
	at org.apache.catalina.core.ApplicationFilterChain.internalDoFilter(ApplicationFilterChain.java:174)
	at org.apache.catalina.core.ApplicationFilterChain.doFilter(ApplicationFilterChain.java:149)
	at org.springframework.web.filter.RequestContextFilter.doFilterInternal(RequestContextFilter.java:100)
	at org.springframework.web.filter.OncePerRequestFilter.doFilter(OncePerRequestFilter.java:116)
	at org.apache.catalina.core.ApplicationFilterChain.internalDoFilter(ApplicationFilterChain.java:174)
	at org.apache.catalina.core.ApplicationFilterChain.doFilter(ApplicationFilterChain.java:149)
	at org.springframework.web.filter.FormContentFilter.doFilterInternal(FormContentFilter.java:93)
	at org.springframework.web.filter.OncePerRequestFilter.doFilter(OncePerRequestFilter.java:116)
	at org.apache.catalina.core.ApplicationFilterChain.internalDoFilter(ApplicationFilterChain.java:174)
	at org.apache.catalina.core.ApplicationFilterChain.doFilter(ApplicationFilterChain.java:149)
	at org.springframework.web.filter.ServerHttpObservationFilter.doFilterInternal(ServerHttpObservationFilter.java:109)
	at org.springframework.web.filter.OncePerRequestFilter.doFilter(OncePerRequestFilter.java:116)
	at org.apache.catalina.core.ApplicationFilterChain.internalDoFilter(ApplicationFilterChain.java:174)
	at org.apache.catalina.core.ApplicationFilterChain.doFilter(ApplicationFilterChain.java:149)
	at org.springframework.web.filter.CharacterEncodingFilter.doFilterInternal(CharacterEncodingFilter.java:201)
	at org.springframework.web.filter.OncePerRequestFilter.doFilter(OncePerRequestFilter.java:116)
	at org.apache.catalina.core.ApplicationFilterChain.internalDoFilter(ApplicationFilterChain.java:174)
	at org.apache.catalina.core.ApplicationFilterChain.doFilter(ApplicationFilterChain.java:149)
	at org.apache.catalina.core.StandardWrapperValve.invoke(StandardWrapperValve.java:167)
	at org.apache.catalina.core.StandardContextValve.invoke(StandardContextValve.java:90)
	at org.apache.catalina.authenticator.AuthenticatorBase.invoke(AuthenticatorBase.java:482)
	at org.apache.catalina.core.StandardHostValve.invoke(StandardHostValve.java:115)
	at org.apache.catalina.valves.ErrorReportValve.invoke(ErrorReportValve.java:93)
	at org.apache.catalina.core.StandardEngineValve.invoke(StandardEngineValve.java:74)
	at org.apache.catalina.connector.CoyoteAdapter.service(CoyoteAdapter.java:340)
	at org.apache.coyote.http11.Http11Processor.service(Http11Processor.java:391)
	at org.apache.coyote.AbstractProcessorLight.process(AbstractProcessorLight.java:63)
	at org.apache.coyote.AbstractProtocol$ConnectionHandler.process(AbstractProtocol.java:896)
	at org.apache.tomcat.util.net.NioEndpoint$SocketProcessor.doRun(NioEndpoint.java:1744)
	at org.apache.tomcat.util.net.SocketProcessorBase.run(SocketProcessorBase.java:52)
	at org.apache.tomcat.util.threads.ThreadPoolExecutor.runWorker(ThreadPoolExecutor.java:1191)
	at org.apache.tomcat.util.threads.ThreadPoolExecutor$Worker.run(ThreadPoolExecutor.java:659)
	at org.apache.tomcat.util.threads.TaskThread$WrappingRunnable.run(TaskThread.java:61)
	at java.base/java.lang.Thread.run(Thread.java:842)
Caused by: java.sql.SQLSyntaxErrorException: Table '2026mysql_ds.sys_user_department' doesn't exist
	at com.mysql.cj.jdbc.exceptions.SQLError.createSQLException(SQLError.java:120)
	at com.mysql.cj.jdbc.exceptions.SQLExceptionsMapping.translateException(SQLExceptionsMapping.java:122)
	at com.mysql.cj.jdbc.ClientPreparedStatement.executeInternal(ClientPreparedStatement.java:953)
	at com.mysql.cj.jdbc.ClientPreparedStatement.execute(ClientPreparedStatement.java:371)
	at com.zaxxer.hikari.pool.ProxyPreparedStatement.execute(ProxyPreparedStatement.java:44)
	at com.zaxxer.hikari.pool.HikariProxyPreparedStatement.execute(HikariProxyPreparedStatement.java)
	at org.apache.ibatis.executor.statement.PreparedStatementHandler.query(PreparedStatementHandler.java:65)
	at org.apache.ibatis.executor.statement.RoutingStatementHandler.query(RoutingStatementHandler.java:80)
	at jdk.internal.reflect.GeneratedMethodAccessor111.invoke(Unknown Source)
	at java.base/jdk.internal.reflect.DelegatingMethodAccessorImpl.invoke(DelegatingMethodAccessorImpl.java:43)
	at java.base/java.lang.reflect.Method.invoke(Method.java:568)
	at org.apache.ibatis.plugin.Plugin.invoke(Plugin.java:61)
	at jdk.proxy2/jdk.proxy2.$Proxy193.query(Unknown Source)
	at org.apache.ibatis.executor.SimpleExecutor.doQuery(SimpleExecutor.java:65)
	at org.apache.ibatis.executor.BaseExecutor.queryFromDatabase(BaseExecutor.java:336)
	at org.apache.ibatis.executor.BaseExecutor.query(BaseExecutor.java:158)
	at org.apache.ibatis.executor.CachingExecutor.query(CachingExecutor.java:110)
	at com.baomidou.mybatisplus.extension.plugins.MybatisPlusInterceptor.intercept(MybatisPlusInterceptor.java:81)
	at org.apache.ibatis.plugin.Plugin.invoke(Plugin.java:59)
	at jdk.proxy2/jdk.proxy2.$Proxy192.query(Unknown Source)
	at com.github.pagehelper.PageInterceptor.intercept(PageInterceptor.java:151)
	at org.apache.ibatis.plugin.Plugin.invoke(Plugin.java:59)
	at jdk.proxy2/jdk.proxy2.$Proxy192.query(Unknown Source)
	at org.apache.ibatis.session.defaults.DefaultSqlSession.selectList(DefaultSqlSession.java:154)
	at org.apache.ibatis.session.defaults.DefaultSqlSession.selectList(DefaultSqlSession.java:147)
	at org.apache.ibatis.session.defaults.DefaultSqlSession.selectList(DefaultSqlSession.java:142)
	at jdk.internal.reflect.GeneratedMethodAccessor119.invoke(Unknown Source)
	at java.base/jdk.internal.reflect.DelegatingMethodAccessorImpl.invoke(DelegatingMethodAccessorImpl.java:43)
	at java.base/java.lang.reflect.Method.invoke(Method.java:568)
	at org.mybatis.spring.SqlSessionTemplate$SqlSessionInterceptor.invoke(SqlSessionTemplate.java:425)
	... 168 common frames omitted
2026-06-25 20:43:42 [http-nio-13690-exec-8] WARN  o.x.workflow.service.impl.FlowableLeaveServiceImpl - 查找HR审批人失败，使用默认值
org.springframework.jdbc.BadSqlGrammarException: 
### Error querying database.  Cause: java.sql.SQLSyntaxErrorException: Table '2026mysql_ds.sys_department' doesn't exist
### The error may exist in org/xiaoxu/workflow/mapper/DepartmentMapper.java (best guess)
### The error may involve defaultParameterMap
### The error occurred while setting parameters
### SQL: SELECT  id,dept_code,dept_name,parent_id,manager_username,status,sort_order,remark,create_time,update_time,deleted  FROM sys_department      WHERE  (dept_code = ? AND deleted = ?)
### Cause: java.sql.SQLSyntaxErrorException: Table '2026mysql_ds.sys_department' doesn't exist
; bad SQL grammar []
	at org.springframework.jdbc.support.SQLErrorCodeSQLExceptionTranslator.doTranslate(SQLErrorCodeSQLExceptionTranslator.java:246)
	at org.springframework.jdbc.support.AbstractFallbackSQLExceptionTranslator.translate(AbstractFallbackSQLExceptionTranslator.java:107)
	at org.mybatis.spring.MyBatisExceptionTranslator.translateExceptionIfPossible(MyBatisExceptionTranslator.java:92)
	at org.mybatis.spring.SqlSessionTemplate$SqlSessionInterceptor.invoke(SqlSessionTemplate.java:439)
	at jdk.proxy2/jdk.proxy2.$Proxy123.selectList(Unknown Source)
	at org.mybatis.spring.SqlSessionTemplate.selectList(SqlSessionTemplate.java:224)
	at com.baomidou.mybatisplus.core.override.MybatisMapperMethod.executeForMany(MybatisMapperMethod.java:164)
	at com.baomidou.mybatisplus.core.override.MybatisMapperMethod.execute(MybatisMapperMethod.java:77)
	at com.baomidou.mybatisplus.core.override.MybatisMapperProxy$PlainMethodInvoker.invoke(MybatisMapperProxy.java:152)
	at com.baomidou.mybatisplus.core.override.MybatisMapperProxy.invoke(MybatisMapperProxy.java:89)
	at jdk.proxy2/jdk.proxy2.$Proxy163.selectList(Unknown Source)
	at com.baomidou.mybatisplus.core.mapper.BaseMapper.selectOne(BaseMapper.java:222)
	at java.base/java.lang.invoke.MethodHandle.invokeWithArguments(MethodHandle.java:732)
	at com.baomidou.mybatisplus.core.override.MybatisMapperProxy$DefaultMethodInvoker.invoke(MybatisMapperProxy.java:166)
	at com.baomidou.mybatisplus.core.override.MybatisMapperProxy.invoke(MybatisMapperProxy.java:89)
	at jdk.proxy2/jdk.proxy2.$Proxy163.selectOne(Unknown Source)
	at com.baomidou.mybatisplus.extension.service.impl.ServiceImpl.getOne(ServiceImpl.java:242)
	at com.baomidou.mybatisplus.extension.service.IService.getOne(IService.java:327)
	at org.xiaoxu.workflow.service.impl.DepartmentServiceImpl.getByDeptCode(DepartmentServiceImpl.java:30)
	at java.base/jdk.internal.reflect.NativeMethodAccessorImpl.invoke0(Native Method)
	at java.base/jdk.internal.reflect.NativeMethodAccessorImpl.invoke(NativeMethodAccessorImpl.java:77)
	at java.base/jdk.internal.reflect.DelegatingMethodAccessorImpl.invoke(DelegatingMethodAccessorImpl.java:43)
	at java.base/java.lang.reflect.Method.invoke(Method.java:568)
	at org.springframework.aop.support.AopUtils.invokeJoinpointUsingReflection(AopUtils.java:351)
	at org.springframework.aop.framework.CglibAopProxy$DynamicAdvisedInterceptor.intercept(CglibAopProxy.java:713)
	at org.xiaoxu.workflow.service.impl.DepartmentServiceImpl$$SpringCGLIB$$0.getByDeptCode(<generated>)
	at org.xiaoxu.workflow.service.impl.FlowableLeaveServiceImpl.findHrApprover(FlowableLeaveServiceImpl.java:164)
	at org.xiaoxu.workflow.service.impl.FlowableLeaveServiceImpl.submitApproval(FlowableLeaveServiceImpl.java:74)
	at org.xiaoxu.workflow.controller.ApproveLeaveController.submitApproval(ApproveLeaveController.java:62)
	at java.base/jdk.internal.reflect.NativeMethodAccessorImpl.invoke0(Native Method)
	at java.base/jdk.internal.reflect.NativeMethodAccessorImpl.invoke(NativeMethodAccessorImpl.java:77)
	at java.base/jdk.internal.reflect.DelegatingMethodAccessorImpl.invoke(DelegatingMethodAccessorImpl.java:43)
	at java.base/java.lang.reflect.Method.invoke(Method.java:568)
	at org.springframework.web.method.support.InvocableHandlerMethod.doInvoke(InvocableHandlerMethod.java:261)
	at org.springframework.web.method.support.InvocableHandlerMethod.invokeForRequest(InvocableHandlerMethod.java:189)
	at org.springframework.web.servlet.mvc.method.annotation.ServletInvocableHandlerMethod.invokeAndHandle(ServletInvocableHandlerMethod.java:118)
	at org.springframework.web.servlet.mvc.method.annotation.RequestMappingHandlerAdapter.invokeHandlerMethod(RequestMappingHandlerAdapter.java:917)
	at org.springframework.web.servlet.mvc.method.annotation.RequestMappingHandlerAdapter.handleInternal(RequestMappingHandlerAdapter.java:829)
	at org.springframework.web.servlet.mvc.method.AbstractHandlerMethodAdapter.handle(AbstractHandlerMethodAdapter.java:87)
	at org.springframework.web.servlet.DispatcherServlet.doDispatch(DispatcherServlet.java:1089)
	at org.springframework.web.servlet.DispatcherServlet.doService(DispatcherServlet.java:979)
	at org.springframework.web.servlet.FrameworkServlet.processRequest(FrameworkServlet.java:1014)
	at org.springframework.web.servlet.FrameworkServlet.doPost(FrameworkServlet.java:914)
	at jakarta.servlet.http.HttpServlet.service(HttpServlet.java:590)
	at org.springframework.web.servlet.FrameworkServlet.service(FrameworkServlet.java:885)
	at jakarta.servlet.http.HttpServlet.service(HttpServlet.java:658)
	at org.apache.catalina.core.ApplicationFilterChain.internalDoFilter(ApplicationFilterChain.java:205)
	at org.apache.catalina.core.ApplicationFilterChain.doFilter(ApplicationFilterChain.java:149)
	at org.apache.tomcat.websocket.server.WsFilter.doFilter(WsFilter.java:51)
	at org.apache.catalina.core.ApplicationFilterChain.internalDoFilter(ApplicationFilterChain.java:174)
	at org.apache.catalina.core.ApplicationFilterChain.doFilter(ApplicationFilterChain.java:149)
	at org.springframework.web.filter.OncePerRequestFilter.doFilter(OncePerRequestFilter.java:110)
	at org.apache.catalina.core.ApplicationFilterChain.internalDoFilter(ApplicationFilterChain.java:174)
	at org.apache.catalina.core.ApplicationFilterChain.doFilter(ApplicationFilterChain.java:149)
	at org.springframework.web.filter.OncePerRequestFilter.doFilter(OncePerRequestFilter.java:110)
	at org.apache.catalina.core.ApplicationFilterChain.internalDoFilter(ApplicationFilterChain.java:174)
	at org.apache.catalina.core.ApplicationFilterChain.doFilter(ApplicationFilterChain.java:149)
	at org.springframework.web.filter.CompositeFilter$VirtualFilterChain.doFilter(CompositeFilter.java:108)
	at org.springframework.security.web.FilterChainProxy.lambda$doFilterInternal$3(FilterChainProxy.java:231)
	at org.springframework.security.web.ObservationFilterChainDecorator$FilterObservation$SimpleFilterObservation.lambda$wrap$1(ObservationFilterChainDecorator.java:479)
	at org.springframework.security.web.ObservationFilterChainDecorator$AroundFilterObservation$SimpleAroundFilterObservation.lambda$wrap$1(ObservationFilterChainDecorator.java:340)
	at org.springframework.security.web.ObservationFilterChainDecorator.lambda$wrapSecured$0(ObservationFilterChainDecorator.java:82)
	at org.springframework.security.web.ObservationFilterChainDecorator$VirtualFilterChain.doFilter(ObservationFilterChainDecorator.java:128)
	at org.springframework.security.web.access.intercept.AuthorizationFilter.doFilter(AuthorizationFilter.java:100)
	at org.springframework.security.web.ObservationFilterChainDecorator$ObservationFilter.wrapFilter(ObservationFilterChainDecorator.java:240)
	at org.springframework.security.web.ObservationFilterChainDecorator$ObservationFilter.doFilter(ObservationFilterChainDecorator.java:227)
	at org.springframework.security.web.ObservationFilterChainDecorator$VirtualFilterChain.doFilter(ObservationFilterChainDecorator.java:137)
	at org.springframework.security.web.access.ExceptionTranslationFilter.doFilter(ExceptionTranslationFilter.java:126)
	at org.springframework.security.web.access.ExceptionTranslationFilter.doFilter(ExceptionTranslationFilter.java:120)
	at org.springframework.security.web.ObservationFilterChainDecorator$ObservationFilter.wrapFilter(ObservationFilterChainDecorator.java:240)
	at org.springframework.security.web.ObservationFilterChainDecorator$ObservationFilter.doFilter(ObservationFilterChainDecorator.java:227)
	at org.springframework.security.web.ObservationFilterChainDecorator$VirtualFilterChain.doFilter(ObservationFilterChainDecorator.java:137)
	at org.springframework.security.web.session.SessionManagementFilter.doFilter(SessionManagementFilter.java:131)
	at org.springframework.security.web.session.SessionManagementFilter.doFilter(SessionManagementFilter.java:85)
	at org.springframework.security.web.ObservationFilterChainDecorator$ObservationFilter.wrapFilter(ObservationFilterChainDecorator.java:240)
	at org.springframework.security.web.ObservationFilterChainDecorator$ObservationFilter.doFilter(ObservationFilterChainDecorator.java:227)
	at org.springframework.security.web.ObservationFilterChainDecorator$VirtualFilterChain.doFilter(ObservationFilterChainDecorator.java:137)
	at org.springframework.security.web.authentication.AnonymousAuthenticationFilter.doFilter(AnonymousAuthenticationFilter.java:100)
	at org.springframework.security.web.ObservationFilterChainDecorator$ObservationFilter.wrapFilter(ObservationFilterChainDecorator.java:240)
	at org.springframework.security.web.ObservationFilterChainDecorator$ObservationFilter.doFilter(ObservationFilterChainDecorator.java:227)
	at org.springframework.security.web.ObservationFilterChainDecorator$VirtualFilterChain.doFilter(ObservationFilterChainDecorator.java:137)
	at org.springframework.security.web.servletapi.SecurityContextHolderAwareRequestFilter.doFilter(SecurityContextHolderAwareRequestFilter.java:179)
	at org.springframework.security.web.ObservationFilterChainDecorator$ObservationFilter.wrapFilter(ObservationFilterChainDecorator.java:240)
	at org.springframework.security.web.ObservationFilterChainDecorator$ObservationFilter.doFilter(ObservationFilterChainDecorator.java:227)
	at org.springframework.security.web.ObservationFilterChainDecorator$VirtualFilterChain.doFilter(ObservationFilterChainDecorator.java:137)
	at org.springframework.security.web.savedrequest.RequestCacheAwareFilter.doFilter(RequestCacheAwareFilter.java:63)
	at org.springframework.security.web.ObservationFilterChainDecorator$ObservationFilter.wrapFilter(ObservationFilterChainDecorator.java:240)
	at org.springframework.security.web.ObservationFilterChainDecorator$ObservationFilter.doFilter(ObservationFilterChainDecorator.java:227)
	at org.springframework.security.web.ObservationFilterChainDecorator$VirtualFilterChain.doFilter(ObservationFilterChainDecorator.java:137)
	at org.xiaoxu.auth.TokenAuthenticationFilter.doFilterInternal(TokenAuthenticationFilter.java:73)
	at org.springframework.web.filter.OncePerRequestFilter.doFilter(OncePerRequestFilter.java:116)
	at org.springframework.security.web.ObservationFilterChainDecorator$ObservationFilter.wrapFilter(ObservationFilterChainDecorator.java:240)
	at org.springframework.security.web.ObservationFilterChainDecorator$ObservationFilter.doFilter(ObservationFilterChainDecorator.java:227)
	at org.springframework.security.web.ObservationFilterChainDecorator$VirtualFilterChain.doFilter(ObservationFilterChainDecorator.java:137)
	at org.springframework.security.web.authentication.logout.LogoutFilter.doFilter(LogoutFilter.java:107)
	at org.springframework.security.web.authentication.logout.LogoutFilter.doFilter(LogoutFilter.java:93)
	at org.springframework.security.web.ObservationFilterChainDecorator$ObservationFilter.wrapFilter(ObservationFilterChainDecorator.java:240)
	at org.springframework.security.web.ObservationFilterChainDecorator$ObservationFilter.doFilter(ObservationFilterChainDecorator.java:227)
	at org.springframework.security.web.ObservationFilterChainDecorator$VirtualFilterChain.doFilter(ObservationFilterChainDecorator.java:137)
	at org.springframework.web.filter.CorsFilter.doFilterInternal(CorsFilter.java:91)
	at org.springframework.web.filter.OncePerRequestFilter.doFilter(OncePerRequestFilter.java:116)
	at org.springframework.security.web.ObservationFilterChainDecorator$ObservationFilter.wrapFilter(ObservationFilterChainDecorator.java:240)
	at org.springframework.security.web.ObservationFilterChainDecorator$ObservationFilter.doFilter(ObservationFilterChainDecorator.java:227)
	at org.springframework.security.web.ObservationFilterChainDecorator$VirtualFilterChain.doFilter(ObservationFilterChainDecorator.java:137)
	at org.springframework.security.web.header.HeaderWriterFilter.doHeadersAfter(HeaderWriterFilter.java:90)
	at org.springframework.security.web.header.HeaderWriterFilter.doFilterInternal(HeaderWriterFilter.java:75)
	at org.springframework.web.filter.OncePerRequestFilter.doFilter(OncePerRequestFilter.java:116)
	at org.springframework.security.web.ObservationFilterChainDecorator$ObservationFilter.wrapFilter(ObservationFilterChainDecorator.java:240)
	at org.springframework.security.web.ObservationFilterChainDecorator$ObservationFilter.doFilter(ObservationFilterChainDecorator.java:227)
	at org.springframework.security.web.ObservationFilterChainDecorator$VirtualFilterChain.doFilter(ObservationFilterChainDecorator.java:137)
	at org.springframework.security.web.context.SecurityContextHolderFilter.doFilter(SecurityContextHolderFilter.java:82)
	at org.springframework.security.web.context.SecurityContextHolderFilter.doFilter(SecurityContextHolderFilter.java:69)
	at org.springframework.security.web.ObservationFilterChainDecorator$ObservationFilter.wrapFilter(ObservationFilterChainDecorator.java:240)
	at org.springframework.security.web.ObservationFilterChainDecorator$ObservationFilter.doFilter(ObservationFilterChainDecorator.java:227)
	at org.springframework.security.web.ObservationFilterChainDecorator$VirtualFilterChain.doFilter(ObservationFilterChainDecorator.java:137)
	at org.springframework.security.web.context.request.async.WebAsyncManagerIntegrationFilter.doFilterInternal(WebAsyncManagerIntegrationFilter.java:62)
	at org.springframework.web.filter.OncePerRequestFilter.doFilter(OncePerRequestFilter.java:116)
	at org.springframework.security.web.ObservationFilterChainDecorator$ObservationFilter.wrapFilter(ObservationFilterChainDecorator.java:240)
	at org.springframework.security.web.ObservationFilterChainDecorator$ObservationFilter.doFilter(ObservationFilterChainDecorator.java:227)
	at org.springframework.security.web.ObservationFilterChainDecorator$VirtualFilterChain.doFilter(ObservationFilterChainDecorator.java:137)
	at org.springframework.security.web.session.DisableEncodeUrlFilter.doFilterInternal(DisableEncodeUrlFilter.java:42)
	at org.springframework.web.filter.OncePerRequestFilter.doFilter(OncePerRequestFilter.java:116)
	at org.springframework.security.web.ObservationFilterChainDecorator$ObservationFilter.wrapFilter(ObservationFilterChainDecorator.java:240)
	at org.springframework.security.web.ObservationFilterChainDecorator$AroundFilterObservation$SimpleAroundFilterObservation.lambda$wrap$0(ObservationFilterChainDecorator.java:323)
	at org.springframework.security.web.ObservationFilterChainDecorator$ObservationFilter.doFilter(ObservationFilterChainDecorator.java:224)
	at org.springframework.security.web.ObservationFilterChainDecorator$VirtualFilterChain.doFilter(ObservationFilterChainDecorator.java:137)
	at org.springframework.security.web.FilterChainProxy.doFilterInternal(FilterChainProxy.java:233)
	at org.springframework.security.web.FilterChainProxy.doFilter(FilterChainProxy.java:191)
	at org.springframework.web.filter.CompositeFilter$VirtualFilterChain.doFilter(CompositeFilter.java:113)
	at org.springframework.web.servlet.handler.HandlerMappingIntrospector.lambda$createCacheFilter$3(HandlerMappingIntrospector.java:195)
	at org.springframework.web.filter.CompositeFilter$VirtualFilterChain.doFilter(CompositeFilter.java:113)
	at org.springframework.web.filter.CompositeFilter.doFilter(CompositeFilter.java:74)
	at org.springframework.security.config.annotation.web.configuration.WebMvcSecurityConfiguration$CompositeFilterChainProxy.doFilter(WebMvcSecurityConfiguration.java:225)
	at org.springframework.web.filter.DelegatingFilterProxy.invokeDelegate(DelegatingFilterProxy.java:352)
	at org.springframework.web.filter.DelegatingFilterProxy.doFilter(DelegatingFilterProxy.java:268)
	at org.apache.catalina.core.ApplicationFilterChain.internalDoFilter(ApplicationFilterChain.java:174)
	at org.apache.catalina.core.ApplicationFilterChain.doFilter(ApplicationFilterChain.java:149)
	at org.springframework.web.filter.RequestContextFilter.doFilterInternal(RequestContextFilter.java:100)
	at org.springframework.web.filter.OncePerRequestFilter.doFilter(OncePerRequestFilter.java:116)
	at org.apache.catalina.core.ApplicationFilterChain.internalDoFilter(ApplicationFilterChain.java:174)
	at org.apache.catalina.core.ApplicationFilterChain.doFilter(ApplicationFilterChain.java:149)
	at org.springframework.web.filter.FormContentFilter.doFilterInternal(FormContentFilter.java:93)
	at org.springframework.web.filter.OncePerRequestFilter.doFilter(OncePerRequestFilter.java:116)
	at org.apache.catalina.core.ApplicationFilterChain.internalDoFilter(ApplicationFilterChain.java:174)
	at org.apache.catalina.core.ApplicationFilterChain.doFilter(ApplicationFilterChain.java:149)
	at org.springframework.web.filter.ServerHttpObservationFilter.doFilterInternal(ServerHttpObservationFilter.java:109)
	at org.springframework.web.filter.OncePerRequestFilter.doFilter(OncePerRequestFilter.java:116)
	at org.apache.catalina.core.ApplicationFilterChain.internalDoFilter(ApplicationFilterChain.java:174)
	at org.apache.catalina.core.ApplicationFilterChain.doFilter(ApplicationFilterChain.java:149)
	at org.springframework.web.filter.CharacterEncodingFilter.doFilterInternal(CharacterEncodingFilter.java:201)
	at org.springframework.web.filter.OncePerRequestFilter.doFilter(OncePerRequestFilter.java:116)
	at org.apache.catalina.core.ApplicationFilterChain.internalDoFilter(ApplicationFilterChain.java:174)
	at org.apache.catalina.core.ApplicationFilterChain.doFilter(ApplicationFilterChain.java:149)
	at org.apache.catalina.core.StandardWrapperValve.invoke(StandardWrapperValve.java:167)
	at org.apache.catalina.core.StandardContextValve.invoke(StandardContextValve.java:90)
	at org.apache.catalina.authenticator.AuthenticatorBase.invoke(AuthenticatorBase.java:482)
	at org.apache.catalina.core.StandardHostValve.invoke(StandardHostValve.java:115)
	at org.apache.catalina.valves.ErrorReportValve.invoke(ErrorReportValve.java:93)
	at org.apache.catalina.core.StandardEngineValve.invoke(StandardEngineValve.java:74)
	at org.apache.catalina.connector.CoyoteAdapter.service(CoyoteAdapter.java:340)
	at org.apache.coyote.http11.Http11Processor.service(Http11Processor.java:391)
	at org.apache.coyote.AbstractProcessorLight.process(AbstractProcessorLight.java:63)
	at org.apache.coyote.AbstractProtocol$ConnectionHandler.process(AbstractProtocol.java:896)
	at org.apache.tomcat.util.net.NioEndpoint$SocketProcessor.doRun(NioEndpoint.java:1744)
	at org.apache.tomcat.util.net.SocketProcessorBase.run(SocketProcessorBase.java:52)
	at org.apache.tomcat.util.threads.ThreadPoolExecutor.runWorker(ThreadPoolExecutor.java:1191)
	at org.apache.tomcat.util.threads.ThreadPoolExecutor$Worker.run(ThreadPoolExecutor.java:659)
	at org.apache.tomcat.util.threads.TaskThread$WrappingRunnable.run(TaskThread.java:61)
	at java.base/java.lang.Thread.run(Thread.java:842)
Caused by: java.sql.SQLSyntaxErrorException: Table '2026mysql_ds.sys_department' doesn't exist
	at com.mysql.cj.jdbc.exceptions.SQLError.createSQLException(SQLError.java:120)
	at com.mysql.cj.jdbc.exceptions.SQLExceptionsMapping.translateException(SQLExceptionsMapping.java:122)
	at com.mysql.cj.jdbc.ClientPreparedStatement.executeInternal(ClientPreparedStatement.java:953)
	at com.mysql.cj.jdbc.ClientPreparedStatement.execute(ClientPreparedStatement.java:371)
	at com.zaxxer.hikari.pool.ProxyPreparedStatement.execute(ProxyPreparedStatement.java:44)
	at com.zaxxer.hikari.pool.HikariProxyPreparedStatement.execute(HikariProxyPreparedStatement.java)
	at org.apache.ibatis.executor.statement.PreparedStatementHandler.query(PreparedStatementHandler.java:65)
	at org.apache.ibatis.executor.statement.RoutingStatementHandler.query(RoutingStatementHandler.java:80)
	at jdk.internal.reflect.GeneratedMethodAccessor111.invoke(Unknown Source)
	at java.base/jdk.internal.reflect.DelegatingMethodAccessorImpl.invoke(DelegatingMethodAccessorImpl.java:43)
	at java.base/java.lang.reflect.Method.invoke(Method.java:568)
	at org.apache.ibatis.plugin.Plugin.invoke(Plugin.java:61)
	at jdk.proxy2/jdk.proxy2.$Proxy193.query(Unknown Source)
	at org.apache.ibatis.executor.SimpleExecutor.doQuery(SimpleExecutor.java:65)
	at org.apache.ibatis.executor.BaseExecutor.queryFromDatabase(BaseExecutor.java:336)
	at org.apache.ibatis.executor.BaseExecutor.query(BaseExecutor.java:158)
	at org.apache.ibatis.executor.CachingExecutor.query(CachingExecutor.java:110)
	at com.baomidou.mybatisplus.extension.plugins.MybatisPlusInterceptor.intercept(MybatisPlusInterceptor.java:81)
	at org.apache.ibatis.plugin.Plugin.invoke(Plugin.java:59)
	at jdk.proxy2/jdk.proxy2.$Proxy192.query(Unknown Source)
	at com.github.pagehelper.PageInterceptor.intercept(PageInterceptor.java:151)
	at org.apache.ibatis.plugin.Plugin.invoke(Plugin.java:59)
	at jdk.proxy2/jdk.proxy2.$Proxy192.query(Unknown Source)
	at org.apache.ibatis.session.defaults.DefaultSqlSession.selectList(DefaultSqlSession.java:154)
	at org.apache.ibatis.session.defaults.DefaultSqlSession.selectList(DefaultSqlSession.java:147)
	at org.apache.ibatis.session.defaults.DefaultSqlSession.selectList(DefaultSqlSession.java:142)
	at jdk.internal.reflect.GeneratedMethodAccessor119.invoke(Unknown Source)
	at java.base/jdk.internal.reflect.DelegatingMethodAccessorImpl.invoke(DelegatingMethodAccessorImpl.java:43)
	at java.base/java.lang.reflect.Method.invoke(Method.java:568)
	at org.mybatis.spring.SqlSessionTemplate$SqlSessionInterceptor.invoke(SqlSessionTemplate.java:425)
	... 165 common frames omitted
2026-06-25 20:43:42 [http-nio-13690-exec-8] INFO  o.x.workflow.service.impl.FlowableLeaveServiceImpl - 使用V2流程，审批人变量：manager=manager, director=director, hr=hr
2026-06-25 20:43:42 [http-nio-13690-exec-8] WARN  o.x.workflow.service.impl.FlowableLeaveServiceImpl - 获取用户部门失败: username=admin
org.springframework.jdbc.BadSqlGrammarException: 
### Error querying database.  Cause: java.sql.SQLSyntaxErrorException: Table '2026mysql_ds.sys_user_department' doesn't exist
### The error may exist in org/xiaoxu/workflow/mapper/UserDepartmentMapper.java (best guess)
### The error may involve defaultParameterMap
### The error occurred while setting parameters
### SQL: SELECT  id,user_id,username,department_id,is_primary,create_time  FROM sys_user_department      WHERE  (username = ? AND is_primary = ?)
### Cause: java.sql.SQLSyntaxErrorException: Table '2026mysql_ds.sys_user_department' doesn't exist
; bad SQL grammar []
	at org.springframework.jdbc.support.SQLErrorCodeSQLExceptionTranslator.doTranslate(SQLErrorCodeSQLExceptionTranslator.java:246)
	at org.springframework.jdbc.support.AbstractFallbackSQLExceptionTranslator.translate(AbstractFallbackSQLExceptionTranslator.java:107)
	at org.mybatis.spring.MyBatisExceptionTranslator.translateExceptionIfPossible(MyBatisExceptionTranslator.java:92)
	at org.mybatis.spring.SqlSessionTemplate$SqlSessionInterceptor.invoke(SqlSessionTemplate.java:439)
	at jdk.proxy2/jdk.proxy2.$Proxy123.selectList(Unknown Source)
	at org.mybatis.spring.SqlSessionTemplate.selectList(SqlSessionTemplate.java:224)
	at com.baomidou.mybatisplus.core.override.MybatisMapperMethod.executeForMany(MybatisMapperMethod.java:164)
	at com.baomidou.mybatisplus.core.override.MybatisMapperMethod.execute(MybatisMapperMethod.java:77)
	at com.baomidou.mybatisplus.core.override.MybatisMapperProxy$PlainMethodInvoker.invoke(MybatisMapperProxy.java:152)
	at com.baomidou.mybatisplus.core.override.MybatisMapperProxy.invoke(MybatisMapperProxy.java:89)
	at jdk.proxy2/jdk.proxy2.$Proxy162.selectList(Unknown Source)
	at com.baomidou.mybatisplus.core.mapper.BaseMapper.selectOne(BaseMapper.java:222)
	at java.base/java.lang.invoke.MethodHandle.invokeWithArguments(MethodHandle.java:732)
	at com.baomidou.mybatisplus.core.override.MybatisMapperProxy$DefaultMethodInvoker.invoke(MybatisMapperProxy.java:166)
	at com.baomidou.mybatisplus.core.override.MybatisMapperProxy.invoke(MybatisMapperProxy.java:89)
	at jdk.proxy2/jdk.proxy2.$Proxy162.selectOne(Unknown Source)
	at com.baomidou.mybatisplus.core.mapper.BaseMapper.selectOne(BaseMapper.java:211)
	at java.base/java.lang.invoke.MethodHandle.invokeWithArguments(MethodHandle.java:732)
	at com.baomidou.mybatisplus.core.override.MybatisMapperProxy$DefaultMethodInvoker.invoke(MybatisMapperProxy.java:166)
	at com.baomidou.mybatisplus.core.override.MybatisMapperProxy.invoke(MybatisMapperProxy.java:89)
	at jdk.proxy2/jdk.proxy2.$Proxy162.selectOne(Unknown Source)
	at org.xiaoxu.workflow.service.impl.DepartmentServiceImpl.getPrimaryDepartment(DepartmentServiceImpl.java:57)
	at java.base/jdk.internal.reflect.NativeMethodAccessorImpl.invoke0(Native Method)
	at java.base/jdk.internal.reflect.NativeMethodAccessorImpl.invoke(NativeMethodAccessorImpl.java:77)
	at java.base/jdk.internal.reflect.DelegatingMethodAccessorImpl.invoke(DelegatingMethodAccessorImpl.java:43)
	at java.base/java.lang.reflect.Method.invoke(Method.java:568)
	at org.springframework.aop.support.AopUtils.invokeJoinpointUsingReflection(AopUtils.java:351)
	at org.springframework.aop.framework.CglibAopProxy$DynamicAdvisedInterceptor.intercept(CglibAopProxy.java:713)
	at org.xiaoxu.workflow.service.impl.DepartmentServiceImpl$$SpringCGLIB$$0.getPrimaryDepartment(<generated>)
	at org.xiaoxu.workflow.service.impl.FlowableLeaveServiceImpl.getUserDepartment(FlowableLeaveServiceImpl.java:188)
	at org.xiaoxu.workflow.service.impl.FlowableLeaveServiceImpl.submitApproval(FlowableLeaveServiceImpl.java:88)
	at org.xiaoxu.workflow.controller.ApproveLeaveController.submitApproval(ApproveLeaveController.java:62)
	at java.base/jdk.internal.reflect.NativeMethodAccessorImpl.invoke0(Native Method)
	at java.base/jdk.internal.reflect.NativeMethodAccessorImpl.invoke(NativeMethodAccessorImpl.java:77)
	at java.base/jdk.internal.reflect.DelegatingMethodAccessorImpl.invoke(DelegatingMethodAccessorImpl.java:43)
	at java.base/java.lang.reflect.Method.invoke(Method.java:568)
	at org.springframework.web.method.support.InvocableHandlerMethod.doInvoke(InvocableHandlerMethod.java:261)
	at org.springframework.web.method.support.InvocableHandlerMethod.invokeForRequest(InvocableHandlerMethod.java:189)
	at org.springframework.web.servlet.mvc.method.annotation.ServletInvocableHandlerMethod.invokeAndHandle(ServletInvocableHandlerMethod.java:118)
	at org.springframework.web.servlet.mvc.method.annotation.RequestMappingHandlerAdapter.invokeHandlerMethod(RequestMappingHandlerAdapter.java:917)
	at org.springframework.web.servlet.mvc.method.annotation.RequestMappingHandlerAdapter.handleInternal(RequestMappingHandlerAdapter.java:829)
	at org.springframework.web.servlet.mvc.method.AbstractHandlerMethodAdapter.handle(AbstractHandlerMethodAdapter.java:87)
	at org.springframework.web.servlet.DispatcherServlet.doDispatch(DispatcherServlet.java:1089)
	at org.springframework.web.servlet.DispatcherServlet.doService(DispatcherServlet.java:979)
	at org.springframework.web.servlet.FrameworkServlet.processRequest(FrameworkServlet.java:1014)
	at org.springframework.web.servlet.FrameworkServlet.doPost(FrameworkServlet.java:914)
	at jakarta.servlet.http.HttpServlet.service(HttpServlet.java:590)
	at org.springframework.web.servlet.FrameworkServlet.service(FrameworkServlet.java:885)
	at jakarta.servlet.http.HttpServlet.service(HttpServlet.java:658)
	at org.apache.catalina.core.ApplicationFilterChain.internalDoFilter(ApplicationFilterChain.java:205)
	at org.apache.catalina.core.ApplicationFilterChain.doFilter(ApplicationFilterChain.java:149)
	at org.apache.tomcat.websocket.server.WsFilter.doFilter(WsFilter.java:51)
	at org.apache.catalina.core.ApplicationFilterChain.internalDoFilter(ApplicationFilterChain.java:174)
	at org.apache.catalina.core.ApplicationFilterChain.doFilter(ApplicationFilterChain.java:149)
	at org.springframework.web.filter.OncePerRequestFilter.doFilter(OncePerRequestFilter.java:110)
	at org.apache.catalina.core.ApplicationFilterChain.internalDoFilter(ApplicationFilterChain.java:174)
	at org.apache.catalina.core.ApplicationFilterChain.doFilter(ApplicationFilterChain.java:149)
	at org.springframework.web.filter.OncePerRequestFilter.doFilter(OncePerRequestFilter.java:110)
	at org.apache.catalina.core.ApplicationFilterChain.internalDoFilter(ApplicationFilterChain.java:174)
	at org.apache.catalina.core.ApplicationFilterChain.doFilter(ApplicationFilterChain.java:149)
	at org.springframework.web.filter.CompositeFilter$VirtualFilterChain.doFilter(CompositeFilter.java:108)
	at org.springframework.security.web.FilterChainProxy.lambda$doFilterInternal$3(FilterChainProxy.java:231)
	at org.springframework.security.web.ObservationFilterChainDecorator$FilterObservation$SimpleFilterObservation.lambda$wrap$1(ObservationFilterChainDecorator.java:479)
	at org.springframework.security.web.ObservationFilterChainDecorator$AroundFilterObservation$SimpleAroundFilterObservation.lambda$wrap$1(ObservationFilterChainDecorator.java:340)
	at org.springframework.security.web.ObservationFilterChainDecorator.lambda$wrapSecured$0(ObservationFilterChainDecorator.java:82)
	at org.springframework.security.web.ObservationFilterChainDecorator$VirtualFilterChain.doFilter(ObservationFilterChainDecorator.java:128)
	at org.springframework.security.web.access.intercept.AuthorizationFilter.doFilter(AuthorizationFilter.java:100)
	at org.springframework.security.web.ObservationFilterChainDecorator$ObservationFilter.wrapFilter(ObservationFilterChainDecorator.java:240)
	at org.springframework.security.web.ObservationFilterChainDecorator$ObservationFilter.doFilter(ObservationFilterChainDecorator.java:227)
	at org.springframework.security.web.ObservationFilterChainDecorator$VirtualFilterChain.doFilter(ObservationFilterChainDecorator.java:137)
	at org.springframework.security.web.access.ExceptionTranslationFilter.doFilter(ExceptionTranslationFilter.java:126)
	at org.springframework.security.web.access.ExceptionTranslationFilter.doFilter(ExceptionTranslationFilter.java:120)
	at org.springframework.security.web.ObservationFilterChainDecorator$ObservationFilter.wrapFilter(ObservationFilterChainDecorator.java:240)
	at org.springframework.security.web.ObservationFilterChainDecorator$ObservationFilter.doFilter(ObservationFilterChainDecorator.java:227)
	at org.springframework.security.web.ObservationFilterChainDecorator$VirtualFilterChain.doFilter(ObservationFilterChainDecorator.java:137)
	at org.springframework.security.web.session.SessionManagementFilter.doFilter(SessionManagementFilter.java:131)
	at org.springframework.security.web.session.SessionManagementFilter.doFilter(SessionManagementFilter.java:85)
	at org.springframework.security.web.ObservationFilterChainDecorator$ObservationFilter.wrapFilter(ObservationFilterChainDecorator.java:240)
	at org.springframework.security.web.ObservationFilterChainDecorator$ObservationFilter.doFilter(ObservationFilterChainDecorator.java:227)
	at org.springframework.security.web.ObservationFilterChainDecorator$VirtualFilterChain.doFilter(ObservationFilterChainDecorator.java:137)
	at org.springframework.security.web.authentication.AnonymousAuthenticationFilter.doFilter(AnonymousAuthenticationFilter.java:100)
	at org.springframework.security.web.ObservationFilterChainDecorator$ObservationFilter.wrapFilter(ObservationFilterChainDecorator.java:240)
	at org.springframework.security.web.ObservationFilterChainDecorator$ObservationFilter.doFilter(ObservationFilterChainDecorator.java:227)
	at org.springframework.security.web.ObservationFilterChainDecorator$VirtualFilterChain.doFilter(ObservationFilterChainDecorator.java:137)
	at org.springframework.security.web.servletapi.SecurityContextHolderAwareRequestFilter.doFilter(SecurityContextHolderAwareRequestFilter.java:179)
	at org.springframework.security.web.ObservationFilterChainDecorator$ObservationFilter.wrapFilter(ObservationFilterChainDecorator.java:240)
	at org.springframework.security.web.ObservationFilterChainDecorator$ObservationFilter.doFilter(ObservationFilterChainDecorator.java:227)
	at org.springframework.security.web.ObservationFilterChainDecorator$VirtualFilterChain.doFilter(ObservationFilterChainDecorator.java:137)
	at org.springframework.security.web.savedrequest.RequestCacheAwareFilter.doFilter(RequestCacheAwareFilter.java:63)
	at org.springframework.security.web.ObservationFilterChainDecorator$ObservationFilter.wrapFilter(ObservationFilterChainDecorator.java:240)
	at org.springframework.security.web.ObservationFilterChainDecorator$ObservationFilter.doFilter(ObservationFilterChainDecorator.java:227)
	at org.springframework.security.web.ObservationFilterChainDecorator$VirtualFilterChain.doFilter(ObservationFilterChainDecorator.java:137)
	at org.xiaoxu.auth.TokenAuthenticationFilter.doFilterInternal(TokenAuthenticationFilter.java:73)
	at org.springframework.web.filter.OncePerRequestFilter.doFilter(OncePerRequestFilter.java:116)
	at org.springframework.security.web.ObservationFilterChainDecorator$ObservationFilter.wrapFilter(ObservationFilterChainDecorator.java:240)
	at org.springframework.security.web.ObservationFilterChainDecorator$ObservationFilter.doFilter(ObservationFilterChainDecorator.java:227)
	at org.springframework.security.web.ObservationFilterChainDecorator$VirtualFilterChain.doFilter(ObservationFilterChainDecorator.java:137)
	at org.springframework.security.web.authentication.logout.LogoutFilter.doFilter(LogoutFilter.java:107)
	at org.springframework.security.web.authentication.logout.LogoutFilter.doFilter(LogoutFilter.java:93)
	at org.springframework.security.web.ObservationFilterChainDecorator$ObservationFilter.wrapFilter(ObservationFilterChainDecorator.java:240)
	at org.springframework.security.web.ObservationFilterChainDecorator$ObservationFilter.doFilter(ObservationFilterChainDecorator.java:227)
	at org.springframework.security.web.ObservationFilterChainDecorator$VirtualFilterChain.doFilter(ObservationFilterChainDecorator.java:137)
	at org.springframework.web.filter.CorsFilter.doFilterInternal(CorsFilter.java:91)
	at org.springframework.web.filter.OncePerRequestFilter.doFilter(OncePerRequestFilter.java:116)
	at org.springframework.security.web.ObservationFilterChainDecorator$ObservationFilter.wrapFilter(ObservationFilterChainDecorator.java:240)
	at org.springframework.security.web.ObservationFilterChainDecorator$ObservationFilter.doFilter(ObservationFilterChainDecorator.java:227)
	at org.springframework.security.web.ObservationFilterChainDecorator$VirtualFilterChain.doFilter(ObservationFilterChainDecorator.java:137)
	at org.springframework.security.web.header.HeaderWriterFilter.doHeadersAfter(HeaderWriterFilter.java:90)
	at org.springframework.security.web.header.HeaderWriterFilter.doFilterInternal(HeaderWriterFilter.java:75)
	at org.springframework.web.filter.OncePerRequestFilter.doFilter(OncePerRequestFilter.java:116)
	at org.springframework.security.web.ObservationFilterChainDecorator$ObservationFilter.wrapFilter(ObservationFilterChainDecorator.java:240)
	at org.springframework.security.web.ObservationFilterChainDecorator$ObservationFilter.doFilter(ObservationFilterChainDecorator.java:227)
	at org.springframework.security.web.ObservationFilterChainDecorator$VirtualFilterChain.doFilter(ObservationFilterChainDecorator.java:137)
	at org.springframework.security.web.context.SecurityContextHolderFilter.doFilter(SecurityContextHolderFilter.java:82)
	at org.springframework.security.web.context.SecurityContextHolderFilter.doFilter(SecurityContextHolderFilter.java:69)
	at org.springframework.security.web.ObservationFilterChainDecorator$ObservationFilter.wrapFilter(ObservationFilterChainDecorator.java:240)
	at org.springframework.security.web.ObservationFilterChainDecorator$ObservationFilter.doFilter(ObservationFilterChainDecorator.java:227)
	at org.springframework.security.web.ObservationFilterChainDecorator$VirtualFilterChain.doFilter(ObservationFilterChainDecorator.java:137)
	at org.springframework.security.web.context.request.async.WebAsyncManagerIntegrationFilter.doFilterInternal(WebAsyncManagerIntegrationFilter.java:62)
	at org.springframework.web.filter.OncePerRequestFilter.doFilter(OncePerRequestFilter.java:116)
	at org.springframework.security.web.ObservationFilterChainDecorator$ObservationFilter.wrapFilter(ObservationFilterChainDecorator.java:240)
	at org.springframework.security.web.ObservationFilterChainDecorator$ObservationFilter.doFilter(ObservationFilterChainDecorator.java:227)
	at org.springframework.security.web.ObservationFilterChainDecorator$VirtualFilterChain.doFilter(ObservationFilterChainDecorator.java:137)
	at org.springframework.security.web.session.DisableEncodeUrlFilter.doFilterInternal(DisableEncodeUrlFilter.java:42)
	at org.springframework.web.filter.OncePerRequestFilter.doFilter(OncePerRequestFilter.java:116)
	at org.springframework.security.web.ObservationFilterChainDecorator$ObservationFilter.wrapFilter(ObservationFilterChainDecorator.java:240)
	at org.springframework.security.web.ObservationFilterChainDecorator$AroundFilterObservation$SimpleAroundFilterObservation.lambda$wrap$0(ObservationFilterChainDecorator.java:323)
	at org.springframework.security.web.ObservationFilterChainDecorator$ObservationFilter.doFilter(ObservationFilterChainDecorator.java:224)
	at org.springframework.security.web.ObservationFilterChainDecorator$VirtualFilterChain.doFilter(ObservationFilterChainDecorator.java:137)
	at org.springframework.security.web.FilterChainProxy.doFilterInternal(FilterChainProxy.java:233)
	at org.springframework.security.web.FilterChainProxy.doFilter(FilterChainProxy.java:191)
	at org.springframework.web.filter.CompositeFilter$VirtualFilterChain.doFilter(CompositeFilter.java:113)
	at org.springframework.web.servlet.handler.HandlerMappingIntrospector.lambda$createCacheFilter$3(HandlerMappingIntrospector.java:195)
	at org.springframework.web.filter.CompositeFilter$VirtualFilterChain.doFilter(CompositeFilter.java:113)
	at org.springframework.web.filter.CompositeFilter.doFilter(CompositeFilter.java:74)
	at org.springframework.security.config.annotation.web.configuration.WebMvcSecurityConfiguration$CompositeFilterChainProxy.doFilter(WebMvcSecurityConfiguration.java:225)
	at org.springframework.web.filter.DelegatingFilterProxy.invokeDelegate(DelegatingFilterProxy.java:352)
	at org.springframework.web.filter.DelegatingFilterProxy.doFilter(DelegatingFilterProxy.java:268)
	at org.apache.catalina.core.ApplicationFilterChain.internalDoFilter(ApplicationFilterChain.java:174)
	at org.apache.catalina.core.ApplicationFilterChain.doFilter(ApplicationFilterChain.java:149)
	at org.springframework.web.filter.RequestContextFilter.doFilterInternal(RequestContextFilter.java:100)
	at org.springframework.web.filter.OncePerRequestFilter.doFilter(OncePerRequestFilter.java:116)
	at org.apache.catalina.core.ApplicationFilterChain.internalDoFilter(ApplicationFilterChain.java:174)
	at org.apache.catalina.core.ApplicationFilterChain.doFilter(ApplicationFilterChain.java:149)
	at org.springframework.web.filter.FormContentFilter.doFilterInternal(FormContentFilter.java:93)
	at org.springframework.web.filter.OncePerRequestFilter.doFilter(OncePerRequestFilter.java:116)
	at org.apache.catalina.core.ApplicationFilterChain.internalDoFilter(ApplicationFilterChain.java:174)
	at org.apache.catalina.core.ApplicationFilterChain.doFilter(ApplicationFilterChain.java:149)
	at org.springframework.web.filter.ServerHttpObservationFilter.doFilterInternal(ServerHttpObservationFilter.java:109)
	at org.springframework.web.filter.OncePerRequestFilter.doFilter(OncePerRequestFilter.java:116)
	at org.apache.catalina.core.ApplicationFilterChain.internalDoFilter(ApplicationFilterChain.java:174)
	at org.apache.catalina.core.ApplicationFilterChain.doFilter(ApplicationFilterChain.java:149)
	at org.springframework.web.filter.CharacterEncodingFilter.doFilterInternal(CharacterEncodingFilter.java:201)
	at org.springframework.web.filter.OncePerRequestFilter.doFilter(OncePerRequestFilter.java:116)
	at org.apache.catalina.core.ApplicationFilterChain.internalDoFilter(ApplicationFilterChain.java:174)
	at org.apache.catalina.core.ApplicationFilterChain.doFilter(ApplicationFilterChain.java:149)
	at org.apache.catalina.core.StandardWrapperValve.invoke(StandardWrapperValve.java:167)
	at org.apache.catalina.core.StandardContextValve.invoke(StandardContextValve.java:90)
	at org.apache.catalina.authenticator.AuthenticatorBase.invoke(AuthenticatorBase.java:482)
	at org.apache.catalina.core.StandardHostValve.invoke(StandardHostValve.java:115)
	at org.apache.catalina.valves.ErrorReportValve.invoke(ErrorReportValve.java:93)
	at org.apache.catalina.core.StandardEngineValve.invoke(StandardEngineValve.java:74)
	at org.apache.catalina.connector.CoyoteAdapter.service(CoyoteAdapter.java:340)
	at org.apache.coyote.http11.Http11Processor.service(Http11Processor.java:391)
	at org.apache.coyote.AbstractProcessorLight.process(AbstractProcessorLight.java:63)
	at org.apache.coyote.AbstractProtocol$ConnectionHandler.process(AbstractProtocol.java:896)
	at org.apache.tomcat.util.net.NioEndpoint$SocketProcessor.doRun(NioEndpoint.java:1744)
	at org.apache.tomcat.util.net.SocketProcessorBase.run(SocketProcessorBase.java:52)
	at org.apache.tomcat.util.threads.ThreadPoolExecutor.runWorker(ThreadPoolExecutor.java:1191)
	at org.apache.tomcat.util.threads.ThreadPoolExecutor$Worker.run(ThreadPoolExecutor.java:659)
	at org.apache.tomcat.util.threads.TaskThread$WrappingRunnable.run(TaskThread.java:61)
	at java.base/java.lang.Thread.run(Thread.java:842)
Caused by: java.sql.SQLSyntaxErrorException: Table '2026mysql_ds.sys_user_department' doesn't exist
	at com.mysql.cj.jdbc.exceptions.SQLError.createSQLException(SQLError.java:120)
	at com.mysql.cj.jdbc.exceptions.SQLExceptionsMapping.translateException(SQLExceptionsMapping.java:122)
	at com.mysql.cj.jdbc.ClientPreparedStatement.executeInternal(ClientPreparedStatement.java:953)
	at com.mysql.cj.jdbc.ClientPreparedStatement.execute(ClientPreparedStatement.java:371)
	at com.zaxxer.hikari.pool.ProxyPreparedStatement.execute(ProxyPreparedStatement.java:44)
	at com.zaxxer.hikari.pool.HikariProxyPreparedStatement.execute(HikariProxyPreparedStatement.java)
	at org.apache.ibatis.executor.statement.PreparedStatementHandler.query(PreparedStatementHandler.java:65)
	at org.apache.ibatis.executor.statement.RoutingStatementHandler.query(RoutingStatementHandler.java:80)
	at jdk.internal.reflect.GeneratedMethodAccessor111.invoke(Unknown Source)
	at java.base/jdk.internal.reflect.DelegatingMethodAccessorImpl.invoke(DelegatingMethodAccessorImpl.java:43)
	at java.base/java.lang.reflect.Method.invoke(Method.java:568)
	at org.apache.ibatis.plugin.Plugin.invoke(Plugin.java:61)
	at jdk.proxy2/jdk.proxy2.$Proxy193.query(Unknown Source)
	at org.apache.ibatis.executor.SimpleExecutor.doQuery(SimpleExecutor.java:65)
	at org.apache.ibatis.executor.BaseExecutor.queryFromDatabase(BaseExecutor.java:336)
	at org.apache.ibatis.executor.BaseExecutor.query(BaseExecutor.java:158)
	at org.apache.ibatis.executor.CachingExecutor.query(CachingExecutor.java:110)
	at com.baomidou.mybatisplus.extension.plugins.MybatisPlusInterceptor.intercept(MybatisPlusInterceptor.java:81)
	at org.apache.ibatis.plugin.Plugin.invoke(Plugin.java:59)
	at jdk.proxy2/jdk.proxy2.$Proxy192.query(Unknown Source)
	at com.github.pagehelper.PageInterceptor.intercept(PageInterceptor.java:151)
	at org.apache.ibatis.plugin.Plugin.invoke(Plugin.java:59)
	at jdk.proxy2/jdk.proxy2.$Proxy192.query(Unknown Source)
	at org.apache.ibatis.session.defaults.DefaultSqlSession.selectList(DefaultSqlSession.java:154)
	at org.apache.ibatis.session.defaults.DefaultSqlSession.selectList(DefaultSqlSession.java:147)
	at org.apache.ibatis.session.defaults.DefaultSqlSession.selectList(DefaultSqlSession.java:142)
	at jdk.internal.reflect.GeneratedMethodAccessor119.invoke(Unknown Source)
	at java.base/jdk.internal.reflect.DelegatingMethodAccessorImpl.invoke(DelegatingMethodAccessorImpl.java:43)
	at java.base/java.lang.reflect.Method.invoke(Method.java:568)
	at org.mybatis.spring.SqlSessionTemplate$SqlSessionInterceptor.invoke(SqlSessionTemplate.java:425)
	... 168 common frames omitted
2026-06-25 20:43:42 [http-nio-13690-exec-8] INFO  o.x.workflow.service.impl.FlowableLeaveServiceImpl - 部门流程事件已发布: eventType=LEAVE_SUBMITTED, department=UNKNOWN
2026-06-25 20:43:55 [http-nio-13690-exec-2] INFO  org.xiaoxu.service.AuditLogService - 登录日志已发送到MQ, username=manger_01
2026-06-25 20:43:55 [http-nio-13690-exec-5] INFO  org.xiaoxu.service.MenuService - 用户[11]的角色IDs: []
2026-06-25 20:45:01 [http-nio-13690-exec-4] INFO  org.xiaoxu.service.AuditLogService - 登录日志已发送到MQ, username=manger_01
2026-06-25 20:45:01 [http-nio-13690-exec-7] INFO  org.xiaoxu.service.MenuService - 用户[11]的角色IDs: []
2026-06-25 20:45:25 [http-nio-13690-exec-7] INFO  org.xiaoxu.service.AuditLogService - 登录日志已发送到MQ, username=manger_01
2026-06-25 20:48:43 [http-nio-13690-exec-4] INFO  org.xiaoxu.service.AuditLogService - 登录日志已发送到MQ, username=admin
2026-06-25 20:48:47 [http-nio-13690-exec-1] INFO  org.xiaoxu.service.AuditLogService - 登录日志已发送到MQ, username=manager
2026-06-25 20:48:47 [http-nio-13690-exec-9] INFO  org.xiaoxu.service.MenuService - 用户[3]的角色IDs: [10]
2026-06-25 20:48:47 [http-nio-13690-exec-9] INFO  org.xiaoxu.service.MenuService - 用户[3]的菜单IDs: [100, 101, 104, 105]
2026-06-25 20:49:02 [http-nio-13690-exec-4] INFO  o.xiaoxu.workflow.service.impl.FlowableServiceImpl - 任务完成, taskId: 7f7fa0ed-7093-11f1-9dd4-ca9402dece55
2026-06-25 20:49:02 [http-nio-13690-exec-4] INFO  org.xiaoxu.service.AuditLogService - 工作流日志已发送到MQ, processInstanceId=7f77ffc2-7093-11f1-9dd4-ca9402dece55
2026-06-25 20:49:02 [http-nio-13690-exec-4] INFO  o.xiaoxu.workflow.service.impl.FlowableServiceImpl - 审批事件已发布: processInstanceId=7f77ffc2-7093-11f1-9dd4-ca9402dece55, action=APPROVE
2026-06-25 20:49:02 [http-nio-13690-exec-4] INFO  org.xiaoxu.workflow.event.ApprovalEventListener - 收到审批事件: processInstanceId=7f77ffc2-7093-11f1-9dd4-ca9402dece55, action=APPROVE
2026-06-25 20:49:02 [http-nio-13690-exec-4] WARN  org.xiaoxu.workflow.event.ApprovalEventListener - 未找到审批处理器: processDefinitionKey=leave-request-v2
2026-06-25 20:49:30 [http-nio-13690-exec-5] INFO  org.xiaoxu.service.AuditLogService - 登录日志已发送到MQ, username=manager
2026-06-25 20:49:33 [http-nio-13690-exec-4] INFO  org.xiaoxu.service.AuditLogService - 登录日志已发送到MQ, username=hr
2026-06-25 20:49:33 [http-nio-13690-exec-7] INFO  org.xiaoxu.service.MenuService - 用户[6]的角色IDs: [13]
2026-06-25 20:49:33 [http-nio-13690-exec-7] INFO  org.xiaoxu.service.MenuService - 用户[6]的菜单IDs: [100, 101, 104, 105]
2026-06-25 20:49:43 [http-nio-13690-exec-5] INFO  o.xiaoxu.workflow.listener.ApprovalEmailListener - 未知的流程定义 key: leave-request-v2, 跳过邮件通知
2026-06-25 20:49:43 [http-nio-13690-exec-5] INFO  o.xiaoxu.workflow.service.impl.FlowableServiceImpl - 任务完成, taskId: 3dcbc117-7094-11f1-9dd4-ca9402dece55
2026-06-25 20:49:43 [http-nio-13690-exec-5] INFO  org.xiaoxu.service.AuditLogService - 工作流日志已发送到MQ, processInstanceId=7f77ffc2-7093-11f1-9dd4-ca9402dece55
2026-06-25 20:49:43 [http-nio-13690-exec-5] INFO  o.xiaoxu.workflow.service.impl.FlowableServiceImpl - 审批事件已发布: processInstanceId=7f77ffc2-7093-11f1-9dd4-ca9402dece55, action=APPROVE
2026-06-25 20:49:43 [http-nio-13690-exec-5] INFO  org.xiaoxu.workflow.event.ApprovalEventListener - 收到审批事件: processInstanceId=7f77ffc2-7093-11f1-9dd4-ca9402dece55, action=APPROVE
2026-06-25 20:49:43 [http-nio-13690-exec-5] WARN  org.xiaoxu.workflow.event.ApprovalEventListener - 未找到审批处理器: processDefinitionKey=leave-request-v2
2026-06-25 20:49:45 [http-nio-13690-exec-6] INFO  org.xiaoxu.service.AuditLogService - 登录日志已发送到MQ, username=hr
2026-06-25 20:49:57 [http-nio-13690-exec-3] INFO  org.xiaoxu.service.AuditLogService - 登录日志已发送到MQ, username=admin
2026-06-25 20:49:57 [http-nio-13690-exec-6] INFO  org.xiaoxu.service.MenuService - 用户[1]的角色IDs: [1]
2026-06-25 20:49:57 [http-nio-13690-exec-6] INFO  org.xiaoxu.service.MenuService - 用户[1]的菜单IDs: [1, 2, 130, 3, 131, 4, 132, 5, 133, 6, 134, 7, 8, 9, 10, 11, 12, 13, 14, 15, 16, 100, 101, 102, 103, 104, 105, 106, 107, 108, 109, 110, 120]
2026-06-25 20:57:51 [org.springframework.amqp.rabbit.RabbitListenerEndpointContainer#0-2] INFO  o.s.a.r.listener.SimpleMessageListenerContainer - Waiting for workers to finish.
2026-06-25 20:57:52 [org.springframework.amqp.rabbit.RabbitListenerEndpointContainer#1-2] INFO  o.s.a.r.listener.SimpleMessageListenerContainer - Waiting for workers to finish.
2026-06-25 20:57:52 [org.springframework.amqp.rabbit.RabbitListenerEndpointContainer#2-2] INFO  o.s.a.r.listener.SimpleMessageListenerContainer - Waiting for workers to finish.
2026-06-25 20:57:52 [org.springframework.amqp.rabbit.RabbitListenerEndpointContainer#1-2] INFO  o.s.a.r.listener.SimpleMessageListenerContainer - Successfully waited for workers to finish.
2026-06-25 20:57:52 [org.springframework.amqp.rabbit.RabbitListenerEndpointContainer#2-2] INFO  o.s.a.r.listener.SimpleMessageListenerContainer - Successfully waited for workers to finish.
2026-06-25 20:57:52 [org.springframework.amqp.rabbit.RabbitListenerEndpointContainer#0-2] INFO  o.s.a.r.listener.SimpleMessageListenerContainer - Successfully waited for workers to finish.
2026-06-25 20:57:52 [Thread-5] INFO  com.xxl.job.core.server.EmbedServer - >>>>>>>>>>> xxl-job remoting server stop.
2026-06-25 20:57:52 [xxl-job, executor ExecutorRegistryThread] INFO  com.xxl.job.core.thread.ExecutorRegistryThread - >>>>>>>>>>> xxl-job registry-remove success, registryParam:RegistryParam{registryGroup='EXECUTOR', registryKey='permission-job-executor', registryValue='http://192.168.1.2:9998/'}, registryResult:ReturnT [code=200, msg=null, content=null]
2026-06-25 20:57:52 [xxl-job, executor ExecutorRegistryThread] INFO  com.xxl.job.core.thread.ExecutorRegistryThread - >>>>>>>>>>> xxl-job, executor registry thread destroy.
2026-06-25 20:57:52 [SpringApplicationShutdownHook] INFO  com.xxl.job.core.server.EmbedServer - >>>>>>>>>>> xxl-job remoting server destroy success.
2026-06-25 20:57:52 [xxl-job, executor JobLogFileCleanThread] INFO  com.xxl.job.core.thread.JobLogFileCleanThread - >>>>>>>>>>> xxl-job, executor JobLogFileCleanThread thread destroy.
2026-06-25 20:57:52 [xxl-job, executor TriggerCallbackThread] INFO  com.xxl.job.core.thread.TriggerCallbackThread - >>>>>>>>>>> xxl-job, executor callback thread destroy.
2026-06-25 20:57:52 [Thread-4] INFO  com.xxl.job.core.thread.TriggerCallbackThread - >>>>>>>>>>> xxl-job, executor retry callback thread destroy.
2026-06-25 20:57:52 [SpringApplicationShutdownHook] INFO  o.f.j.s.impl.asyncexecutor.AbstractAsyncExecutor - Shutting down the async job executor [org.flowable.spring.job.service.SpringAsyncExecutor] for engine cmmn
2026-06-25 20:57:52 [flowable-cmmn-acquire-async-jobs] INFO  o.f.j.s.i.a.AcquireAsyncJobsDueRunnable - stopped async job due acquisition for engine cmmn
2026-06-25 20:57:52 [flowable-cmmn-acquire-timer-jobs] INFO  o.f.j.s.i.asyncexecutor.AcquireTimerJobsRunnable - stopped async job due acquisition for engine cmmn
2026-06-25 20:57:52 [flowable-cmmn-reset-expired-jobs] INFO  o.f.j.s.i.asyncexecutor.ResetExpiredJobsRunnable - stopped resetting expired jobs for engine cmmn
2026-06-25 20:57:52 [SpringApplicationShutdownHook] INFO  o.f.j.s.impl.asyncexecutor.AbstractAsyncExecutor - Shutting down the async job executor [org.flowable.spring.job.service.SpringAsyncExecutor] for engine bpmn
2026-06-25 20:57:52 [flowable-bpmn-acquire-async-jobs] INFO  o.f.j.s.i.a.AcquireAsyncJobsDueRunnable - stopped async job due acquisition for engine bpmn
2026-06-25 20:57:52 [flowable-bpmn-acquire-timer-jobs] INFO  o.f.j.s.i.asyncexecutor.AcquireTimerJobsRunnable - stopped async job due acquisition for engine bpmn
2026-06-25 20:57:52 [flowable-bpmn-reset-expired-jobs] INFO  o.f.j.s.i.asyncexecutor.ResetExpiredJobsRunnable - stopped resetting expired jobs for engine bpmn
2026-06-25 20:57:52 [SpringApplicationShutdownHook] INFO  com.zaxxer.hikari.HikariDataSource - HikariPool-1 - Shutdown initiated...
2026-06-25 20:57:52 [SpringApplicationShutdownHook] INFO  com.zaxxer.hikari.HikariDataSource - HikariPool-1 - Shutdown completed.
